as_of_date,gop_control_prob,expected_gop_seats,median_gop_seats,gop_seat_q05,gop_seat_q25,gop_seat_q75,gop_seat_q95,dem_control_prob,generic_ballot_margin_dem,trump_net_approval,right_track_net,districts_polled,districts_open,national_mean_margin_dem,national_election_day_sd,visible_national_poll_rows,approval_adjustment_to_national_margin,trump_approve_pct,trump_disapprove_pct
2026-04-01,0.1362,203.89504,204.0,182.0,196.0,212.0,224.0,0.8638,4.692166794560158,-17.4,-25.1,0,65,4.729946070382857,2.7636701997476063,183,0.0377792758226984,39.5,56.9
2026-04-02,0.13584,203.89666,204.0,182.0,196.0,212.0,224.0,0.86416,4.692166794560158,-17.4,-25.1,0,65,4.729946070382857,2.758436690042564,183,0.0377792758226984,39.5,56.9
2026-04-03,0.1354,203.89666,204.0,183.0,196.0,212.0,224.0,0.8646,4.692166794560158,-17.4,-25.1,0,65,4.729946070382857,2.753193232044016,183,0.0377792758226984,39.5,56.9
2026-04-04,0.1356,203.93454,204.0,183.0,196.0,212.0,224.0,0.8644,4.692166794560158,-16.1,-28.000000000000004,0,65,4.71764877308556,2.7479397688037075,183,0.0254819785254012,40.4,56.5
2026-04-05,0.13522,203.93594,204.0,183.0,196.0,212.0,224.0,0.86478,4.692166794560158,-16.1,-28.000000000000004,0,65,4.71764877308556,2.7426762428279745,183,0.0254819785254012,40.4,56.5
2026-04-06,0.13474,203.93758,204.0,183.0,196.0,212.0,224.0,0.86526,4.692166794560158,-16.1,-28.000000000000004,0,65,4.71764877308556,2.7374025960704014,183,0.0254819785254012,40.4,56.5
2026-04-07,0.13524,203.99782,204.0,183.0,196.0,212.0,224.0,0.86476,4.692166794560158,-14.0,-25.8,0,65,4.697783908220695,2.732118769924356,183,0.0056171136605369,41.6,55.6
2026-04-08,0.12918,203.75924,204.0,183.0,196.0,212.0,224.0,0.87082,4.692166794560158,-14.4,-27.3,0,65,4.701567692004478,2.726824705215386,183,0.00940089744432,41.0,55.4
2026-04-09,0.12824,203.72402,204.0,183.0,196.0,212.0,224.0,0.87176,4.692166794560158,-15.700000000000005,-26.0,0,65,4.7138649893017766,2.721520342193491,183,0.0216981947416181,40.3,56.0
2026-04-10,0.12796,203.73886,204.0,183.0,196.0,212.0,224.0,0.87204,4.692166794560158,-15.199999999999996,-26.1,0,65,4.709135259572046,2.716205620525253,183,0.0169684650118879,40.1,55.3
2026-04-11,0.12782,203.76484,204.0,183.0,196.0,212.0,224.0,0.87218,4.692166794560158,-14.300000000000004,-26.1,0,65,4.700621746058533,2.7108804792858305,183,0.0084549514983747,40.8,55.1
2026-04-12,0.12724,203.76506,204.0,183.0,196.0,212.0,224.0,0.87276,4.692166794560158,-14.300000000000004,-26.1,0,65,4.700621746058533,2.705544856950809,183,0.0084549514983747,40.8,55.1
2026-04-13,0.1264,203.73544,204.0,183.0,196.0,212.0,224.0,0.8736,4.692166794560158,-15.4,-26.1,0,65,4.711027151463939,2.7001986913879086,183,0.0188603569037804,40.6,56.0
2026-04-14,0.12602,203.73664,204.0,183.0,196.0,212.0,224.0,0.87398,4.692166794560158,-15.4,-24.0,0,65,4.71108572892433,2.6954025454761656,183,0.018918934364172,40.6,56.0
2026-04-15,0.12572,203.71998,204.0,183.0,196.0,212.0,224.0,0.87428,4.692166794560158,-15.900000000000006,-24.5,0,64,4.716492844198835,2.6951118274450816,183,0.0243260496386765,40.3,56.2
2026-04-16,0.12572,203.7213,204.0,183.0,196.0,212.0,224.0,0.87428,4.692166794560158,-15.799999999999995,-24.5,0,63,4.716152516636445,2.694813168772193,183,0.0239857220762864,40.2,56.0
2026-04-17,0.1262,203.7503,204.0,183.0,196.0,212.0,224.0,0.8738,4.692166794560158,-14.800000000000004,-24.5,0,63,4.7065018510608105,2.6945065853076606,183,0.0143350565006521,40.8,55.6
2026-04-18,0.12688,203.80236,204.0,183.0,196.0,212.0,224.0,0.87312,4.692166794560158,-13.1,-23.4,0,63,4.688936694991942,2.69419209278124,183,-0.0032300995682161,41.8,54.9
2026-04-19,0.12476,203.66432,204.0,183.0,196.0,212.0,224.0,0.87524,4.692166794560158,-17.4,-25.1,0,63,4.735353394936483,2.6938697068029045,183,0.043186600376325,39.5,56.9
2026-04-20,0.12468,203.66104,204.0,183.0,196.0,212.0,224.0,0.87532,4.692166794560158,-17.4,-25.1,0,63,4.736406457747214,2.693539442863455,183,0.0442396631870556,39.5,56.9
2026-04-21,0.12458,203.65816,204.0,183.0,196.0,212.0,224.0,0.87542,4.692166794560158,-17.4,-25.1,0,63,4.737457884588992,2.6932013163351223,183,0.0452910900288339,39.5,56.9
2026-04-22,0.10392,202.15462,202.0,181.0,194.0,210.0,222.0,0.89608,4.692166794560158,-17.4,-25.1,0,63,4.738507679271158,2.6928553424721664,183,0.0463408847109994,39.5,56.9
2026-04-23,0.10388,202.15156,202.0,181.0,194.0,210.0,222.0,0.89612,4.692166794560158,-17.4,-25.1,0,63,4.739555845591235,2.692501536411467,183,0.047389051031077,39.5,56.9
2026-04-24,0.10378,202.14858,202.0,181.0,194.0,210.0,222.0,0.89622,4.692166794560158,-17.4,-25.1,0,63,4.7406023873349765,2.692139913173108,183,0.0484355927748181,39.5,56.9
2026-04-25,0.10366,202.14596,202.0,181.0,194.0,210.0,222.0,0.89634,4.692166794560158,-17.4,-25.1,0,63,4.741647308276408,2.691770487660956,183,0.0494805137162499,39.5,56.9
2026-04-26,0.10366,202.14292,202.0,181.0,194.0,210.0,222.0,0.89634,4.692166794560158,-17.4,-25.1,0,63,4.742690612177873,2.6913932746632296,183,0.0505238176177149,39.5,56.9
2026-04-27,0.10362,202.13998,202.0,181.0,194.0,210.0,222.0,0.89638,4.692166794560158,-17.4,-25.1,0,63,4.743732302790084,2.691008288853068,183,0.0515655082299257,39.5,56.9
2026-04-28,0.10358,202.13666,202.0,181.0,194.0,210.0,222.0,0.89642,4.692166794560158,-17.4,-25.1,0,63,4.7447723838521565,2.690615544789087,183,0.0526055892919981,39.5,56.9
2026-04-29,0.10356,202.13356,202.0,181.0,194.0,210.0,222.0,0.89644,4.692166794560158,-17.4,-25.1,0,64,4.745810859091665,2.690215056915931,183,0.0536440645315066,39.5,56.9
2026-04-30,0.10356,202.13046,202.0,181.0,194.0,210.0,222.0,0.89644,4.692166794560158,-17.4,-25.1,0,64,4.746847732224681,2.6898068395648216,183,0.0546809376645223,39.5,56.9
2026-05-01,0.10352,202.12722,202.0,181.0,194.0,210.0,222.0,0.89648,4.692166794560158,-17.4,-25.1,0,64,4.747883006955818,2.6893909069540967,183,0.0557162123956596,39.5,56.9
2026-05-02,0.10344,202.12462,202.0,181.0,194.0,210.0,222.0,0.89656,4.692166794560158,-17.4,-25.1,0,64,4.748916686978277,2.688967273189743,183,0.0567498924181189,39.5,56.9
2026-05-03,0.10334,202.12128,202.0,181.0,194.0,210.0,222.0,0.89666,4.692166794560158,-17.4,-25.1,0,64,4.749948775973892,2.6885359522659265,183,0.0577819814137336,39.5,56.9
2026-05-04,0.1033,202.11842,202.0,181.0,194.0,210.0,222.0,0.8967,4.692166794560158,-17.4,-25.1,0,64,4.750979277613169,2.688096958065511,183,0.0588124830530105,39.5,56.9
2026-05-05,0.10324,202.11504,202.0,181.0,194.0,210.0,222.0,0.89676,4.692166794560158,-17.4,-25.1,0,64,4.752008195555333,2.6876503043605786,183,0.0598414009951744,39.5,56.9
2026-05-06,0.12412,202.91074,203.0,182.0,195.0,211.0,224.0,0.87588,4.692166794560158,-17.4,-25.1,0,64,4.7530355334483705,2.687196004812934,183,0.060868738888212,39.5,56.9
2026-05-07,0.12408,202.90796,203.0,182.0,195.0,211.0,224.0,0.87592,4.692166794560158,-17.4,-25.1,0,64,4.754061294929073,2.6867340729746148,183,0.0618945003689148,39.5,56.9
2026-05-08,0.12404,202.9049,203.0,182.0,195.0,211.0,224.0,0.87596,4.692166794560158,-17.4,-25.1,0,64,4.755085483623079,2.686264522288383,183,0.0629186890629203,39.5,56.9
2026-05-09,0.14554,204.4109,205.0,183.0,196.0,213.0,225.0,0.85446,4.692166794560158,-17.4,-25.1,0,64,4.756108103144918,2.685787366088224,183,0.0639413085847593,39.5,56.9
2026-05-10,0.14546,204.40764,205.0,183.0,196.0,213.0,225.0,0.85454,4.692166794560158,-17.4,-25.1,0,64,4.757129157098051,2.685302617599829,183,0.0649623625378925,39.5,56.9
2026-05-11,0.1453,204.40456,205.0,183.0,196.0,213.0,225.0,0.8547,4.692166794560158,-17.4,-25.1,0,64,4.758148649074914,2.684810289941078,183,0.0659818545147556,39.5,56.9
2026-05-12,0.14524,204.402,205.0,183.0,196.0,213.0,225.0,0.85476,4.692166794560158,-17.4,-25.1,0,64,4.759166582656963,2.6843103961225148,183,0.0669997880968047,39.5,56.9
2026-05-13,0.14508,204.39944,205.0,183.0,196.0,213.0,225.0,0.85492,4.692166794560158,-17.4,-25.1,0,64,4.760182961414709,2.683802949047817,183,0.0680161668545507,39.5,56.9
2026-05-14,0.14502,204.3963,205.0,183.0,196.0,213.0,225.0,0.85498,4.692166794560158,-17.4,-25.1,0,64,4.761197788907768,2.68328796151426,183,0.0690309943476092,39.5,56.9
2026-05-15,0.14494,204.39342,205.0,183.0,196.0,213.0,225.0,0.85506,4.692166794560158,-17.4,-25.1,0,64,4.762211068684896,2.6827654462131774,183,0.0700442741247373,39.5,56.9
2026-05-16,0.14482,204.39092,205.0,183.0,196.0,213.0,225.0,0.85518,4.692166794560158,-17.4,-25.1,0,65,4.763222804284032,2.6822354157304105,183,0.0710560097238737,39.5,56.9
2026-05-17,0.14468,204.38804,205.0,183.0,196.0,213.0,225.0,0.85532,4.692166794560158,-17.4,-25.1,0,65,4.764232999232342,2.681697882546761,183,0.0720662046721836,39.5,56.9
2026-05-18,0.14452,204.38502,205.0,183.0,196.0,213.0,225.0,0.85548,4.692166794560158,-17.4,-25.1,0,65,4.765241657046257,2.681152859038431,183,0.0730748624860986,39.5,56.9
2026-05-19,0.14446,204.38224,205.0,183.0,196.0,213.0,225.0,0.85554,4.692166794560158,-17.4,-25.1,0,65,4.766248781231515,2.68060035747746,183,0.0740819866713566,39.5,56.9
2026-05-20,0.14436,204.37932,205.0,183.0,196.0,213.0,225.0,0.85564,4.692166794560158,-17.4,-25.1,0,66,4.767254375283201,2.6800403900321585,183,0.0750875807230428,39.5,56.9
2026-05-21,0.1443,204.37642,205.0,183.0,196.0,213.0,225.0,0.8557,4.692166794560158,-17.4,-25.1,0,66,4.768258442685791,2.679472968767533,183,0.0760916481256321,39.5,56.9
2026-05-22,0.14424,204.3737,205.0,183.0,196.0,213.0,225.0,0.85576,4.692166794560158,-17.4,-25.1,0,66,4.769260986913182,2.678898105645708,183,0.0770941923530239,39.5,56.9
2026-05-23,0.14418,204.37046,205.0,183.0,196.0,213.0,225.0,0.85582,4.692166794560158,-17.4,-25.1,0,66,4.770262011428747,2.6783158125263427,183,0.0780952168685882,39.5,56.9
2026-05-24,0.1441,204.36756,205.0,183.0,196.0,213.0,225.0,0.8559,4.692166794560158,-17.4,-25.1,0,66,4.7712615196853605,2.677726101167042,183,0.0790947251252021,39.5,56.9
2026-05-25,0.14402,204.3647,205.0,183.0,196.0,213.0,225.0,0.85598,4.692166794560158,-17.4,-25.1,0,66,4.77225951512545,2.6771289832237626,183,0.0800927205652914,39.5,56.9
2026-05-26,0.1439,204.36208,205.0,183.0,196.0,213.0,225.0,0.8561,4.692166794560158,-17.4,-25.1,0,68,4.773256001181028,2.676524470251213,183,0.0810892066208692,39.5,56.9
2026-05-27,0.14376,204.359,205.0,183.0,196.0,213.0,225.0,0.85624,4.692166794560158,-17.4,-25.1,0,68,4.774250981273731,2.675912573703252,183,0.0820841867135726,39.5,56.9
2026-05-28,0.14374,204.35582,205.0,183.0,196.0,213.0,225.0,0.85626,4.692166794560158,-17.4,-25.1,0,69,4.775244458814867,2.6752933049332746,183,0.0830776642547084,39.5,56.9
2026-05-29,0.14364,204.35308,205.0,183.0,196.0,213.0,225.0,0.85636,4.692166794560158,-17.4,-25.1,0,69,4.776236437205443,2.6746666751946044,183,0.0840696426452849,39.5,56.9
2026-05-30,0.14354,204.35014,205.0,183.0,196.0,213.0,225.0,0.85646,4.692166794560158,-17.4,-25.1,0,70,4.777226919836213,2.67403269564087,183,0.0850601252760547,39.5,56.9
2026-05-31,0.1435,204.34714,205.0,183.0,196.0,213.0,225.0,0.8565,4.692166794560158,-17.4,-25.1,0,70,4.778215910087712,2.6733913773263835,183,0.0860491155275537,39.5,56.9
2026-06-01,0.1434,204.34428,205.0,183.0,196.0,213.0,225.0,0.8566,4.692166794560158,-17.4,-25.1,0,70,4.779203411330297,2.672742731206508,183,0.0870366167701384,39.5,56.9
2026-06-02,0.1433,204.34158,205.0,183.0,196.0,213.0,225.0,0.8567,4.692166794560158,-17.4,-25.1,0,70,4.780189426924181,2.672086768138031,183,0.0880226323640229,39.5,56.9
2026-06-03,0.14314,204.33884,205.0,183.0,196.0,213.0,225.0,0.85686,4.692166794560158,-17.4,-25.1,0,70,4.781173960219476,2.6714234988795185,183,0.0890071656593178,39.5,56.9
2026-06-04,0.15698,204.84944,205.0,183.0,197.0,213.0,226.0,0.84302,4.692166794560158,-17.4,-25.1,0,70,4.782157014556231,2.6707529340916767,183,0.0899902199960722,39.5,56.9
2026-06-05,0.15684,204.84644,205.0,183.0,197.0,213.0,226.0,0.84316,4.692166794560158,-17.4,-25.1,0,70,4.783138593264461,2.6700750843377024,183,0.0909717987043023,39.5,56.9
2026-06-06,0.15682,204.84366,205.0,183.0,197.0,213.0,226.0,0.84318,4.692166794560158,-17.4,-25.1,0,70,4.784118699664201,2.6693899600836306,183,0.0919519051040422,39.5,56.9
2026-06-07,0.15664,204.8406,205.0,183.0,197.0,213.0,226.0,0.84336,4.692166794560158,-17.4,-25.1,0,70,4.785097337065525,2.668697571698677,183,0.0929305425053668,39.5,56.9
2026-06-08,0.15656,204.83818,205.0,183.0,197.0,213.0,226.0,0.84344,4.692166794560158,-17.4,-25.1,0,70,4.786074508768597,2.667997929455577,183,0.0939077142084388,39.5,56.9
2026-06-09,0.1564,204.83532,205.0,183.0,197.0,213.0,226.0,0.8436,4.692166794560158,-17.4,-25.1,0,70,4.787050218063701,2.6672910435309176,183,0.0948834235035427,39.5,56.9
2026-06-10,0.1563,204.83248,205.0,183.0,197.0,213.0,226.0,0.8437,4.692166794560158,-17.4,-25.1,0,70,4.788024468231282,2.666576924005468,183,0.0958576736711238,39.5,56.9
2026-06-11,0.1562,204.82964,205.0,183.0,197.0,213.0,226.0,0.8438,4.692166794560158,-17.4,-25.1,0,70,4.78899726254198,2.665855580864501,183,0.0968304679818219,39.5,56.9
2026-06-12,0.1539,204.66218,205.0,183.0,196.0,213.0,225.0,0.8461,4.692166794560158,-17.4,-25.1,0,70,4.789968604256665,2.6651270239981177,183,0.0978018096965067,39.5,56.9
2026-06-13,0.1538,204.65974,205.0,183.0,196.0,213.0,225.0,0.8462,4.692166794560158,-17.4,-25.1,0,70,4.790938496626481,2.6643912632015567,183,0.0987717020663225,39.5,56.9
2026-06-14,0.1537,204.65714,205.0,183.0,196.0,213.0,225.0,0.8463,4.692166794560158,-17.4,-25.1,0,70,4.791906942892871,2.663648308175511,183,0.09974014833271294,39.5,56.9
