district_code,state_abbr,district_name,latitude,longitude,winner_2024,votes_dem_2024,votes_gop_2024,votes_other_2024,percent_dem_2024,percent_gop_2024,percent_other_2024,two_party_dem_pct_2024,two_party_gop_pct_2024,two_party_dem_margin_2024,square_miles,geoidfq
AL-01,AL,AL-1,31.03,-86.79,Barry Moore,70929.0,258619.0,306.0,21.5,78.4,0.09,21.523116511100053,78.47688348889996,-56.9537669777999,7241.0,5001900US0101
AL-02,AL,AL-2,31.76,-86.63,Shomari Figures,158041.0,131414.0,219.0,54.56,45.37,0.08,54.59950596811248,45.40049403188751,9.19901193622497,9465.0,5001900US0102
AL-03,AL,AL-3,33.41,-85.77,Mike Rogers,,243848.0,5160.0,,97.93,2.07,0.0,100.0,-100.0,6690.0,5001900US0103
AL-04,AL,AL-4,34.12,-87.28,Robert B. Aderholt,,274498.0,3374.0,,98.79,1.21,0.0,100.0,-100.0,8630.0,5001900US0104
AL-05,AL,AL-5,34.69,-86.68,Dale Strong,,250322.0,12088.0,,95.39,4.61,0.0,100.0,-100.0,3902.0,5001900US0105
AL-06,AL,AL-6,32.96,-86.6,Gary Palmer,102504.0,243741.0,380.0,29.57,70.32,0.11,29.60447082268336,70.39552917731665,-40.791058354633286,4448.0,5001900US0106
AL-07,AL,AL-7,32.51,-87.61,Terri A. Sewell,186723.0,106312.0,185.0,63.68,36.26,0.06,63.720374699268,36.27962530073199,27.440749398536006,10275.0,5001900US0107
AK-AL,AK,AK-AL,63.42,-152.81,Nick Begich,152828.0,159550.0,13760.0,46.37,48.41,4.18,48.92405995300565,51.07594004699435,-2.1518800939886944,571239.0,5001900US0200
AZ-01,AZ,AZ-1,33.7,-111.66,David Schweikert,208966.0,225538.0,,48.09,51.91,,48.09299799311399,51.90700200688602,-3.814004013772028,1597.0,5001900US0401
AZ-02,AZ,AZ-2,35.12,-111.07,Eli Crane,184963.0,221413.0,,45.52,54.48,,45.51523712030238,54.48476287969763,-8.969525759395246,58353.0,5001900US0402
AZ-03,AZ,AZ-3,33.42,-112.12,Yassamin Ansari,143336.0,53705.0,5008.0,70.94,26.58,2.48,72.7442511964515,27.255748803548503,45.488502392903,206.0,5001900US0403
AZ-04,AZ,AZ-4,33.39,-111.86,Greg Stanton,176428.0,152052.0,6065.0,52.74,45.45,1.81,53.71042377009256,46.28957622990745,7.4208475401851,179.0,5001900US0404
AZ-05,AZ,AZ-5,33.29,-111.64,Andy Biggs,167680.0,255628.0,,39.61,60.39,,39.61181928997326,60.38818071002674,-20.77636142005348,405.0,5001900US0405
AZ-06,AZ,AZ-6,32.37,-109.96,Juan Ciscomani,204774.0,215596.0,10759.0,47.5,50.01,2.5,48.71280062801818,51.28719937198183,-2.5743987439636484,13692.0,5001900US0406
AZ-07,AZ,AZ-7,32.27,-112.3,Ra�l M. Grijalva,171954.0,99057.0,,63.45,36.55,,63.449085092487024,36.550914907512976,26.89817018497405,15418.0,5001900US0407
AZ-08,AZ,AZ-8,33.79,-112.2,"Abraham ""Abe"" Hamadeh",160344.0,208269.0,,43.5,56.5,,43.49927973240227,56.50072026759773,-13.001440535195457,575.0,5001900US0408
AZ-09,AZ,AZ-9,34.65,-113.71,Paul Gosar,132640.0,249583.0,,34.7,65.3,,34.70225496634164,65.29774503365836,-30.59549006731672,23229.0,5001900US0409
AR-01,AR,AR-1,35.36,-91.32,Rick Crawford,64113.0,194711.0,8353.0,24.0,72.88,3.13,24.770886780205853,75.22911321979414,-50.45822643958829,19849.0,5001900US0501
AR-02,AR,AR-2,35.16,-92.36,French Hill,125777.0,180509.0,,41.07,58.93,,41.06521355856944,58.93478644143055,-17.869572882861114,5302.0,5001900US0502
AR-03,AR,AR-3,36.01,-94.03,Steve Womack,95652.0,192101.0,13331.0,31.77,63.8,4.43,33.2410087818372,66.7589912181628,-33.5179824363256,4165.0,5001900US0503
AR-04,AR,AR-4,34.21,-93.15,Bruce Westerman,73207.0,197046.0,,27.09,72.91,,27.088320943708304,72.9116790562917,-45.8233581125834,22677.0,5001900US0504
CA-01,CA,CA-1,40.76,-121.71,Doug LaMalfa,110636.0,208592.0,,34.66,65.34,,34.65736088313055,65.34263911686945,-30.6852782337389,26393.0,5001900US0601
CA-02,CA,CA-2,40.08,-123.46,Jared Huffman,272883.0,106734.0,,71.88,28.12,,71.8837670599578,28.1162329400422,43.7675341199156,13038.0,5001900US0602
CA-03,CA,CA-3,37.85,-118.87,Kevin Kiley,188067.0,234246.0,,44.53,55.47,,44.53260969944093,55.46739030055906,-10.934780601118128,21667.0,5001900US0603
CA-04,CA,CA-4,38.72,-122.33,Mike Thompson,227730.0,114950.0,,66.46,33.54,,66.45558538578265,33.544414614217345,32.91117077156531,3780.0,5001900US0604
CA-05,CA,CA-5,37.71,-119.85,Tom McClintock,140919.0,227643.0,,38.23,61.77,,38.23481530922884,61.76518469077116,-23.530369381542314,9808.0,5001900US0605
CA-06,CA,CA-6,38.63,-121.37,Ami Bera,165408.0,121664.0,,57.62,42.38,,57.61899453795564,42.38100546204437,15.237989075911273,252.0,5001900US0606
CA-07,CA,CA-7,38.36,-121.38,Doris Matsui,197429.0,98341.0,,66.75,33.25,,66.75085370389154,33.249146296108464,33.50170740778307,680.0,5001900US0607
CA-08,CA,CA-8,38.11,-122.11,John Garamendi,201962.0,71068.0,,73.97,26.03,,73.97062593854156,26.029374061458448,47.94125187708311,481.0,5001900US0608
CA-09,CA,CA-9,37.98,-121.22,Josh Harder,130183.0,121174.0,,51.79,48.21,,51.79207262976563,48.207927370234366,3.5841452595312617,1347.0,5001900US0609
CA-10,CA,CA-10,37.89,-121.88,Mark DeSaulnier,242325.0,122219.0,,66.47,33.53,,66.47345725070225,33.526542749297754,32.9469145014045,537.0,5001900US0610
CA-11,CA,CA-11,37.76,-122.7,Nancy Pelosi,274796.0,64315.0,,81.03,18.97,,81.03423362851692,18.965766371483085,62.06846725703383,41.0,5001900US0611
CA-12,CA,CA-12,37.78,-122.24,Lateefah Simon,185176.0,,,65.43,,,100.0,0.0,100.0,93.0,5001900US0612
CA-13,CA,CA-13,36.92,-120.58,Adam Gray,105554.0,105367.0,,50.04,49.96,,50.04432939346959,49.9556706065304,0.0886587869391846,6293.0,5001900US0613
CA-14,CA,CA-14,37.63,-121.84,Eric Swalwell,187263.0,89125.0,,67.75,32.25,,67.75366513741552,32.24633486258448,35.50733027483104,580.0,5001900US0614
CA-15,CA,CA-15,37.6,-122.31,Kevin Mullin,211648.0,77896.0,,73.1,26.9,,73.09700770867295,26.902992291327056,46.194015417345895,116.0,5001900US0615
CA-16,CA,CA-16,37.35,-122.28,Sam Liccardo,179583.0,,,58.22,,,100.0,0.0,100.0,529.0,5001900US0616
CA-17,CA,CA-17,37.43,-121.96,Ro Khanna,172462.0,82415.0,,67.66,32.34,,67.66479517571221,32.33520482428779,35.32959035142442,179.0,5001900US0617
CA-18,CA,CA-18,36.48,-121.16,Zoe Lofgren,147674.0,80832.0,,64.63,35.37,,64.6258741564773,35.374125843522705,29.25174831295459,4573.0,5001900US0618
CA-19,CA,CA-19,36.23,-121.36,Jimmy Panetta,252458.0,111862.0,,69.3,30.7,,69.29567413263065,30.70432586736935,38.5913482652613,2817.0,5001900US0619
CA-20,CA,CA-20,35.77,-118.67,Vince Fong,,187862.0,,,65.05,,0.0,100.0,-100.0,9673.0,5001900US0620
CA-21,CA,CA-21,36.55,-119.48,Jim Costa,102798.0,92733.0,,52.57,47.43,,52.57376068244933,47.426239317550674,5.147521364898658,891.0,5001900US0621
CA-22,CA,CA-22,35.77,-119.5,David G. Valadao,78023.0,89484.0,,46.58,53.42,,46.57894893944731,53.42105106055269,-6.842102121105384,4313.0,5001900US0622
CA-23,CA,CA-23,34.92,-116.44,Jay Obernolte,105563.0,159286.0,,39.86,60.14,,39.85780576857002,60.14219423142998,-20.284388462859965,17967.0,5001900US0623
CA-24,CA,CA-24,34.73,-120.07,Salud Carbajal,214724.0,127755.0,,62.7,37.3,,62.69698288070218,37.30301711929783,25.393965761404356,4886.0,5001900US0624
CA-25,CA,CA-25,33.65,-115.33,Raul Ruiz,137837.0,107194.0,,56.25,43.75,,56.25288228836352,43.74711771163648,12.505764576727032,11956.0,5001900US0625
CA-26,CA,CA-26,34.45,-119.06,Julia Brownley,187393.0,146913.0,,56.05,43.95,,56.05433345497838,43.94566654502163,12.108666909956746,1715.0,5001900US0626
CA-27,CA,CA-27,34.6,-118.37,George Whitesides,154040.0,146050.0,,51.33,48.67,,51.33126728648072,48.66873271351928,2.662534572961441,1516.0,5001900US0627
CA-28,CA,CA-28,34.27,-117.85,Judy Chu,204489.0,110455.0,,64.93,35.07,,64.92868573460679,35.07131426539321,29.85737146921357,788.0,5001900US0628
CA-29,CA,CA-29,34.29,-118.39,Luz Maria Rivas,146312.0,63374.0,,69.78,30.22,,69.77671375294487,30.22328624705512,39.55342750588975,129.0,5001900US0629
CA-30,CA,CA-30,34.23,-118.28,Laura Friedman,213100.0,98559.0,,68.38,31.62,,68.3760135276055,31.62398647239451,36.75202705521099,179.0,5001900US0630
CA-31,CA,CA-31,34.15,-117.89,Gil Cisneros,148095.0,99856.0,,59.73,40.27,,59.72752680973257,40.27247319026743,19.455053619465133,208.0,5001900US0631
CA-32,CA,CA-32,34.1,-118.66,Brad Sherman,212934.0,108711.0,,66.2,33.8,,66.20155761787063,33.798442382129366,32.40311523574127,296.0,5001900US0632
CA-33,CA,CA-33,34.12,-117.34,Pete Aguilar,137197.0,96078.0,,58.81,41.19,,58.81341764012432,41.186582359875686,17.626835280248635,189.0,5001900US0633
CA-34,CA,CA-34,34.07,-118.22,Jimmy Gomez,105394.0,,,55.64,,,100.0,0.0,100.0,50.0,5001900US0634
CA-35,CA,CA-35,34.04,-117.62,Norma J. Torres,136413.0,97142.0,,58.41,41.59,,58.40722741966561,41.5927725803344,16.814454839331212,177.0,5001900US0635
CA-36,CA,CA-36,33.87,-118.42,Ted W. Lieu,246002.0,111985.0,,68.72,31.28,,68.71813780947352,31.28186219052647,37.43627561894705,97.0,5001900US0636
CA-37,CA,CA-37,34.01,-118.32,Sydney Kamlager-Dove,160364.0,,44450.0,78.3,,21.7,100.0,0.0,100.0,53.0,5001900US0637
CA-38,CA,CA-38,33.97,-117.97,Linda T. S?nchez,165110.0,110818.0,,59.84,40.16,,59.83807370038561,40.16192629961439,19.67614740077121,149.0,5001900US0638
CA-39,CA,CA-39,33.91,-117.32,Mark Takano,130191.0,99469.0,,56.69,43.31,,56.6885831228773,43.3114168771227,13.3771662457546,284.0,5001900US0639
CA-40,CA,CA-40,33.75,-117.67,Young Kim,171637.0,211998.0,,44.74,55.26,,44.7396613969007,55.2603386030993,-10.5206772061986,391.0,5001900US0640
CA-41,CA,CA-41,33.74,-116.93,Ken Calvert,171229.0,183216.0,,48.31,51.69,,48.30904653754462,51.69095346245539,-3.3819069249107727,1327.0,5001900US0641
CA-42,CA,CA-42,33.28,-118.42,Robert Garcia,159153.0,74410.0,,68.14,31.86,,68.14135800619104,31.858641993808952,36.28271601238209,212.0,5001900US0642
CA-43,CA,CA-43,33.91,-118.31,Maxine Waters,160080.0,53152.0,,75.07,24.93,,75.07315975088167,24.92684024911833,50.146319501763344,72.0,5001900US0643
CA-44,CA,CA-44,33.81,-118.24,Nanette Diaz Barrag?n,164765.0,66087.0,,71.37,28.63,,71.37256770571622,28.627432294283786,42.74513541143244,91.0,5001900US0644
CA-45,CA,CA-45,33.83,-117.97,Derek Tran,158264.0,157611.0,,50.1,49.9,,50.103363672338745,49.896636327661255,0.2067273446774891,104.0,5001900US0645
CA-46,CA,CA-46,33.79,-117.91,Lou Correa,134013.0,77279.0,,63.43,36.57,,63.425496469341006,36.574503530658994,26.85099293868201,75.0,5001900US0646
CA-47,CA,CA-47,33.63,-117.89,Dave Min,181721.0,171554.0,,51.44,48.56,,51.43896397990234,48.56103602009766,2.87792795980468,173.0,5001900US0647
CA-48,CA,CA-48,33.08,-116.64,Darrell E. Issa,146665.0,213625.0,,40.71,59.29,,40.70748563657054,59.29251436342946,-18.585028726858923,3615.0,5001900US0648
CA-49,CA,CA-49,33.31,-117.43,Mike Levin,197397.0,180950.0,,52.17,47.83,,52.173533819483175,47.826466180516825,4.347067638966351,496.0,5001900US0649
CA-50,CA,CA-50,32.89,-117.19,Scott Peters,231836.0,128859.0,,64.27,35.73,,64.27480281123941,35.72519718876059,28.549605622478825,257.0,5001900US0650
CA-51,CA,CA-51,32.84,-117.08,Sara Jacobs,198835.0,128749.0,,60.7,39.3,,60.69740890886002,39.30259109113998,21.39481781772004,190.0,5001900US0651
CA-52,CA,CA-52,32.63,-117.04,Juan Vargas,172217.0,87501.0,,66.31,33.69,,66.30922770081395,33.69077229918604,32.61845540162791,135.0,5001900US0652
CO-01,CO,CO-1,39.76,-104.88,Diana DeGette,264606.0,74598.0,6435.0,76.56,21.58,1.86,78.00792443485336,21.99207556514664,56.01584886970673,154.0,5001900US0801
CO-02,CO,CO-2,40.29,-106.17,Joe Neguse,284994.0,120633.0,11273.0,68.36,28.94,2.7,70.26011582069242,29.73988417930759,40.520231641384825,11445.0,5001900US0802
CO-03,CO,CO-3,38.46,-106.91,Jeff Hurd,182147.0,201951.0,13455.0,45.82,50.8,3.38,47.42201209066436,52.57798790933563,-5.155975818671273,49950.0,5001900US0803
CO-04,CO,CO-4,39.32,-103.25,Lauren Boebert,188249.0,240213.0,19345.0,42.04,53.64,4.32,43.93598498816698,56.06401501183302,-12.128030023666042,32138.0,5001900US0804
CO-05,CO,CO-5,38.81,-104.66,Jeff Crank,147972.0,197924.0,16185.0,40.87,54.66,4.47,42.779332516132015,57.22066748386799,-14.441334967735967,1472.0,5001900US0805
CO-06,CO,CO-6,39.68,-104.78,Jason Crow,202686.0,132174.0,8836.0,58.97,38.46,2.57,60.5285791076868,39.471420892313205,21.05715821537359,307.0,5001900US0806
CO-07,CO,CO-7,38.86,-105.63,Brittany Pettersen,235688.0,175273.0,14968.0,55.34,41.15,3.51,57.35045417935035,42.64954582064965,14.7009083587007,7161.0,5001900US0807
CO-08,CO,CO-8,40.18,-104.8,Gabe Evans,160871.0,163320.0,9418.0,48.22,48.96,2.82,49.62229056327905,50.37770943672094,-0.7554188734418901,1010.0,5001900US0808
CT-01,CT,CT-1,41.81,-72.81,John B. Larson,197788.0,115065.0,17629.0,59.85,34.82,5.33,63.22074584549293,36.77925415450707,26.441491690985856,656.0,5001900US0901
CT-02,CT,CT-2,41.65,-72.21,Joe Courtney,218162.0,157878.0,7.0,58.01,41.98,0.0,58.01563663440059,41.9843633655994,16.031273268801193,2021.0,5001900US0902
CT-03,CT,CT-3,41.37,-72.89,Rosa L. DeLauro,193684.0,130095.0,5144.0,58.88,39.55,1.56,59.81981536788983,40.18018463211017,19.63963073577966,474.0,5001900US0903
CT-04,CT,CT-4,41.19,-73.4,Jim Himes,200791.0,122793.0,5273.0,61.06,37.34,1.6,62.05220282832279,37.947797171677216,24.10440565664557,445.0,5001900US0904
CT-05,CT,CT-5,41.69,-73.22,Jahana Hayes,171337.0,157258.0,9010.0,50.75,46.58,2.67,52.14230283479664,47.85769716520337,4.284605669593269,1246.0,5001900US0905
DE-AL,DE,DE-AL,38.99,-75.45,Sarah McBride,287830.0,209606.0,,57.86,42.14,,57.86272002830515,42.13727997169485,15.725440056610296,1949.0,5001900US1000
FL-01,FL,FL-1,30.61,-86.83,Matt Gaetz,140980.0,274108.0,,33.96,66.04,,33.963882357476,66.03611764252399,-32.07223528504799,3198.0,5001900US1201
FL-02,FL,FL-2,30.26,-84.78,Neal Dunn,154323.0,247957.0,,38.36,61.64,,38.36208610917769,61.63791389082232,-23.27582778164463,9854.0,5001900US1202
FL-03,FL,FL-3,29.78,-82.73,Kat Cammack,150283.0,241174.0,,38.39,61.61,,38.39067892514375,61.60932107485624,-23.218642149712487,7322.0,5001900US1203
FL-04,FL,FL-4,30.33,-81.78,Aaron Bean,165912.0,222364.0,73.0,42.72,57.26,0.02,42.73042887018513,57.26957112981488,-14.539142259629749,1782.0,5001900US1204
FL-05,FL,FL-5,30.1,-81.46,John Rutherford,156570.0,267471.0,23.0,36.92,63.07,0.01,36.92331637742577,63.07668362257424,-26.153367245148463,592.0,5001900US1205
FL-06,FL,FL-6,29.34,-81.59,Michael Waltz,143050.0,284414.0,10.0,33.46,66.53,0.0,33.46480639305298,66.53519360694702,-33.07038721389404,3410.0,5001900US1206
FL-07,FL,FL-7,28.86,-81.08,Cory Mills,179917.0,233937.0,,43.47,56.53,,43.473543810135936,56.526456189864064,-13.052912379728127,834.0,5001900US1207
FL-08,FL,FL-8,28.15,-80.68,Mike Haridopolos,170096.0,280352.0,,37.76,62.24,,37.76151742265478,62.23848257734522,-24.476965154690447,1640.0,5001900US1208
FL-09,FL,FL-9,28.12,-81.17,Darren Soto,178785.0,138076.0,7412.0,55.13,42.58,2.29,56.42379466075029,43.5762053392497,12.847589321500584,1650.0,5001900US1209
FL-10,FL,FL-10,28.54,-81.29,Maxwell Frost,181455.0,109460.0,,62.37,37.63,,62.373889280374,37.62611071962601,24.74777856074798,257.0,5001900US1210
FL-11,FL,FL-11,28.58,-81.85,Daniel Webster,176726.0,269277.0,,39.62,60.38,,39.62439714531068,60.37560285468931,-20.75120570937863,1600.0,5001900US1211
FL-12,FL,FL-12,28.59,-82.56,Gus Bilirakis,124949.0,306487.0,,28.96,71.04,,28.961190072223925,71.03880992777609,-42.07761985555216,1651.0,5001900US1212
FL-13,FL,FL-13,27.92,-82.83,Anna Luna,185930.0,225636.0,27.0,45.17,54.82,0.01,45.17622932895332,54.82377067104669,-9.647541342093367,228.0,5001900US1213
FL-14,FL,FL-14,27.88,-82.54,Kathy Castor,199423.0,145643.0,5119.0,56.95,41.59,1.46,57.79271211884104,42.20728788115897,15.58542423768207,269.0,5001900US1214
FL-15,FL,FL-15,28.11,-82.22,Laurel Lee,152361.0,195334.0,,43.82,56.18,,43.82030227642043,56.17969772357957,-12.359395447159145,654.0,5001900US1215
FL-16,FL,FL-16,27.57,-82.38,Vern Buchanan,168625.0,247516.0,,40.52,59.48,,40.5211214468173,59.47887855318269,-18.957757106365385,1154.0,5001900US1216
FL-17,FL,FL-17,27.0,-82.16,Greg Steube,164566.0,291347.0,8.0,36.1,63.9,0.0,36.09592180964351,63.90407819035649,-27.808156380712987,1454.0,5001900US1217
FL-18,FL,FL-18,27.27,-81.39,Scott Franklin,119637.0,225170.0,,34.7,65.3,,34.69680139904352,65.30319860095648,-30.606397201912955,6450.0,5001900US1218
FL-19,FL,FL-19,26.4,-81.97,Byron Donalds,140038.0,275708.0,,33.68,66.32,,33.68354716581759,66.3164528341824,-32.632905668364806,679.0,5001900US1219
FL-20,FL,FL-20,26.45,-80.58,Sheila Cherfilus-McCormick,,,,,,,,,,2152.0,5001900US1220
FL-21,FL,FL-21,27.14,-80.38,Brian Mast,171312.0,277435.0,19.0,38.17,61.82,0.0,38.175631257702,61.824368742298,-23.648737484596,1506.0,5001900US1221
FL-22,FL,FL-22,26.57,-80.12,Lois Frankel,201608.0,165248.0,,54.96,45.04,,54.95562291471313,45.04437708528687,9.911245829426264,251.0,5001900US1222
FL-23,FL,FL-23,26.28,-80.13,Jared Moskowitz,196311.0,178006.0,,52.45,47.55,,52.44512004530919,47.55487995469081,4.890240090618377,165.0,5001900US1223
FL-24,FL,FL-24,25.88,-80.16,Frederica Wilson,194874.0,90692.0,22.0,68.24,31.76,0.01,68.24131724364946,31.75868275635055,36.48263448729891,100.0,5001900US1224
FL-25,FL,FL-25,26.05,-80.27,Debbie Wasserman Schultz,186942.0,156208.0,41.0,54.47,45.52,0.01,54.478216523386266,45.52178347661373,8.956433046772538,199.0,5001900US1225
FL-26,FL,FL-26,26.04,-81.16,Mario Diaz-Balart,89072.0,217199.0,,29.08,70.92,,29.082740448818207,70.9172595511818,-41.83451910236359,2301.0,5001900US1226
FL-27,FL,FL-27,25.66,-80.24,Maria Salazar,130708.0,199159.0,,39.62,60.38,,39.6244547044718,60.3755452955282,-20.7510905910564,119.0,5001900US1227
FL-28,FL,FL-28,25.13,-81.2,Carlos Gimenez,115280.0,210057.0,,35.43,64.57,,35.43402687059879,64.56597312940121,-29.131946258802422,2185.0,5001900US1228
GA-01,GA,GA-1,31.42,-81.81,"Earl L. ""Buddy"" Carter",135281.0,220576.0,,38.02,61.98,,38.01555119050629,61.9844488094937,-23.968897618987405,7360.0,5001900US1301
GA-02,GA,GA-2,31.77,-84.4,Sanford Bishop,176028.0,136473.0,,56.33,43.67,,56.32877974790481,43.6712202520952,12.657559495809616,9953.0,5001900US1302
GA-03,GA,GA-3,33.2,-84.77,Brian Jack,138749.0,273036.0,,33.69,66.31,,33.694525055550834,66.30547494444916,-32.610949888898325,4166.0,5001900US1303
GA-04,GA,GA-4,33.83,-84.19,"Henry 'Hank' Johnson, Jr.",229290.0,74071.0,,75.58,24.42,,75.58321603633954,24.416783963660457,51.16643207267908,269.0,5001900US1304
GA-05,GA,GA-5,33.7,-84.38,Nikema Williams,294470.0,49221.0,,85.68,14.32,,85.67870558146707,14.321294418532926,71.35741116293414,225.0,5001900US1305
GA-06,GA,GA-6,33.7,-84.59,Lucy McBath,277027.0,93909.0,,74.68,25.32,,74.68323376539348,25.316766234606508,49.36646753078698,517.0,5001900US1306
GA-07,GA,GA-7,34.34,-84.14,Rich McCormick,149535.0,275907.0,,35.15,64.85,,35.148151804476285,64.85184819552371,-29.70369639104743,1101.0,5001900US1307
GA-08,GA,GA-8,31.73,-83.3,Austin Scott,104434.0,231547.0,,31.08,68.92,,31.0833053059548,68.9166946940452,-37.8333893880904,10928.0,5001900US1308
GA-09,GA,GA-9,34.6,-83.82,Andrew Clyde,121754.0,271062.0,,31.0,69.0,,30.99517331269602,69.00482668730398,-38.00965337460795,3406.0,5001900US1309
GA-10,GA,GA-10,33.72,-83.33,Mike Collins,150274.0,256442.0,,36.95,63.05,,36.9481407173556,63.05185928264439,-26.103718565288798,5205.0,5001900US1310
GA-11,GA,GA-11,34.31,-84.7,Barry Loudermilk,131064.0,269849.0,,32.69,67.31,,32.69138192076585,67.30861807923415,-34.6172361584683,1476.0,5001900US1311
GA-12,GA,GA-12,32.77,-82.28,Rick W. Allen,135417.0,205849.0,,39.68,60.32,,39.68077687200014,60.319223127999855,-20.63844625599972,9633.0,5001900US1312
GA-13,GA,GA-13,33.67,-84.09,David Scott,256902.0,100730.0,,71.83,28.17,,71.83417591267,28.165824087329995,43.66835182534001,534.0,5001900US1313
GA-14,GA,GA-14,34.47,-85.12,Marjorie Taylor Greene,134759.0,243446.0,,35.63,64.37,,35.63120529871366,64.36879470128633,-28.737589402572677,2942.0,5001900US1314
HI-01,HI,HI-1,21.33,-157.88,Ed Case,164237.0,64373.0,,71.84,28.16,,71.84156423603517,28.158435763964828,43.68312847207034,203.0,5001900US1501
HI-02,HI,HI-2,21.02,-157.95,Jill Tokuda,166251.0,75471.0,8434.0,66.46,30.17,3.37,68.77776950381016,31.22223049618984,37.555539007620325,6219.0,5001900US1502
ID-01,ID,ID-1,45.31,-116.03,Russ Fulcher,118656.0,331049.0,16527.0,25.45,71.01,3.54,26.385297028051724,73.61470297194828,-47.22940594389655,39400.0,5001900US1601
ID-02,ID,ID-2,43.46,-113.36,Mike Simpson,126229.0,250119.0,31114.0,30.98,61.38,7.64,33.54049975023117,66.45950024976884,-32.91900049953767,43245.0,5001900US1602
IL-01,IL,IL-1,41.41,-87.95,Jonathan L. Jackson,208398.0,108064.0,45.0,65.84,34.14,0.01,65.85245621907212,34.14754378092788,31.70491243814424,612.0,5001900US1701
IL-02,IL,IL-2,40.77,-87.95,Robin Kelly,195777.0,94004.0,62.0,67.55,32.43,0.02,67.56033004234231,32.43966995765768,35.12066008468464,3917.0,5001900US1702
IL-03,IL,IL-3,41.92,-88.06,Delia Ramirez,174825.0,84987.0,96.0,67.26,32.7,0.04,67.2890397672163,32.710960232783705,34.57807953443259,154.0,5001900US1703
IL-04,IL,IL-4,41.83,-87.81,"Jesus ""Chuy"" Garcia",139343.0,56323.0,10730.0,67.51,27.29,5.2,71.21472304846013,28.785276951539867,42.42944609692026,96.0,5001900US1704
IL-05,IL,IL-5,42.08,-87.98,Mike Quigley,251025.0,112931.0,9.0,68.97,31.03,0.0,68.97124927189002,31.028750728109998,37.94249854378002,155.0,5001900US1705
IL-06,IL,IL-6,41.74,-87.89,Sean Casten,196647.0,166116.0,86.0,54.2,45.78,0.02,54.20811935065043,45.79188064934957,8.416238701300855,225.0,5001900US1706
IL-07,IL,IL-7,41.86,-87.75,Danny K. Davis,222408.0,44598.0,146.0,83.25,16.69,0.05,83.29700456169525,16.702995438304757,66.59400912339049,68.0,5001900US1707
IL-08,IL,IL-8,42.03,-88.2,Raja Krishnamoorthi,172920.0,130153.0,,57.06,42.94,,57.05556087147321,42.94443912852679,14.111121742946423,285.0,5001900US1708
IL-09,IL,IL-9,42.14,-88.0,Janice D. Schakowsky,231722.0,107106.0,,68.39,31.61,,68.38927125267097,31.61072874732903,36.77854250534193,168.0,5001900US1709
IL-10,IL,IL-10,42.35,-88.05,Brad Schneider,196358.0,131025.0,238.0,59.93,39.99,0.07,59.97806850080792,40.02193149919208,19.956137001615843,510.0,5001900US1710
IL-11,IL,IL-11,42.07,-88.46,Bill Foster,199825.0,159630.0,229.0,55.56,44.38,0.06,55.59110319789682,44.40889680210318,11.182206395793642,919.0,5001900US1711
IL-12,IL,IL-12,38.3,-88.77,Mike Bost,94875.0,272754.0,,25.81,74.19,,25.807267652987115,74.19273234701289,-48.38546469402578,14016.0,5001900US1712
IL-13,IL,IL-13,39.43,-89.56,Nikki Budzinski,191339.0,137917.0,244.0,58.07,41.86,0.07,58.11253249750954,41.88746750249046,16.225064995019082,2264.0,5001900US1713
IL-14,IL,IL-14,41.57,-88.74,Lauren Underwood,183446.0,149464.0,19.0,55.1,44.89,0.01,55.10378180288967,44.89621819711033,10.207563605779342,1975.0,5001900US1714
IL-15,IL,IL-15,39.82,-89.77,Mary E. Miller,,308825.0,1409.0,,99.55,0.45,0.0,100.0,-100.0,16753.0,5001900US1715
IL-16,IL,IL-16,41.4,-89.32,Darin LaHood,,310925.0,183.0,,99.94,0.06,0.0,100.0,-100.0,8914.0,5001900US1716
IL-17,IL,IL-17,41.26,-90.03,Eric Sorensen,170261.0,142567.0,,54.43,45.57,,54.42639405679799,45.57360594320202,8.85278811359597,4482.0,5001900US1717
IN-01,IN,IN-1,41.51,-87.18,Frank J. Mrvan,172467.0,145056.0,5200.0,53.44,44.95,1.61,54.316380230723446,45.68361976927656,8.632760461446892,1102.0,5001900US1801
IN-02,IN,IN-2,41.21,-86.23,Rudy Yakym,101962.0,184848.0,7808.0,34.61,62.74,2.65,35.55036435270737,64.44963564729264,-28.89927129458527,4350.0,5001900US1802
IN-03,IN,IN-3,41.04,-85.21,Marlin A. Stutzman,97871.0,202653.0,11015.0,31.42,65.05,3.54,32.56678335174561,67.43321664825437,-34.86643329650876,4390.0,5001900US1803
IN-04,IN,IN-4,40.33,-86.86,Jim Baird,100091.0,209794.0,13710.0,30.93,64.83,4.24,32.29940139083854,67.70059860916146,-35.40119721832292,6097.0,5001900US1804
IN-05,IN,IN-5,40.28,-85.8,Victoria Spartz,136554.0,203293.0,19357.0,38.02,56.6,5.39,40.18102263665708,59.81897736334292,-19.637954726685837,2195.0,5001900US1805
IN-06,IN,IN-6,39.69,-85.52,Jefferson Shreve,99841.0,201357.0,13711.0,31.7,63.94,4.35,33.147962469870315,66.85203753012968,-33.70407506025936,3282.0,5001900US1806
IN-07,IN,IN-7,39.83,-86.14,Andr� Carson,185987.0,78792.0,7369.0,68.34,28.95,2.71,70.24235305670011,29.75764694329988,40.48470611340023,276.0,5001900US1807
IN-08,IN,IN-8,38.75,-87.14,Mark Messmer,95311.0,219941.0,8381.0,29.45,67.96,2.59,30.23327369850152,69.76672630149848,-39.53345260299696,8096.0,5001900US1808
IN-09,IN,IN-9,38.89,-85.77,Erin Houchin,113400.0,222884.0,9454.0,32.8,64.47,2.73,33.72149730584863,66.27850269415137,-32.55700538830274,6037.0,5001900US1809
IA-01,IA,IA-1,41.46,-91.75,Mariannette Miller-Meeks,206156.0,206955.0,967.0,49.79,49.98,0.23,49.90329475613092,50.096705243869074,-0.1934104877381557,10845.0,5001900US1901
IA-02,IA,IA-2,42.68,-92.18,Ashley Hinson,169740.0,233340.0,5722.0,41.52,57.08,1.4,42.11074724620423,57.88925275379577,-15.778505507591548,12903.0,5001900US1902
IA-03,IA,IA-3,41.14,-93.97,Zach Nunn,197962.0,213746.0,1197.0,47.94,51.77,0.29,48.08310744508243,51.91689255491756,-3.833785109835127,10673.0,5001900US1903
IA-04,IA,IA-4,42.47,-94.95,Randy Feenstra,122175.0,250522.0,1127.0,32.68,67.02,0.3,32.78132101948768,67.21867898051231,-34.43735796102463,21433.0,5001900US1904
KS-01,KS,KS-1,38.78,-99.54,"Mann, Tracey",93965.0,210493.0,,30.86,69.14,,30.863041864559317,69.13695813544068,-38.273916270881365,49634.0,5001900US2001
KS-02,KS,KS-2,38.41,-95.73,"Schmidt, Derek",115685.0,172847.0,14229.0,38.21,57.09,4.7,40.09433962264151,59.905660377358494,-19.81132075471698,15298.0,5001900US2002
KS-03,KS,KS-3,38.56,-95.06,"Davids, Sharice",209871.0,167570.0,15892.0,53.36,42.6,4.04,55.60365726034002,44.39634273965997,11.20731452068005,2262.0,5001900US2003
KS-04,KS,KS-4,37.56,-97.76,"Estes, Ron",106632.0,198465.0,,34.95,65.05,,34.95019616712062,65.04980383287938,-30.099607665758757,14564.0,5001900US2004
KY-01,KY,KY-1,37.11,-87.07,James R Comer,85524.0,252729.0,,25.28,74.72,,25.28403295757909,74.7159670424209,-49.43193408484181,11499.0,5001900US2101
KY-02,KY,KY-2,37.47,-86.35,S. Brett Guthrie ,93029.0,252826.0,,26.9,73.1,,26.898266614621736,73.10173338537827,-46.203466770756535,7292.0,5001900US2102
KY-03,KY,KY-3,38.19,-85.7,Morgan McGarvey,203100.0,124713.0,51.0,61.95,38.04,0.02,61.95605421383533,38.04394578616467,23.91210842767066,308.0,5001900US2103
KY-04,KY,KY-4,38.53,-84.46,Thomas Massie,,278386.0,1131.0,,99.6,0.4,0.0,100.0,-100.0,4844.0,5001900US2104
KY-05,KY,KY-5,37.39,-83.53,Hal Rogers,,261407.0,,,100.0,,0.0,100.0,-100.0,11749.0,5001900US2105
KY-06,KY,KY-6,38.0,-84.27,Andy Barr,130345.0,222293.0,,36.96,63.04,,36.96283440808988,63.03716559191012,-26.074331183820235,3793.0,5001900US2106
LA-01,LA,LA-1,29.77,-89.75,Steve Scalise,85911.0,238842.0,6781.0,24.02,66.77,1.9,26.454259083056968,73.54574091694303,-47.091481833886064,3653.0,5001900US2201
LA-02,LA,LA-2,30.07,-90.83,"Troy A. Carter, Sr.",184009.0,41641.0,,60.29,13.64,,81.54619986705075,18.453800132949254,63.09239973410149,2005.0,5001900US2202
LA-03,LA,LA-3,29.8,-92.0,Clay Higgins,59834.0,226279.0,,18.66,70.56,,20.91271630439721,79.08728369560278,-58.17456739120557,7625.0,5001900US2203
LA-04,LA,LA-4,31.77,-93.05,"""Mike"" Johnson",,262821.0,,,85.82,,0.0,100.0,-100.0,14603.0,5001900US2204
LA-05,LA,LA-5,31.69,-91.41,Julia Letlow,82981.0,201037.0,,25.94,62.85,,29.216810202170286,70.78318979782972,-41.56637959565944,10456.0,5001900US2205
LA-06,LA,LA-6,31.2,-92.44,Cleo Fields,150323.0,111737.0,,50.78,37.74,,57.362054491337865,42.63794550866214,14.724108982675723,4870.0,5001900US2206
ME-01,ME,ME-1,43.85,-69.92,Chellie Pingree,249948.0,155076.0,20889.0,58.69,36.41,4.9,61.71189855415975,38.28810144584025,23.423797108319505,3297.0,5001900US2301
ME-02,ME,ME-2,45.5,-69.09,"Golden, Jared Forrest",196388.0,194130.0,421.0,50.23,49.66,0.11,50.289103191146125,49.71089680885388,0.5782063822922439,27548.0,5001900US2302
MD-01,MD,MD-1,38.75,-75.94,Andy Harris,154985.0,246356.0,13339.0,37.37,59.41,3.22,38.61678722084213,61.38321277915787,-22.766425558315746,3866.0,5001900US2401
MD-02,MD,MD-2,39.52,-76.84,"John ""Johnny O"" Olszewski, Jr.",223797.0,152079.0,8918.0,58.16,39.52,2.32,59.54011429301153,40.45988570698847,19.08022858602305,811.0,5001900US2402
MD-03,MD,MD-3,39.17,-76.73,Sarah Elfreth,236681.0,151186.0,11333.0,59.29,37.87,2.84,61.02117478413992,38.97882521586008,22.04234956827985,501.0,5001900US2403
MD-04,MD,MD-4,38.92,-76.91,Glenn F. Ivey,239596.0,30454.0,920.0,88.42,11.24,0.34,88.72282910572117,11.277170894278838,77.44565821144234,217.0,5001900US2404
MD-05,MD,MD-5,38.48,-76.71,Steny Hoyer,283619.0,133985.0,999.0,67.75,32.01,0.24,67.91577666880585,32.084223331194146,35.8315533376117,1517.0,5001900US2405
MD-06,MD,MD-6,39.52,-78.21,April McClain Delaney,199788.0,175974.0,862.0,53.05,46.72,0.23,53.16876107749054,46.83123892250946,6.337522154981073,2395.0,5001900US2406
MD-07,MD,MD-7,39.27,-76.56,Kweisi Mfume,232849.0,49799.0,7489.0,80.25,17.16,2.58,82.38126574396422,17.618734256035776,64.76253148792844,130.0,5001900US2407
MD-08,MD,MD-8,39.1,-77.12,Jamie Raskin,292101.0,77821.0,10398.0,76.8,20.46,2.73,78.96286244127141,21.037137558728595,57.925724882542816,273.0,5001900US2408
MA-01,MA,MA-1,42.28,-72.8,Richard E. Neal ,223325.0,,134733.0,62.37,,37.63,100.0,0.0,100.0,2233.0,5001900US2501
MA-02,MA,MA-2,42.43,-72.2,James P. McGovern ,251441.0,,114887.0,68.64,,31.36,100.0,0.0,100.0,1784.0,5001900US2502
MA-03,MA,MA-3,42.59,-71.59,Lori Loureiro Trahan ,264698.0,,6861.0,97.47,,2.53,100.0,0.0,100.0,750.0,5001900US2503
MA-04,MA,MA-4,41.97,-71.23,Jake Auchincloss ,289347.0,,8378.0,97.19,,2.81,100.0,0.0,100.0,672.0,5001900US2504
MA-05,MA,MA-5,42.39,-71.26,Katherine M. Clark ,286689.0,,5201.0,98.22,,1.78,100.0,0.0,100.0,219.0,5001900US2505
MA-06,MA,MA-6,42.62,-70.89,Seth W. Moulton ,321186.0,,7191.0,97.81,,2.19,100.0,0.0,100.0,533.0,5001900US2506
MA-07,MA,MA-7,42.31,-71.08,Ayanna S. Pressley ,232094.0,,6907.0,97.11,,2.89,100.0,0.0,100.0,61.0,5001900US2507
MA-08,MA,MA-8,42.21,-70.97,Stephen F. Lynch ,265432.0,110638.0,760.0,70.44,29.36,0.2,70.58047703884915,29.41952296115085,41.16095407769831,293.0,5001900US2508
MA-09,MA,MA-9,41.71,-70.49,Bill Keating ,251931.0,193822.0,642.0,56.44,43.42,0.14,56.51807166749299,43.48192833250701,13.03614333498598,1255.0,5001900US2509
MI-01,MI,MI-1,46.07,-86.23,Jack Bergman,180937.0,282264.0,13983.0,37.92,59.15,2.93,39.0623077238607,60.9376922761393,-21.875384552278604,26920.0,5001900US2601
MI-02,MI,MI-2,43.65,-85.72,John R. Moolenaar,135824.0,279167.0,13559.0,31.69,65.14,3.16,32.72938449267574,67.27061550732427,-34.541231014648524,9705.0,5001900US2602
MI-03,MI,MI-3,42.98,-86.3,Hillary Scholten,225510.0,183952.0,10827.0,53.66,43.77,2.58,55.07470778729162,44.92529221270839,10.149415574583236,805.0,5001900US2603
MI-04,MI,MI-4,42.47,-86.15,Bill Huizenga,184641.0,234489.0,6687.0,43.36,55.07,1.57,44.05339632095054,55.94660367904945,-11.893207358098913,2386.0,5001900US2604
MI-05,MI,MI-5,42.0,-85.15,Tim Walberg,134282.0,269215.0,6379.0,32.76,65.68,1.56,33.27955350349569,66.72044649650431,-33.44089299300862,5233.0,5001900US2605
MI-06,MI,MI-6,42.25,-83.71,Debbie Dingell,281162.0,158658.0,13486.0,62.02,35.0,2.98,63.92660633895685,36.07339366104315,27.853212677913703,978.0,5001900US2606
MI-07,MI,MI-7,42.73,-84.34,Tom Barrett,209959.0,226722.0,14231.0,46.56,50.28,3.16,48.08063552112412,51.919364478875885,-3.838728957751769,2766.0,5001900US2607
MI-08,MI,MI-8,43.39,-83.97,Kristen Mcdonald Rivet,217490.0,189317.0,17543.0,51.25,44.61,4.13,53.46269852780311,46.53730147219689,6.925397055606226,2231.0,5001900US2608
MI-09,MI,MI-9,43.42,-82.93,Lisa Mcclain,138138.0,312593.0,17507.0,29.5,66.76,3.74,30.647548094096035,69.35245190590396,-38.70490381180792,4638.0,5001900US2609
MI-10,MI,MI-10,42.59,-83.0,John James,191363.0,217437.0,16501.0,44.99,51.13,3.88,46.81090998043052,53.18909001956948,-6.378180039138954,227.0,5001900US2610
MI-11,MI,MI-11,42.58,-83.34,Haley Stevens,260780.0,177432.0,9713.0,58.22,39.61,2.17,59.51000885416191,40.48999114583809,19.02001770832382,315.0,5001900US2611
MI-12,MI,MI-12,42.39,-83.29,Rashida Tlaib,253354.0,92490.0,17655.0,69.7,25.44,4.86,73.25672846717018,26.743271532829837,46.51345693434034,191.0,5001900US2612
MI-13,MI,MI-13,42.32,-83.11,Shri Thanedar,220788.0,78917.0,21944.0,68.64,24.54,6.82,73.6684406332894,26.3315593667106,47.33688126657881,215.0,5001900US2613
MN-01,MN,MN-1,43.91,-93.53,Brad Finstad,156375.0,220929.0,297.0,41.41,58.51,0.08,41.44535970994212,58.55464029005788,-17.109280580115765,12238.0,5001900US2701
MN-02,MN,MN-2,44.55,-93.37,Angie Craig,231751.0,175621.0,9947.0,55.53,42.08,2.38,56.889280559292246,43.11071944070776,13.778561118584491,1728.0,5001900US2702
MN-03,MN,MN-3,45.02,-93.51,Kelly Morrison,240209.0,170427.0,504.0,58.43,41.45,0.12,58.49681956769499,41.50318043230501,16.993639135389984,468.0,5001900US2703
MN-04,MN,MN-4,45.0,-92.99,Betty McCollum,242802.0,117618.0,623.0,67.25,32.58,0.17,67.36640585983021,32.633594140169805,34.732811719660404,303.0,5001900US2704
MN-05,MN,MN-5,44.98,-93.29,Ilhan Omar,261066.0,86213.0,3768.0,74.37,24.56,1.07,75.1747154305328,24.8252845694672,50.3494308610656,131.0,5001900US2705
MN-06,MN,MN-6,45.3,-93.83,Tom Emmer,155836.0,260095.0,565.0,37.42,62.45,0.14,37.466791366837285,62.53320863316271,-25.066417266325423,2484.0,5001900US2706
MN-07,MN,MN-7,46.21,-95.68,Michelle Fischbach,114979.0,275098.0,433.0,29.44,70.45,0.11,29.47597525616737,70.52402474383263,-41.04804948766525,31039.0,5001900US2707
MN-08,MN,MN-8,47.4,-93.23,Pete Stauber,176724.0,244498.0,384.0,41.92,57.99,0.09,41.9550735716558,58.0449264283442,-16.089852856688395,31240.0,5001900US2708
MS-01,MS,MS-1,34.26,-89.0,Trent Kelly,96697.0,223589.0,,30.19,69.81,,30.19082944618248,69.80917055381752,-39.61834110763505,9942.0,5001900US2801
MS-02,MS,MS-2,32.94,-90.45,Bennie G. Thompson,177885.0,108956.0,,62.02,37.98,,62.0151930860651,37.9848069139349,24.030386172130207,17996.0,5001900US2802
MS-03,MS,MS-3,32.18,-89.41,Michael Guest,,265159.0,,,100.0,,0.0,100.0,-100.0,11722.0,5001900US2803
MS-04,MS,MS-4,30.94,-89.04,Mike Ezell,75771.0,215095.0,,26.05,73.95,,26.050139926976684,73.94986007302332,-47.89972014604663,7264.0,5001900US2804
MO-01,MO,MO-1,38.72,-90.31,Wesley Bell,233312.0,56453.0,17500.0,75.93,18.37,5.7,80.51766086311322,19.482339136886782,61.03532172622644,248.0,5001900US2901
MO-02,MO,MO-2,38.53,-90.96,Ann Wagner,182056.0,233444.0,12892.0,42.5,54.49,3.01,43.81612515042118,56.18387484957882,-12.367749699157642,1791.0,5001900US2902
MO-03,MO,MO-3,38.47,-91.74,Bob Onder,138532.0,240620.0,13311.0,35.3,61.31,3.39,36.537325399839645,63.46267460016036,-26.92534920032072,7585.0,5001900US2903
MO-04,MO,MO-4,38.23,-93.47,Mark Alford,96568.0,259886.0,9242.0,26.41,71.07,2.53,27.091293687263995,72.908706312736,-45.817412625472,14355.0,5001900US2904
MO-05,MO,MO-5,39.03,-94.46,Emanuel Cleaver II,199900.0,120957.0,11072.0,60.22,36.44,3.34,62.30189773014146,37.69810226985854,24.603795460282925,422.0,5001900US2905
MO-06,MO,MO-6,39.87,-93.18,Sam Graves,100999.0,265210.0,8977.0,26.92,70.69,2.39,27.57960618116977,72.42039381883023,-44.84078763766047,20254.0,5001900US2906
MO-07,MO,MO-7,36.92,-93.71,Eric Burlison,96655.0,263231.0,7982.0,26.27,71.56,2.17,26.857115864468195,73.1428841355318,-46.2857682710636,5775.0,5001900US2907
MO-08,MO,MO-8,37.12,-90.92,Jason Smith,77649.0,271249.0,7166.0,21.81,76.18,2.01,22.255501607919797,77.7444983920802,-55.488996784160406,18315.0,5001900US2908
MT-01,MT,MT-1,46.92,-113.48,Ryan Zinke,143783.0,168529.0,9954.0,44.62,52.29,3.09,46.03825661517969,53.9617433848203,-7.923486769640611,40168.0,5001900US3001
MT-02,MT,MT-2,47.07,-108.15,Troy Downing,93713.0,181832.0,,34.01,65.99,,34.010052804442104,65.9899471955579,-31.9798943911158,105382.0,5001900US3002
NE-01,NE,NE-1,41.38,-96.98,Mike Flood,124498.0,187559.0,,39.9,60.1,,39.89591645116117,60.10408354883884,-20.208167097677663,5982.0,5001900US3101
NE-02,NE,NE-2,41.23,-96.45,Don Bacon,154369.0,160198.0,,49.07,50.93,,49.0734883188637,50.92651168113629,-1.8530233622725876,1219.0,5001900US3102
NE-03,NE,NE-3,41.55,-100.1,Adrian Smith,59287.0,243481.0,,19.58,80.42,,19.58165988479628,80.41834011520372,-60.83668023040744,69613.0,5001900US3103
NV-01,NV,NV-1,35.85,-114.95,Dina Titus,167885.0,143650.0,11364.0,51.99,44.49,3.52,53.88961111913589,46.11038888086411,7.779222238271785,1000.0,5001900US3201
NV-02,NV,NV-2,40.48,-116.99,Mark E. Amodei,,219919.0,179665.0,,55.04,44.96,0.0,100.0,-100.0,65065.0,5001900US3202
NV-03,NV,NV-3,35.7,-115.2,Susie Lee,191304.0,181084.0,,51.37,48.63,,51.37222466889373,48.62777533110626,2.744449337787465,2005.0,5001900US3203
NV-04,NV,NV-4,37.79,-116.21,Steven Horsford,174926.0,148061.0,9219.0,52.66,44.57,2.78,54.15883611414701,45.84116388585299,8.317672228294022,41790.0,5001900US3204
NH-01,NH,NH-1,43.41,-71.19,Chris Pappas,218577.0,185936.0,295.0,54.0,45.93,0.07,54.03460457389503,45.96539542610497,8.069209147790062,2144.0,5001900US3301
NH-02,NH,NH-2,43.77,-71.71,Maggie Goodlander,211641.0,187810.0,367.0,52.93,46.97,0.09,52.98296912512424,47.017030874875765,5.96593825024847,6810.0,5001900US3302
NJ-01,NJ,NJ-1,39.78,-75.01,Donald Norcross,208808.0,144390.0,7862.0,57.83,39.99,2.18,59.11924756085821,40.88075243914178,18.238495121716436,368.0,5001900US3401
NJ-02,NJ,NJ-2,39.42,-74.86,Jeff van Drew,153117.0,215946.0,2557.0,41.2,58.11,0.69,41.48803862755139,58.51196137244861,-17.02392274489722,1994.0,5001900US3402
NJ-03,NJ,NJ-3,39.97,-74.61,Herb Conaway,202034.0,169454.0,7996.0,53.24,44.65,2.11,54.38506761995004,45.61493238004996,8.770135239900078,1081.0,5001900US3403
NJ-04,NJ,NJ-4,40.07,-74.24,Christopher H. Smith,124803.0,265652.0,3773.0,31.66,67.39,0.96,31.963478505845742,68.03652149415426,-36.07304298830852,651.0,5001900US3404
NJ-05,NJ,NJ-5,41.12,-74.44,Josh Gottheimer,208359.0,165287.0,8243.0,54.56,43.28,2.16,55.76374429272627,44.23625570727373,11.527488585452543,649.0,5001900US3405
NJ-06,NJ,NJ-6,40.42,-74.13,Frank Pallone Jr,170275.0,122519.0,10887.0,56.07,40.34,3.59,58.15522176000874,41.84477823999126,16.310443520017486,192.0,5001900US3406
NJ-07,NJ,NJ-7,40.74,-74.83,Thomas H. Kean Jr,200025.0,223331.0,8042.0,46.37,51.77,1.86,47.24747021419326,52.75252978580674,-5.505059571613487,1348.0,5001900US3407
NJ-08,NJ,NJ-8,40.71,-74.1,Rob Menendez,116434.0,68152.0,12179.0,59.17,34.64,6.19,63.07845665435082,36.921543345649184,26.15691330870164,51.0,5001900US3408
NJ-09,NJ,NJ-9,40.9,-74.14,Nellie Pou,130514.0,117939.0,8560.0,50.78,45.89,3.33,52.530659722361975,47.469340277638025,5.061319444723949,111.0,5001900US3409
NJ-10,NJ,NJ-10,40.73,-74.22,Lamonica Mciver,182020.0,,2822.0,98.47,,1.53,100.0,0.0,100.0,78.0,5001900US3410
NJ-11,NJ,NJ-11,40.88,-74.41,Mikie Sherrill,222583.0,164556.0,6612.0,56.53,41.79,1.68,57.49433665944274,42.50566334055726,14.988673318885477,394.0,5001900US3411
NJ-12,NJ,NJ-12,40.39,-74.58,Bonnie Watson Coleman,196871.0,117222.0,7567.0,61.2,36.44,2.35,62.67920647706252,37.32079352293747,25.35841295412505,438.0,5001900US3412
NM-01,NM,NM-1,34.28,-105.24,Melanie Ann Stansbury,193203.0,149546.0,,56.37,43.63,,56.36865461314257,43.63134538685744,12.737309226285127,17570.0,5001900US3501
NM-02,NM,NM-2,33.2,-107.01,Gabriel Vasquez,138173.0,127145.0,,52.08,47.92,,52.07826080401631,47.92173919598369,4.15652160803262,51426.0,5001900US3502
NM-03,NM,NM-3,35.64,-105.51,Teresa Leger Fernandez,162342.0,126085.0,,56.29,43.71,,56.28529922649405,43.714700773505946,12.570598452988108,52316.0,5001900US3503
NY-01,NY,NY-1,41.0,-72.56,Nicholas J. LaLota,183540.0,226285.0,,44.78,55.22,,44.78496919416825,55.21503080583175,-10.430061611663504,663.0,5001900US3601
NY-02,NY,NY-2,40.7,-73.17,Andrew R. Garbarino,136371.0,202597.0,,40.23,59.77,,40.23123126666824,59.76876873333176,-19.537537466663515,239.0,5001900US3602
NY-03,NY,NY-3,40.84,-73.58,Thomas R. Suozzi,187651.0,174693.0,,51.79,48.21,,51.78807983573621,48.2119201642638,3.5761596714724178,193.0,5001900US3603
NY-04,NY,NY-4,40.63,-73.61,Laura A. Gillen,191760.0,183157.0,,51.15,48.85,,51.14732060696101,48.852679393039,2.294641213922013,114.0,5001900US3604
NY-05,NY,NY-5,40.6,-73.84,Gregory W. Meeks,168425.0,62529.0,,72.93,27.07,,72.92577742753969,27.074222572460314,45.85155485507937,47.0,5001900US3605
NY-06,NY,NY-6,40.74,-73.83,Grace Meng,120205.0,74559.0,3272.0,60.7,37.65,1.65,61.7182846932698,38.2817153067302,23.436569386539603,26.0,5001900US3606
NY-07,NY,NY-7,40.71,-73.92,Nydia M. Velazquez,172795.0,48435.0,,78.11,21.89,,78.1064955024183,21.893504497581706,56.2129910048366,22.0,5001900US3607
NY-08,NY,NY-8,40.61,-73.92,Hakeem S. Jeffries,168036.0,54863.0,,75.39,24.61,,75.38661007900438,24.61338992099561,50.773220158008776,27.0,5001900US3608
NY-09,NY,NY-9,40.64,-73.95,Yvette D. Clarke,173207.0,60064.0,,74.25,25.75,,74.25140716162745,25.74859283837253,48.50281432325493,15.0,5001900US3609
NY-10,NY,NY-10,40.68,-74.0,Daniel Goldman,206206.0,37555.0,6747.0,82.32,14.99,2.69,84.59351577980071,15.406484220199292,69.18703155960142,15.0,5001900US3610
NY-11,NY,NY-11,40.57,-74.13,Nicole Malliotakis,93586.0,167099.0,,35.9,64.1,,35.90003260640236,64.09996739359764,-28.199934787195275,64.0,5001900US3611
NY-12,NY,NY-12,40.77,-73.98,Jerrold L. Nadler,260165.0,62989.0,,80.51,19.49,,80.50805498307308,19.49194501692692,61.01610996614616,10.0,5001900US3612
NY-13,NY,NY-13,40.83,-73.93,Adriano Espaillat,181800.0,35822.0,,83.54,16.46,,83.53934804385587,16.46065195614414,67.07869608771173,11.0,5001900US3613
NY-14,NY,NY-14,40.82,-73.84,Alexandria Ocasio-Cortez,132714.0,59078.0,,69.2,30.8,,69.19683824142821,30.803161758571783,38.39367648285643,29.0,5001900US3614
NY-15,NY,NY-15,40.87,-73.89,Ritchie Torres,130392.0,36010.0,4086.0,76.48,21.12,2.4,78.35963510053966,21.640364899460344,56.71927020107932,19.0,5001900US3615
NY-16,NY,NY-16,40.98,-73.78,George S. Latimer,217668.0,86408.0,,71.58,28.42,,71.58341993449007,28.41658006550994,43.16683986898013,124.0,5001900US3616
NY-17,NY,NY-17,41.31,-73.8,Mike Lawler,173899.0,197845.0,7530.0,45.85,52.16,1.99,46.779235172591896,53.2207648274081,-6.441529654816208,825.0,5001900US3617
NY-18,NY,NY-18,41.64,-74.05,Pat Ryan,207106.0,155129.0,,57.17,42.83,,57.17448617610115,42.825513823898845,14.348972352202304,1863.0,5001900US3618
NY-19,NY,NY-19,42.26,-74.91,Josh Riley,192647.0,184290.0,,51.11,48.89,,51.10854068451757,48.89145931548243,2.217081369035135,8225.0,5001900US3619
NY-20,NY,NY-20,42.78,-73.9,Paul D. Tonko,221997.0,141151.0,,61.13,38.87,,61.13127430138676,38.86872569861324,22.26254860277352,1366.0,5001900US3620
NY-21,NY,NY-21,43.89,-74.51,Elise M. Stefanik,132447.0,215996.0,,38.01,61.99,,38.0110950715038,61.98890492849619,-23.977809856992387,16289.0,5001900US3621
NY-22,NY,NY-22,42.91,-75.99,John W. Mannion,194450.0,161939.0,,54.56,45.44,,54.5611677128082,45.43883228719181,9.122335425616392,2422.0,5001900US3622
NY-23,NY,NY-23,42.32,-78.22,Nicholas A. Langworthy,128397.0,246969.0,,34.21,65.79,,34.20581512443855,65.79418487556146,-31.588369751122904,6458.0,5001900US3623
NY-24,NY,NY-24,43.25,-77.24,Claudia Tenney,123317.0,235867.0,,34.33,65.67,,34.332542652233954,65.66745734776605,-31.33491469553209,7089.0,5001900US3624
NY-25,NY,NY-25,43.3,-77.67,Joseph D. Morelle,219175.0,141195.0,,60.82,39.18,,60.81943558009824,39.18056441990177,21.638871160196462,708.0,5001900US3625
NY-26,NY,NY-26,42.98,-78.85,Timothy M. Kennedy,209131.0,111772.0,,65.17,34.83,,65.16953721217938,34.83046278782062,30.33907442435876,261.0,5001900US3626
NC-01,NC,NC-1,36.04,-77.18,Don Davis,186341.0,180034.0,9949.0,49.52,47.84,2.64,50.86073012623677,49.13926987376322,1.7214602524735554,8342.0,5001900US3701
NC-02,NC,NC-2,35.82,-78.6,Deborah K. Ross,268662.0,128164.0,8691.0,66.25,31.61,2.14,67.70272109186394,32.297278908136065,35.40544218372787,409.0,5001900US3702
NC-03,NC,NC-3,35.21,-76.85,Greg Murphy,,248276.0,72565.0,,77.38,22.62,0.0,100.0,-100.0,6850.0,5001900US3703
NC-04,NC,NC-4,35.94,-79.02,Valerie P. Foushee,308064.0,112084.0,8632.0,71.85,26.14,2.01,73.32273389377076,26.67726610622924,46.64546778754152,1053.0,5001900US3704
NC-05,NC,NC-5,36.27,-80.87,Virginia Foxx,162390.0,238304.0,,40.53,59.47,,40.52718533344647,59.47281466655353,-18.945629333107064,4201.0,5001900US3705
NC-06,NC,NC-6,35.79,-80.37,Addison McDowell,,233303.0,104017.0,,69.16,30.84,0.0,100.0,-100.0,1652.0,5001900US3706
NC-07,NC,NC-7,34.46,-78.4,David Rouzer,179512.0,254022.0,,41.41,58.59,,41.406671679729854,58.59332832027015,-17.1866566405403,4842.0,5001900US3707
NC-08,NC,NC-8,35.04,-79.98,Mark Harris,161709.0,238640.0,,40.39,59.61,,40.39200797304352,59.60799202695648,-19.21598405391296,3725.0,5001900US3708
NC-09,NC,NC-9,35.59,-79.5,Richard Hudson,140852.0,210042.0,22183.0,37.75,56.3,5.95,40.14089725102168,59.85910274897832,-19.71820549795665,3254.0,5001900US3709
NC-10,NC,NC-10,35.83,-80.89,Pat Harrigan,155383.0,233814.0,17498.0,38.21,57.49,4.3,39.92399735866413,60.07600264133588,-20.15200528267175,1872.0,5001900US3710
NC-11,NC,NC-11,35.49,-82.93,Chuck Edwards,186977.0,245546.0,,43.23,56.77,,43.22937739727136,56.77062260272864,-13.54124520545728,6243.0,5001900US3711
NC-12,NC,NC-12,35.24,-80.81,Alma S. Adams,259627.0,91128.0,,74.02,25.98,,74.01947228122194,25.980527718778063,48.038944562443874,273.0,5001900US3712
NC-13,NC,NC-13,35.89,-78.72,Brad Knott,171835.0,243655.0,,41.36,58.64,,41.35719271221931,58.6428072877807,-17.28561457556139,3716.0,5001900US3713
NC-14,NC,NC-14,35.43,-81.6,Tim Moore,168269.0,232987.0,,41.94,58.06,,41.93557230296868,58.06442769703132,-16.12885539406264,2192.0,5001900US3714
ND-AL,ND,ND-AL,47.45,-100.47,Julie  Fedorchak,109231.0,249101.0,1455.0,30.36,69.24,0.4,30.48318319323979,69.5168168067602,-39.033633613520415,68994.0,5001900US3800
OH-01,OH,OH-1,39.34,-84.26,Greg Landsman,213916.0,177993.0,,54.58,45.42,,54.58307923523063,45.41692076476937,9.166158470461257,601.0,5001900US3901
OH-02,OH,OH-2,39.1,-83.06,David J. Taylor,96401.0,268211.0,4.0,26.44,73.56,0.0,26.4393382554606,73.5606617445394,-47.1213234890788,7383.0,5001900US3902
OH-03,OH,OH-3,40.03,-82.92,Joyce Beatty,242632.0,100355.0,,70.74,29.26,,70.74087356080551,29.25912643919449,41.48174712161102,218.0,5001900US3903
OH-04,OH,OH-4,40.54,-83.37,Jim Jordan,125905.0,273297.0,,31.54,68.46,,31.539170645437647,68.46082935456235,-36.9216587091247,4880.0,5001900US3904
OH-05,OH,OH-5,41.09,-83.49,Bob Latta,123024.0,255633.0,,32.49,67.51,,32.489561793390855,67.51043820660915,-35.020876413218296,5528.0,5001900US3905
OH-06,OH,OH-6,40.25,-81.11,Michael A. Rulli,122515.0,245860.0,,33.26,66.74,,33.25822870715982,66.74177129284018,-33.48354258568036,4779.0,5001900US3906
OH-07,OH,OH-7,41.01,-81.87,Max Miller,144613.0,204494.0,51264.0,36.12,51.08,12.8,41.42368958514152,58.57631041485848,-17.15262082971696,1321.0,5001900US3907
OH-08,OH,OH-8,39.75,-84.6,Warren Davidson,140625.0,237503.0,,37.19,62.81,,37.189787585156346,62.81021241484365,-25.620424829687305,1793.0,5001900US3908
OH-09,OH,OH-9,41.53,-83.53,Marcy Kaptur,181098.0,178716.0,15381.0,48.27,47.63,4.1,50.33100435224866,49.66899564775134,0.6620087044973246,2589.0,5001900US3909
OH-10,OH,OH-10,39.74,-84.07,Mike Turner,145420.0,213695.0,11631.0,39.22,57.64,3.14,40.4939921752085,59.506007824791496,-19.012015649583,990.0,5001900US3910
OH-11,OH,OH-11,41.7,-81.69,Shontel Brown,236883.0,59394.0,6136.0,78.33,19.64,2.03,79.9532194534169,20.046780546583097,59.90643890683381,216.0,5001900US3911
OH-12,OH,OH-12,40.01,-82.09,Troy Balderson,119738.0,260450.0,,31.49,68.51,,31.494418550822225,68.50558144917778,-37.01116289835556,5581.0,5001900US3912
OH-13,OH,OH-13,41.04,-81.51,Emilia Sykes,197466.0,188924.0,,51.11,48.89,,51.10535986956184,48.89464013043816,2.2107197391236757,622.0,5001900US3913
OH-14,OH,OH-14,41.67,-80.98,David P. Joyce,140431.0,243427.0,,36.58,63.42,,36.5841014125015,63.415898587498496,-26.831797174997,2433.0,5001900US3914
OH-15,OH,OH-15,39.91,-83.62,Mike Carey,151411.0,196338.0,,43.54,56.46,,43.54031212167397,56.45968787832604,-12.919375756652066,1926.0,5001900US3915
OK-01,OK,OK-1,36.06,-95.86,Kevin Hern,107903.0,188832.0,15766.0,34.53,60.43,5.05,36.36342190843682,63.63657809156318,-27.27315618312636,1079.0,5001900US4001
OK-02,OK,OK-2,35.19,-95.46,Josh Brecheen,68841.0,238123.0,14061.0,21.44,74.18,4.38,22.42640830846614,77.57359169153386,-55.14718338306773,21630.0,5001900US4002
OK-03,OK,OK-3,36.14,-98.92,Frank Lucas,,,,,,,,,,32613.0,5001900US4003
OK-04,OK,OK-4,34.58,-97.75,Tom Cole,86641.0,199962.0,19870.0,28.27,65.25,6.48,30.230318594013323,69.76968140598669,-39.53936281197336,9734.0,5001900US4004
OK-05,OK,OK-5,35.49,-97.03,Stephanie Bice,134471.0,207636.0,,39.31,60.69,,39.30670813517408,60.69329186482592,-21.386583729651832,3541.0,5001900US4005
OR-01,OR,OR-1,45.72,-123.49,Suzanne Monamici,241556.0,98908.0,11527.0,68.63,28.1,3.27,70.94905775647352,29.050942243526485,41.89811551294704,3352.0,5001900US4101
OR-02,OR,OR-2,43.77,-119.74,Cliff Bentz,115337.0,224601.0,11551.0,32.81,63.9,3.29,33.92883408150898,66.07116591849102,-32.14233183698204,72159.0,5001900US4102
OR-03,OR,OR-3,45.46,-121.97,Maxine E. Dexter,226405.0,84344.0,23620.0,67.71,25.22,7.06,72.85783703246028,27.14216296753972,45.71567406492056,1386.0,5001900US4103
OR-04,OR,OR-4,43.63,-123.51,Val Hoyle,195862.0,166430.0,16473.0,51.71,43.94,4.35,54.061916906804456,45.93808309319554,8.123833813608911,11613.0,5001900US4104
OR-05,OR,OR-5,44.62,-122.24,Janelle S.Bynum,191365.0,180420.0,29508.0,47.69,44.96,7.35,51.47195287599016,48.528047124009845,2.94390575198031,5592.0,5001900US4105
OR-06,OR,OR-6,45.06,-123.26,Andrea Salinas,180869.0,157634.0,562.0,53.34,46.49,0.17,53.4320227590302,46.5679772409698,6.864045518060401,1895.0,5001900US4106
PA-01,PA,PA-1,40.33,-75.14,Brian Fitzpatrick,202042.0,261390.0,,43.6,56.4,,43.59690310552573,56.40309689447427,-12.806193788948534,700.0,5001900US4201
PA-02,PA,PA-2,40.04,-75.06,Brendan F Boyle,193691.0,77355.0,,71.46,28.54,,71.46056388952428,28.539436110475712,42.92112777904857,64.0,5001900US4202
PA-03,PA,PA-3,40.0,-75.2,Dwight Evans,340223.0,,,100.0,,,100.0,0.0,100.0,53.0,5001900US4203
PA-04,PA,PA-4,40.31,-75.58,Madeleine Dean,269066.0,186457.0,,59.07,40.93,,59.06748945717341,40.93251054282659,18.134978914346817,726.0,5001900US4204
PA-05,PA,PA-5,39.93,-75.37,Mary Gay Scanlon,267754.0,142355.0,,65.29,34.71,,65.28849647288891,34.711503527111084,30.576992945777825,229.0,5001900US4205
PA-06,PA,PA-6,40.03,-75.78,Chrissy Houlahan,235625.0,183638.0,,56.2,43.8,,56.19980775789898,43.80019224210102,12.399615515797962,925.0,5001900US4206
PA-07,PA,PA-7,40.77,-75.53,Ryan E Mackenzie,199626.0,203688.0,,49.5,50.5,,49.49642214254898,50.50357785745102,-1.0071557149020407,1168.0,5001900US4207
PA-08,PA,PA-8,41.36,-75.41,Rob Bresnahan Jr,189411.0,195663.0,,49.19,50.81,,49.18820798080369,50.81179201919631,-1.6235840383926217,2769.0,5001900US4208
PA-09,PA,PA-9,41.25,-76.32,Dan Meuser,115523.0,276212.0,,29.49,70.51,,29.490088963202165,70.50991103679783,-41.01982207359566,6073.0,5001900US4209
PA-10,PA,PA-10,40.24,-76.92,Scott Perry,200434.0,205567.0,,49.37,50.63,,49.36785869985542,50.63214130014458,-1.2642826002891638,1255.0,5001900US4210
PA-11,PA,PA-11,39.97,-76.39,Lloyd K Smucker,149641.0,253672.0,,37.1,62.9,,37.102944859203646,62.897055140796354,-25.794110281592708,1501.0,5001900US4211
PA-12,PA,PA-12,40.36,-79.82,Summer Lee,234802.0,181426.0,,56.41,43.59,,56.4118704171752,43.5881295828248,12.823740834350405,426.0,5001900US4212
PA-13,PA,PA-13,40.24,-77.96,John Joyce,104823.0,301460.0,,25.8,74.2,,25.800488821831085,74.1995111781689,-48.399022356337824,6362.0,5001900US4213
PA-14,PA,PA-14,40.13,-79.58,Guy Reschenthaler,134755.0,268380.0,,33.43,66.57,,33.426767708087866,66.57323229191215,-33.14646458382428,4775.0,5001900US4214
PA-15,PA,PA-15,41.35,-78.31,Glenn Gt Thompson,111408.0,279027.0,,28.53,71.47,,28.53432709669984,71.46567290330017,-42.93134580660033,12982.0,5001900US4215
PA-16,PA,PA-16,41.57,-80.1,Mike Kelly,146709.0,256923.0,,36.35,63.65,,36.3472172672137,63.65278273278629,-27.30556546557259,3841.0,5001900US4216
PA-17,PA,PA-17,40.6,-80.19,Chris Deluzio,242838.0,207900.0,,53.88,46.12,,53.87564394393195,46.12435605606805,7.751287887863896,893.0,5001900US4217
RI-01,RI,RI-1,41.64,-71.33,Gabriel Amo,139352.0,70742.0,11024.0,63.02,31.99,4.99,66.32840538044876,33.67159461955125,32.65681076089751,268.0,5001900US4401
RI-02,RI,RI-2,41.57,-71.62,Seth Magaziner,153439.0,109381.0,660.0,58.24,41.51,0.25,58.38178220835552,41.61821779164448,16.76356441671105,766.0,5001900US4402
SC-01,SC,SC-1,32.82,-80.15,Nancy Mace,162582.0,227502.0,693.0,41.6,58.22,0.18,41.67871535361615,58.32128464638385,-16.642569292767703,2589.0,5001900US4501
SC-02,SC,SC-2,33.64,-81.36,Joe Wilson,142985.0,211514.0,786.0,40.25,59.53,0.22,40.33438740306743,59.66561259693257,-19.331225193865137,3113.0,5001900US4502
SC-03,SC,SC-3,34.35,-82.28,Sheri Biggs,87735.0,248451.0,10527.0,25.3,71.66,3.04,26.09716050043725,73.90283949956275,-47.80567899912549,5634.0,5001900US4503
SC-04,SC,SC-4,34.93,-82.19,William Timmons,128976.0,206916.0,10522.0,37.23,59.73,3.04,38.39805651816655,61.601943481833445,-23.203886963666896,1234.0,5001900US4504
SC-05,SC,SC-5,34.57,-81.0,Ralph W Norman,130592.0,228260.0,557.0,36.34,63.51,0.15,36.39160433827873,63.60839566172126,-27.21679132344253,5160.0,5001900US4505
SC-06,SC,SC-6,33.24,-80.59,James E Jim Clyburn,182056.0,112360.0,6282.0,60.54,37.37,2.09,61.83631324384544,38.16368675615456,23.67262648769088,6926.0,5001900US4506
SC-07,SC,SC-7,34.09,-79.51,Russell Fry,129522.0,240326.0,481.0,34.97,64.9,0.13,35.02033267720793,64.97966732279207,-29.959334645584136,5408.0,5001900US4507
SD-AL,SD,SD-AL,44.44,-100.23,Dusty  Johnson,117818.0,303630.0,,27.96,72.04,,27.955524762248253,72.04447523775175,-44.0889504755035,75808.0,5001900US4600
TN-01,TN,TN-1,36.21,-82.83,Diana Harshbarger,64021.0,257825.0,8353.0,19.39,78.08,2.53,19.89181161176463,80.10818838823536,-60.21637677647073,4354.0,5001900US4701
TN-02,TN,TN-2,36.1,-83.89,Tim Burchett,111316.0,250782.0,,30.74,69.26,,30.74195383570193,69.25804616429807,-38.51609232859613,2576.0,5001900US4702
TN-03,TN,TN-3,35.61,-84.58,Chuck Fleischmann,102841.0,236519.0,10968.0,29.36,67.51,3.13,30.30439651107968,69.69560348892033,-39.391206977840646,3956.0,5001900US4703
TN-04,TN,TN-4,35.4,-86.15,Scott DesJarlais,83832.0,219133.0,10290.0,26.76,69.95,3.28,27.670522997706005,72.329477002294,-44.658954004588,6473.0,5001900US4704
TN-05,TN,TN-5,35.73,-86.9,Andy Ogles,142387.0,205075.0,13252.0,39.47,56.85,3.67,40.97915743304304,59.020842566956965,-18.041685133913923,2059.0,5001900US4705
TN-06,TN,TN-6,36.22,-85.57,John Rose,106144.0,225543.0,,32.0,68.0,,32.00125419446647,67.99874580553353,-35.99749161106706,5919.0,5001900US4706
TN-07,TN,TN-7,36.01,-87.55,Mark E. Green,122764.0,191992.0,7900.0,38.05,59.5,2.45,39.00291019075093,60.99708980924908,-21.994179618498144,5891.0,5001900US4707
TN-08,TN,TN-8,35.72,-88.92,David Kustoff,85043.0,240411.0,6861.0,25.59,72.34,2.06,26.130574520515957,73.86942547948404,-47.73885095896809,9226.0,5001900US4708
TN-09,TN,TN-9,35.28,-89.93,Steve Cohen,159522.0,57411.0,6770.0,71.31,25.66,3.03,73.53514679647634,26.46485320352367,47.070293592952666,769.0,5001900US4709
TX-01,TX,TX-1,32.49,-94.56,Nathaniel Moran,,258523.0,,,100.0,,0.0,100.0,-100.0,9465.0,5001900US4801
TX-02,TX,TX-2,30.09,-95.25,Dan Crenshaw,112252.0,214631.0,,34.34,65.66,,34.340115576521264,65.65988442347873,-31.319768846957466,629.0,5001900US4802
TX-03,TX,TX-3,33.17,-96.29,Keith Self,142953.0,237794.0,,37.55,62.45,,37.54540416602101,62.454595833979,-24.90919166795799,1436.0,5001900US4803
TX-04,TX,TX-4,33.47,-95.83,Pat Fallon,111696.0,241603.0,,31.62,68.38,,31.6151475096165,68.3848524903835,-36.769704980767,5202.0,5001900US4804
TX-05,TX,TX-5,32.55,-95.82,Lance Gooden,107712.0,192185.0,,35.92,64.08,,35.91633127373732,64.08366872626269,-28.167337452525366,3597.0,5001900US4805
TX-06,TX,TX-6,32.01,-96.26,Jake Ellzey,98319.0,188119.0,,34.32,65.68,,34.32470552091552,65.67529447908449,-31.350588958168963,5858.0,5001900US4806
TX-07,TX,TX-7,29.68,-95.6,Lizzie Fletcher,149820.0,94651.0,,61.28,38.72,,61.28334240053013,38.71665759946988,22.56668480106025,131.0,5001900US4807
TX-08,TX,TX-8,30.56,-95.23,Morgan Luttrell,108754.0,233423.0,,31.78,68.22,,31.78296612571856,68.21703387428144,-36.43406774856288,2848.0,5001900US4808
TX-09,TX,TX-9,29.61,-95.44,Al Green,184141.0,,,100.0,,,100.0,0.0,100.0,218.0,5001900US4809
TX-10,TX,TX-10,30.21,-96.56,Michael T. Mccaul,118280.0,221229.0,8309.0,34.01,63.6,2.39,34.83854625356029,65.16145374643972,-30.32290749287943,7668.0,5001900US4810
TX-11,TX,TX-11,31.39,-99.98,August Pfluger,,211975.0,,,100.0,,0.0,100.0,-100.0,19206.0,5001900US4811
TX-12,TX,TX-12,32.82,-97.66,Craig Goldman,124154.0,215564.0,,36.55,63.45,,36.54619419636286,63.45380580363713,-26.90761160727427,965.0,5001900US4812
TX-13,TX,TX-13,34.93,-100.71,Ronny Jackson,,240622.0,,,100.0,,0.0,100.0,-100.0,35104.0,5001900US4813
TX-14,TX,TX-14,29.46,-94.8,Randy Weber,95875.0,210320.0,,31.31,68.69,,31.31174578291612,68.6882542170839,-37.376508434167775,2451.0,5001900US4814
TX-15,TX,TX-15,27.96,-98.1,Monica De La Cruz,95965.0,127804.0,,42.89,57.11,,42.88574378041641,57.1142562195836,-14.228512439167185,6230.0,5001900US4815
TX-16,TX,TX-16,31.81,-106.41,Veronica Escobar,131391.0,89281.0,156.0,59.5,40.43,0.07,59.54131017981439,40.45868982018562,19.08262035962877,315.0,5001900US4816
TX-17,TX,TX-17,31.25,-96.03,Pete Sessions,97941.0,193101.0,,33.65,66.35,,33.651844063743376,66.34815593625663,-32.696311872513256,10437.0,5001900US4817
TX-18,TX,TX-18,29.89,-95.38,Sylvester Turner,151834.0,66810.0,76.0,69.42,30.55,0.03,69.44347889720277,30.55652110279724,38.886957794405525,231.0,5001900US4818
TX-19,TX,TX-19,33.19,-101.44,Jodey C. Arrington,,214950.0,51425.0,,80.69,19.31,0.0,100.0,-100.0,30169.0,5001900US4819
TX-20,TX,TX-20,29.46,-98.62,Joaquin Castro,157890.0,,,100.0,,,100.0,0.0,100.0,179.0,5001900US4820
TX-21,TX,TX-21,30.02,-98.91,Chip Roy,153765.0,263744.0,8914.0,36.06,61.85,2.09,36.82914619804603,63.17085380195397,-26.341707603907945,6297.0,5001900US4821
TX-22,TX,TX-22,29.12,-95.99,Troy E. Nehls,127604.0,209285.0,,37.88,62.12,,37.8771642885342,62.1228357114658,-24.245671422931597,3156.0,5001900US4822
TX-23,TX,TX-23,30.38,-102.35,Tony Gonzales,109373.0,180720.0,,37.7,62.3,,37.70273670857277,62.29726329142723,-24.594526582854456,58788.0,5001900US4823
TX-24,TX,TX-24,32.91,-97.07,Beth Van Duyne,149518.0,227108.0,,39.7,60.3,,39.69933037018156,60.30066962981844,-20.60133925963688,271.0,5001900US4824
TX-25,TX,TX-25,32.56,-98.44,Roger Williams,,263042.0,1661.0,,99.37,0.63,0.0,100.0,-100.0,8995.0,5001900US4825
TX-26,TX,TX-26,33.36,-97.26,Brandon Gill,138558.0,241096.0,8773.0,35.67,62.07,2.26,36.49586202173558,63.50413797826442,-27.008275956528838,1966.0,5001900US4826
TX-27,TX,TX-27,28.74,-97.22,Michael Cloud,94596.0,183980.0,,33.96,66.04,,33.95698121876974,66.04301878123026,-32.08603756246052,10428.0,5001900US4827
TX-28,TX,TX-28,27.73,-98.85,Henry Cuellar,125280.0,112018.0,,52.79,47.21,,52.79437669091185,47.20562330908815,5.588753381823693,11357.0,5001900US4828
TX-29,TX,TX-29,29.81,-95.28,Sylvia Garcia,99379.0,52830.0,,65.29,34.71,,65.2911457272566,34.7088542727434,30.582291454513204,206.0,5001900US4829
TX-30,TX,TX-30,32.65,-96.81,Jasmine Crockett,197650.0,,35175.0,84.89,,15.11,100.0,0.0,100.0,355.0,5001900US4830
TX-31,TX,TX-31,31.25,-97.8,John Carter,126470.0,229087.0,,35.57,64.43,,35.56954299873157,64.43045700126844,-28.860914002536862,5613.0,5001900US4831
TX-32,TX,TX-32,32.88,-96.71,Julie Johnson,140536.0,85941.0,5987.0,60.45,36.97,2.58,62.05310031482225,37.94689968517774,24.106200629644512,149.0,5001900US4832
TX-33,TX,TX-33,32.77,-97.09,Marc Veasey,114289.0,51864.0,,68.79,31.21,,68.78539659229746,31.21460340770254,37.57079318459492,219.0,5001900US4833
TX-34,TX,TX-34,26.74,-97.61,Vicente Gonzalez,102780.0,97603.0,,51.29,48.71,,51.29177624848416,48.708223751515845,2.583552496968309,4122.0,5001900US4834
TX-35,TX,TX-35,30.01,-97.84,Greg Casar,170509.0,82610.0,,67.36,32.64,,67.36317700370181,32.63682299629818,34.72635400740363,521.0,5001900US4835
TX-36,TX,TX-36,30.37,-94.38,Brian Babin,91009.0,206009.0,,30.64,69.36,,30.640903918281047,69.35909608171895,-38.7181921634379,5945.0,5001900US4836
TX-37,TX,TX-37,30.32,-97.79,Lloyd Doggett,252980.0,80366.0,7511.0,74.22,23.58,2.2,75.89111613758676,24.108883862413222,51.78223227517354,223.0,5001900US4837
TX-38,TX,TX-38,29.95,-95.61,Wesley P. Hunt,127640.0,215030.0,94.0,37.24,62.73,0.03,37.24866489625588,62.75133510374413,-25.502670207488254,308.0,5001900US4838
UT-01,UT,UT-1,41.46,-112.46,Blake D. Moore,117319.0,230975.0,17601.0,32.06,63.13,4.81,33.683899234554715,66.31610076544528,-32.63220153089057,10271.0,5001900US4901
UT-02,UT,UT-2,38.72,-112.58,Celeste Maloy,121114.0,205234.0,27490.0,34.23,58.0,7.77,37.11191733977227,62.88808266022773,-25.776165320455465,39218.0,5001900US4902
UT-03,UT,UT-3,39.18,-110.1,Mike Kennedy,122780.0,242496.0,,33.61,66.39,,33.61293925689068,66.38706074310932,-32.77412148621864,28715.0,5001900US4903
UT-04,UT,UT-4,39.75,-111.71,Burgess Owens,109838.0,230627.0,23203.0,30.2,63.42,6.38,32.2611722203457,67.7388277796543,-35.4776555593086,4391.0,5001900US4904
VT-AL,VT,VT-AL,44.07,-72.67,Becca Balint,218398.0,104451.0,27767.0,62.29,29.79,7.92,67.64710437387139,32.35289562612863,35.29420874774276,9217.0,5001900US5000
VA-01,VA,VA-1,37.64,-76.79,Robert J. Wittman,208445.0,269657.0,0.0,43.6,56.4,0.0,43.5984371535781,56.401562846421896,-12.803125692843793,3039.0,5001900US5101
VA-02,VA,VA-2,37.21,-76.12,Jen A. Kiggans,191666.0,207368.0,9197.0,46.95,50.8,2.25,48.03249848383848,51.967501516161526,-3.9350030323230527,2151.0,5001900US5102
VA-03,VA,VA-3,36.98,-76.35,"Robert C. ""Bobby"" Scott",219926.0,93801.0,0.0,70.1,29.9,0.0,70.1010751385759,29.898924861424103,40.20215027715179,252.0,5001900US5103
VA-04,VA,VA-4,37.01,-77.4,Jennifer L. McClellan,252885.0,121814.0,0.0,67.49,32.51,0.0,67.49017211148148,32.509827888518515,34.98034422296297,3427.0,5001900US5104
VA-05,VA,VA-5,37.32,-78.6,John J. McGuire III,184229.0,249564.0,0.0,42.47,57.53,0.0,42.469334452146526,57.53066554785347,-15.06133109570694,9464.0,5001900US5105
VA-06,VA,VA-6,38.27,-79.16,Ben L. Cline,141612.0,256933.0,7980.0,34.83,63.2,1.96,35.5322485541156,64.4677514458844,-28.93550289176881,6265.0,5001900US5106
VA-07,VA,VA-7,38.29,-77.73,Eugene S. Vindman,203336.0,192847.0,0.0,51.32,48.68,0.0,51.32375695070207,48.67624304929792,2.647513901404146,2724.0,5001900US5107
VA-08,VA,VA-8,38.8,-77.14,"Donald S. Beyer, Jr.",274593.0,94676.0,13612.0,71.72,24.73,3.56,74.36123801348069,25.63876198651932,48.722476026961374,147.0,5001900US5108
VA-09,VA,VA-9,36.97,-81.15,H. Morgan Griffith,109570.0,290645.0,0.0,27.38,72.62,0.0,27.377784440863035,72.62221555913696,-45.24443111827392,10071.0,5001900US5109
VA-10,VA,VA-10,38.84,-77.77,Suhas Subramanyam,215131.0,196343.0,0.0,52.28,47.72,0.0,52.28301180633528,47.716988193664726,4.566023612670556,1690.0,5001900US5110
VA-11,VA,VA-11,38.87,-77.31,"Gerald E. ""Gerry"" Connolly",273529.0,134802.0,0.0,66.99,33.01,0.0,66.98707666084623,33.01292333915378,33.97415332169245,251.0,5001900US5111
WA-01,WA,WA-1,47.88,-122.13,Suzan DelBene,227213.0,132538.0,907.0,63.0,36.75,0.25,63.15840678691651,36.8415932130835,26.31681357383301,332.0,5001900US5301
WA-02,WA,WA-2,48.59,-122.05,Rick Larsen,263750.0,148167.0,1303.0,63.83,35.86,0.32,64.02988951657737,35.97011048342263,28.05977903315474,4404.0,5001900US5302
WA-03,WA,WA-3,46.33,-122.61,Marie Gluesenkamp Perez,215177.0,199054.0,1673.0,51.74,47.86,0.4,51.946136334557295,48.05386366544271,3.892272669114583,7309.0,5001900US5303
WA-04,WA,WA-4,47.23,-120.01,Dan Newhouse,,153477.0,5400.0,,52.02,1.83,0.0,100.0,-100.0,17885.0,5001900US5304
WA-05,WA,WA-5,47.43,-118.01,Michael Baumgartner,156074.0,240619.0,593.0,39.29,60.57,0.15,39.34377465697656,60.65622534302345,-21.31245068604689,18712.0,5001900US5305
WA-06,WA,WA-6,47.65,-123.61,Emily Randall,239687.0,182182.0,753.0,56.71,43.11,0.18,56.81550433902467,43.18449566097532,13.631008678049348,6957.0,5001900US5306
WA-07,WA,WA-7,47.55,-122.39,Pramila Jayapal,352286.0,66220.0,1313.0,83.91,15.77,0.31,84.17704883562004,15.822951164379962,68.35409767124008,137.0,5001900US5307
WA-08,WA,WA-8,47.55,-121.15,Kim Schrier,224607.0,190675.0,995.0,53.96,45.8,0.24,54.08541665663332,45.91458334336668,8.170833313266641,9828.0,5001900US5308
WA-09,WA,WA-9,47.44,-122.25,Adam Smith,182780.0,,5917.0,65.44,,2.12,100.0,0.0,100.0,183.0,5001900US5309
WA-10,WA,WA-10,47.05,-122.75,Marilyn Strickland,203732.0,143492.0,820.0,58.54,41.23,0.24,58.67451558648021,41.3254844135198,17.3490311729604,708.0,5001900US5310
WV-01,WV,WV-1,38.21,-81.14,Carol Miller,90038.0,228491.0,25616.0,26.16,66.39,7.44,28.266814010655235,71.73318598934478,-43.46637197868954,14340.0,5001900US5401
WV-02,WV,WV-2,39.28,-79.85,Riley Moore,110775.0,268190.0,,29.23,70.77,,29.230931616376186,70.76906838362382,-41.53813676724764,9701.0,5001900US5402
WI-01,WI,WI-1,42.72,-87.94,Bryan Steil,172402.0,212515.0,8576.0,43.81,54.01,2.18,44.78939615553482,55.21060384446517,-10.421207688930345,1534.0,5001900US5501
WI-02,WI,WI-2,42.97,-89.74,Mark Pocan,320317.0,136357.0,583.0,70.05,29.82,0.13,70.14128240276433,29.85871759723566,40.28256480552867,4301.0,5001900US5502
WI-03,WI,WI-3,44.05,-90.9,Derrick van Orden,200808.0,212064.0,309.0,48.6,51.32,0.07,48.63686566296576,51.36313433703423,-2.7262686740684714,11228.0,5001900US5503
WI-04,WI,WI-4,43.11,-87.62,Gwen S. Moore,249938.0,74921.0,9423.0,74.77,22.41,2.82,76.93737898596005,23.062621014039937,53.87475797192012,140.0,5001900US5504
WI-05,WI,WI-5,43.17,-88.51,Scott Fitzgerald,165653.0,300521.0,508.0,35.5,64.4,0.11,35.53458579843578,64.46541420156422,-28.93082840312844,2143.0,5001900US5505
WI-06,WI,WI-6,43.78,-88.28,Glenn Grothman,159042.0,251889.0,418.0,38.66,61.23,0.1,38.702847923374,61.297152076626006,-22.59430415325201,5031.0,5001900US5506
WI-07,WI,WI-7,45.69,-90.66,Tom Tiffany,156524.0,273553.0,307.0,36.37,63.56,0.07,36.39441309346931,63.60558690653069,-27.21117381306138,23110.0,5001900US5507
WI-08,WI,WI-8,44.85,-87.93,Tony Wied,178666.0,240040.0,272.0,42.64,57.29,0.06,42.67099110115451,57.32900889884549,-14.658017797690974,6681.0,5001900US5508
WY-AL,WY,WY-AL,43.0,-107.55,Harriet Hageman,60778.0,184680.0,16090.0,23.24,70.61,6.15,24.76105891843004,75.23894108156996,-50.47788216313992,97088.0,5001900US5600
