as_of_date,chamber,gop_control_prob,dem_control_prob,tied_chamber_prob,expected_gop_seats,median_gop_seats,gop_seat_q05,gop_seat_q25,gop_seat_q75,gop_seat_q95
2025-01-23,House,0.494,0.506,0.0,218.70866666666663,217.0,182.0,203.0,234.0,261.0
2025-01-24,House,0.494,0.506,0.0,218.69266666666667,217.0,182.0,203.0,234.0,261.0
2025-01-25,House,0.494,0.506,0.0,218.682,217.0,182.0,203.0,234.0,261.0
2025-01-26,House,0.494,0.506,0.0,218.67333333333332,217.0,182.0,203.0,234.0,261.0
2025-01-27,House,0.4933333333333333,0.5066666666666667,0.0,218.66133333333332,217.0,182.0,203.0,234.0,261.0
2025-01-28,House,0.4926666666666666,0.5073333333333333,0.0,218.64866666666663,217.0,182.0,203.0,234.0,260.04999999999995
2025-01-29,House,0.4926666666666666,0.5073333333333333,0.0,218.64266666666663,217.0,182.0,203.0,234.0,260.04999999999995
2025-01-30,House,0.4926666666666666,0.5073333333333333,0.0,218.63133333333332,217.0,182.0,203.0,234.0,260.04999999999995
2025-01-31,House,0.4926666666666666,0.5073333333333333,0.0,218.61533333333333,217.0,182.0,203.0,234.0,260.04999999999995
2025-02-01,House,0.4786666666666667,0.5213333333333333,0.0,217.712,216.5,184.0,203.0,232.0,256.0
2025-02-02,House,0.4773333333333333,0.5226666666666666,0.0,217.696,216.5,184.0,203.0,232.0,256.0
2025-02-03,House,0.4773333333333333,0.5226666666666666,0.0,217.68066666666667,216.0,184.0,203.0,232.0,256.0
2025-02-04,House,0.4773333333333333,0.5226666666666666,0.0,217.6653333333333,216.0,184.0,203.0,232.0,256.0
2025-02-05,House,0.4913333333333333,0.5086666666666667,0.0,218.2693333333333,217.0,185.0,204.0,232.0,256.0
2025-02-06,House,0.474,0.526,0.0,217.564,216.0,184.95,203.0,231.0,255.0
2025-02-07,House,0.474,0.526,0.0,217.55266666666665,216.0,184.95,203.0,231.0,255.0
2025-02-08,House,0.474,0.526,0.0,217.5433333333333,216.0,184.95,203.0,231.0,255.0
2025-02-09,House,0.4733333333333333,0.5266666666666666,0.0,217.528,216.0,184.95,203.0,231.0,254.04999999999995
2025-02-10,House,0.4733333333333333,0.5266666666666666,0.0,217.52066666666667,216.0,184.95,203.0,231.0,254.0
2025-02-11,House,0.4733333333333333,0.5266666666666666,0.0,217.4993333333333,216.0,184.95,203.0,231.0,254.0
2025-02-12,House,0.4733333333333333,0.5266666666666666,0.0,217.4873333333333,216.0,184.95,203.0,231.0,254.0
2025-02-13,House,0.4733333333333333,0.5266666666666666,0.0,217.47266666666667,216.0,184.95,203.0,231.0,254.0
2025-02-14,House,0.4733333333333333,0.5266666666666666,0.0,217.46066666666667,216.0,184.95,203.0,231.0,254.0
2025-02-15,House,0.4733333333333333,0.5266666666666666,0.0,217.444,216.0,184.95,203.0,231.0,254.0
2025-02-16,House,0.4733333333333333,0.5266666666666666,0.0,217.428,216.0,184.95,203.0,231.0,254.0
2025-02-17,House,0.4733333333333333,0.5266666666666666,0.0,217.414,216.0,184.95,203.0,231.0,254.0
2025-02-18,House,0.4733333333333333,0.5266666666666666,0.0,217.40266666666668,216.0,184.95,203.0,231.0,254.0
2025-02-19,House,0.4733333333333333,0.5266666666666666,0.0,217.3886666666667,216.0,184.95,203.0,231.0,254.0
2025-02-20,House,0.4726666666666667,0.5273333333333333,0.0,217.374,216.0,184.95,203.0,231.0,254.0
2025-02-21,House,0.4726666666666667,0.5273333333333333,0.0,217.362,216.0,184.95,203.0,231.0,254.0
2025-02-22,House,0.4726666666666667,0.5273333333333333,0.0,217.34666666666664,216.0,184.95,203.0,231.0,254.0
2025-02-23,House,0.4726666666666667,0.5273333333333333,0.0,217.33666666666667,216.0,184.95,203.0,231.0,254.0
2025-02-24,House,0.4726666666666667,0.5273333333333333,0.0,217.324,216.0,184.95,203.0,231.0,254.0
2025-02-25,House,0.4726666666666667,0.5273333333333333,0.0,217.31133333333327,216.0,184.95,203.0,231.0,254.0
2025-02-26,House,0.4726666666666667,0.5273333333333333,0.0,217.3,216.0,184.95,203.0,231.0,254.0
2025-02-27,House,0.4726666666666667,0.5273333333333333,0.0,217.28066666666663,216.0,184.95,203.0,231.0,254.0
2025-02-28,House,0.4726666666666667,0.5273333333333333,0.0,217.2633333333333,216.0,184.95,203.0,231.0,254.0
2025-03-01,House,0.472,0.528,0.0,217.25266666666667,216.0,184.95,203.0,231.0,254.0
2025-03-02,House,0.472,0.528,0.0,217.242,216.0,184.95,203.0,231.0,254.0
2025-03-03,House,0.4493333333333333,0.5506666666666666,0.0,215.686,215.0,183.0,202.0,229.0,252.0
2025-03-04,House,0.4493333333333333,0.5506666666666666,0.0,215.67266666666663,215.0,183.0,202.0,229.0,252.0
2025-03-05,House,0.4486666666666666,0.5513333333333333,0.0,215.66,215.0,183.0,202.0,229.0,252.0
2025-03-06,House,0.4486666666666666,0.5513333333333333,0.0,215.64666666666668,215.0,183.0,202.0,229.0,252.0
2025-03-07,House,0.4486666666666666,0.5513333333333333,0.0,215.63066666666663,215.0,183.0,202.0,229.0,252.0
2025-03-08,House,0.4486666666666666,0.5513333333333333,0.0,215.61866666666663,215.0,183.0,202.0,229.0,252.0
2025-03-09,House,0.448,0.552,0.0,215.60733333333332,215.0,183.0,202.0,229.0,252.0
2025-03-10,House,0.4473333333333333,0.5526666666666666,0.0,215.594,215.0,183.0,202.0,229.0,252.0
2025-03-11,House,0.4433333333333333,0.5566666666666666,0.0,215.356,214.0,183.0,202.0,229.0,251.0
2025-03-12,House,0.4433333333333333,0.5566666666666666,0.0,215.34733333333327,214.0,183.0,202.0,229.0,251.0
2025-03-13,House,0.4433333333333333,0.5566666666666666,0.0,215.334,214.0,183.0,202.0,229.0,251.0
2025-03-14,House,0.4426666666666666,0.5573333333333333,0.0,215.3213333333333,214.0,183.0,202.0,229.0,251.0
2025-03-15,House,0.442,0.558,0.0,215.30466666666663,214.0,183.0,202.0,229.0,251.0
2025-03-16,House,0.442,0.558,0.0,215.29466666666667,214.0,183.0,202.0,229.0,251.0
2025-03-17,House,0.442,0.558,0.0,215.278,214.0,183.0,202.0,228.25,251.0
2025-03-18,House,0.442,0.558,0.0,215.26533333333333,214.0,183.0,202.0,228.0,251.0
2025-03-19,House,0.442,0.558,0.0,215.2513333333333,214.0,183.0,201.75,228.0,251.0
2025-03-20,House,0.4413333333333333,0.5586666666666666,0.0,215.24,214.0,183.0,201.75,228.0,251.0
2025-03-21,House,0.4413333333333333,0.5586666666666666,0.0,215.23,214.0,183.0,201.75,228.0,251.0
2025-03-22,House,0.4413333333333333,0.5586666666666666,0.0,215.22,214.0,183.0,201.0,228.0,251.0
2025-03-23,House,0.4413333333333333,0.5586666666666666,0.0,215.2093333333333,214.0,183.0,201.0,228.0,251.0
2025-03-24,House,0.4406666666666666,0.5593333333333333,0.0,215.19266666666667,214.0,183.0,201.0,228.0,251.0
2025-03-25,House,0.4393333333333333,0.5606666666666666,0.0,215.17933333333332,214.0,183.0,201.0,228.0,251.0
2025-03-26,House,0.4393333333333333,0.5606666666666666,0.0,215.16333333333333,214.0,183.0,201.0,228.0,251.0
2025-03-27,House,0.4526666666666666,0.5473333333333333,0.0,215.9213333333333,215.0,184.0,202.0,229.0,251.04999999999995
2025-03-28,House,0.4526666666666666,0.5473333333333333,0.0,215.91,215.0,184.0,202.0,229.0,251.04999999999995
2025-03-29,House,0.4526666666666666,0.5473333333333333,0.0,215.89466666666667,215.0,184.0,202.0,229.0,251.04999999999995
2025-03-30,House,0.452,0.548,0.0,215.888,215.0,184.0,202.0,229.0,251.04999999999995
2025-03-31,House,0.452,0.548,0.0,215.87733333333333,215.0,184.0,202.0,229.0,251.0
2025-04-01,House,0.4453333333333333,0.5546666666666666,0.0,215.538,215.0,184.0,202.0,228.0,250.04999999999995
2025-04-02,House,0.4453333333333333,0.5546666666666666,0.0,215.53,215.0,184.0,202.0,228.0,250.04999999999995
2025-04-03,House,0.44,0.56,0.0,215.27666666666667,214.0,184.0,202.0,228.0,249.0
2025-04-04,House,0.4393333333333333,0.5606666666666666,0.0,215.26666666666668,214.0,184.0,202.0,228.0,249.0
2025-04-05,House,0.4386666666666666,0.5613333333333334,0.0,215.252,214.0,184.0,202.0,228.0,249.0
2025-04-06,House,0.4386666666666666,0.5613333333333334,0.0,215.2373333333333,214.0,184.0,202.0,228.0,249.0
2025-04-07,House,0.4386666666666666,0.5613333333333334,0.0,215.22466666666668,214.0,184.0,202.0,228.0,249.0
2025-04-08,House,0.4353333333333333,0.5646666666666667,0.0,215.02733333333333,214.0,184.0,202.0,227.0,249.0
2025-04-09,House,0.4346666666666666,0.5653333333333334,0.0,215.01266666666663,214.0,184.0,202.0,227.0,249.0
2025-04-10,House,0.4326666666666666,0.5673333333333334,0.0,215.002,214.0,184.0,202.0,227.0,249.0
2025-04-11,House,0.4326666666666666,0.5673333333333334,0.0,214.994,214.0,184.0,202.0,227.0,249.0
2025-04-12,House,0.4326666666666666,0.5673333333333334,0.0,214.97933333333333,214.0,184.0,202.0,227.0,248.04999999999995
2025-04-13,House,0.4293333333333333,0.5706666666666667,0.0,214.6173333333333,214.0,183.95,201.0,227.0,248.0
2025-04-14,House,0.4286666666666666,0.5713333333333334,0.0,214.60533333333333,214.0,183.95,201.0,227.0,248.0
2025-04-15,House,0.428,0.572,0.0,214.588,214.0,183.0,201.0,227.0,248.0
2025-04-16,House,0.4053333333333333,0.5946666666666667,0.0,213.362,213.0,182.0,200.75,226.0,247.0
2025-04-17,House,0.4046666666666667,0.5953333333333334,0.0,213.35466666666667,213.0,182.0,200.75,226.0,247.0
2025-04-18,House,0.4046666666666667,0.5953333333333334,0.0,213.34,213.0,182.0,200.75,226.0,247.0
2025-04-19,House,0.4046666666666667,0.5953333333333334,0.0,213.332,213.0,182.0,200.75,226.0,247.0
2025-04-20,House,0.4046666666666667,0.5953333333333334,0.0,213.32,213.0,182.0,200.75,226.0,247.0
2025-04-21,House,0.3726666666666666,0.6273333333333333,0.0,211.47666666666663,211.0,180.0,199.0,224.0,244.04999999999995
2025-04-22,House,0.3726666666666666,0.6273333333333333,0.0,211.47,211.0,180.0,199.0,224.0,244.04999999999995
2025-04-23,House,0.3726666666666666,0.6273333333333333,0.0,211.46266666666668,211.0,180.0,199.0,224.0,244.04999999999995
2025-04-24,House,0.368,0.632,0.0,211.19066666666663,211.0,180.0,198.0,223.25,244.0
2025-04-25,House,0.368,0.632,0.0,211.18466666666663,211.0,180.0,198.0,223.25,244.0
2025-04-26,House,0.368,0.632,0.0,211.1773333333333,211.0,180.0,198.0,223.25,244.0
2025-04-27,House,0.3473333333333333,0.6526666666666666,0.0,210.12733333333333,210.0,178.0,197.0,222.0,243.04999999999995
2025-04-28,House,0.3466666666666667,0.6533333333333333,0.0,210.116,210.0,178.0,197.0,222.0,243.04999999999995
2025-04-29,House,0.3466666666666667,0.6533333333333333,0.0,210.10466666666667,210.0,178.0,197.0,222.0,243.04999999999995
2025-04-30,House,0.3466666666666667,0.6533333333333333,0.0,210.096,210.0,178.0,197.0,222.0,243.04999999999995
2025-05-01,House,0.3466666666666667,0.6533333333333333,0.0,210.08933333333331,210.0,178.0,197.0,222.0,243.04999999999995
2025-05-02,House,0.3466666666666667,0.6533333333333333,0.0,210.082,210.0,178.0,197.0,222.0,243.04999999999995
2025-05-03,House,0.346,0.654,0.0,210.07466666666667,210.0,178.0,197.0,222.0,243.04999999999995
2025-05-04,House,0.346,0.654,0.0,210.06866666666667,210.0,178.0,197.0,222.0,243.04999999999995
2025-05-05,House,0.392,0.608,0.0,212.63733333333332,212.0,182.0,200.0,225.0,245.0
2025-05-06,House,0.392,0.608,0.0,212.63,212.0,182.0,200.0,225.0,245.0
2025-05-07,House,0.398,0.602,0.0,212.974,212.5,182.0,200.0,225.0,245.04999999999995
2025-05-08,House,0.398,0.602,0.0,212.96866666666668,212.5,182.0,200.0,225.0,245.04999999999995
2025-05-09,House,0.3973333333333333,0.6026666666666667,0.0,212.9593333333333,212.5,182.0,200.0,225.0,245.04999999999995
2025-05-10,House,0.3966666666666666,0.6033333333333334,0.0,212.95,212.5,182.0,200.0,225.0,245.04999999999995
2025-05-11,House,0.3966666666666666,0.6033333333333334,0.0,212.94333333333333,212.5,182.0,200.0,225.0,245.04999999999995
2025-05-12,House,0.3966666666666666,0.6033333333333334,0.0,212.93533333333332,212.5,182.0,200.0,225.0,245.04999999999995
2025-05-13,House,0.396,0.604,0.0,212.918,212.5,182.0,200.0,225.0,245.04999999999995
2025-05-14,House,0.3953333333333333,0.6046666666666667,0.0,212.91,212.5,182.0,200.0,225.0,245.04999999999995
2025-05-15,House,0.398,0.602,0.0,213.00866666666667,212.5,182.0,200.0,225.0,245.04999999999995
2025-05-16,House,0.398,0.602,0.0,213.0013333333333,212.5,182.0,200.0,225.0,245.04999999999995
2025-05-17,House,0.398,0.602,0.0,212.99133333333333,212.5,182.0,200.0,225.0,245.04999999999995
2025-05-18,House,0.3973333333333333,0.6026666666666667,0.0,212.9813333333333,212.5,182.0,200.0,225.0,245.04999999999995
2025-05-19,House,0.3966666666666666,0.6033333333333334,0.0,212.9753333333333,212.5,182.0,200.0,225.0,245.0
2025-05-20,House,0.3966666666666666,0.6033333333333334,0.0,212.962,212.5,182.0,200.0,225.0,245.0
2025-05-21,House,0.388,0.612,0.0,212.55666666666667,212.0,182.0,200.0,224.25,245.0
2025-05-22,House,0.388,0.612,0.0,212.54533333333333,212.0,182.0,200.0,224.25,245.0
2025-05-23,House,0.388,0.612,0.0,212.53866666666667,212.0,182.0,200.0,224.25,245.0
2025-05-24,House,0.388,0.612,0.0,212.5233333333333,212.0,182.0,200.0,224.0,245.0
2025-05-25,House,0.388,0.612,0.0,212.52,212.0,182.0,200.0,224.0,245.0
2025-05-26,House,0.388,0.612,0.0,212.51266666666663,212.0,182.0,200.0,224.0,245.0
2025-05-27,House,0.3046666666666666,0.6953333333333334,0.0,208.12133333333333,208.0,176.0,195.75,220.0,239.0
2025-05-28,House,0.3046666666666666,0.6953333333333334,0.0,208.116,208.0,176.0,195.75,220.0,239.0
2025-05-29,House,0.3046666666666666,0.6953333333333334,0.0,208.10733333333332,208.0,176.0,195.75,220.0,239.0
2025-05-30,House,0.3046666666666666,0.6953333333333334,0.0,208.102,208.0,176.0,195.75,220.0,239.0
2025-05-31,House,0.3046666666666666,0.6953333333333334,0.0,208.09466666666663,208.0,176.0,195.75,220.0,239.0
2025-06-01,House,0.3046666666666666,0.6953333333333334,0.0,208.08533333333327,208.0,176.0,195.75,220.0,239.0
2025-06-02,House,0.3086666666666666,0.6913333333333334,0.0,208.47066666666663,208.0,177.0,196.0,220.0,240.0
2025-06-03,House,0.3086666666666666,0.6913333333333334,0.0,208.4653333333333,208.0,177.0,196.0,220.0,240.0
2025-06-04,House,0.3326666666666666,0.6673333333333333,0.0,209.798,209.5,179.0,197.0,222.0,241.0
2025-06-05,House,0.3326666666666666,0.6673333333333333,0.0,209.79466666666667,209.5,179.0,197.0,222.0,241.0
2025-06-06,House,0.3326666666666666,0.6673333333333333,0.0,209.79066666666668,209.5,179.0,197.0,222.0,241.0
2025-06-07,House,0.3326666666666666,0.6673333333333333,0.0,209.784,209.5,179.0,197.0,222.0,241.0
2025-06-08,House,0.3326666666666666,0.6673333333333333,0.0,209.774,209.0,179.0,197.0,222.0,241.0
2025-06-09,House,0.3326666666666666,0.6673333333333333,0.0,209.76466666666667,209.0,179.0,197.0,222.0,241.0
2025-06-10,House,0.3326666666666666,0.6673333333333333,0.0,209.75266666666667,209.0,179.0,197.0,222.0,241.0
2025-06-11,House,0.3466666666666667,0.6533333333333333,0.0,210.37733333333333,210.0,180.0,198.0,222.0,241.04999999999995
2025-06-12,House,0.3466666666666667,0.6533333333333333,0.0,210.36866666666663,210.0,180.0,198.0,222.0,241.04999999999995
2025-06-13,House,0.346,0.654,0.0,210.358,210.0,180.0,198.0,222.0,241.04999999999995
2025-06-14,House,0.346,0.654,0.0,210.35,210.0,180.0,198.0,222.0,241.04999999999995
2025-06-15,House,0.3453333333333333,0.6546666666666666,0.0,210.34133333333327,210.0,180.0,198.0,222.0,241.04999999999995
2025-06-16,House,0.3446666666666667,0.6553333333333333,0.0,210.33066666666667,210.0,180.0,198.0,222.0,241.04999999999995
2025-06-17,House,0.3446666666666667,0.6553333333333333,0.0,210.326,210.0,180.0,198.0,222.0,241.04999999999995
2025-06-18,House,0.3446666666666667,0.6553333333333333,0.0,210.32266666666663,210.0,180.0,198.0,222.0,241.04999999999995
2025-06-19,House,0.392,0.608,0.0,212.94133333333332,212.0,183.0,201.0,224.25,245.0
2025-06-20,House,0.392,0.608,0.0,212.93266666666668,212.0,183.0,201.0,224.25,245.0
2025-06-21,House,0.392,0.608,0.0,212.92266666666663,212.0,183.0,201.0,224.25,245.0
2025-06-22,House,0.392,0.608,0.0,212.91866666666667,212.0,183.0,201.0,224.0,245.0
2025-06-23,House,0.392,0.608,0.0,212.90866666666668,212.0,183.0,201.0,224.0,245.0
2025-06-24,House,0.392,0.608,0.0,212.9,212.0,183.0,201.0,224.0,245.0
2025-06-25,House,0.3846666666666666,0.6153333333333333,0.0,212.47066666666663,212.0,183.0,200.0,224.0,244.0
2025-06-26,House,0.3846666666666666,0.6153333333333333,0.0,212.46266666666668,212.0,183.0,200.0,224.0,244.0
2025-06-27,House,0.3846666666666666,0.6153333333333333,0.0,212.45666666666668,212.0,183.0,200.0,224.0,244.0
2025-06-28,House,0.3846666666666666,0.6153333333333333,0.0,212.44866666666667,212.0,183.0,200.0,224.0,244.0
2025-06-29,House,0.3846666666666666,0.6153333333333333,0.0,212.43866666666668,212.0,183.0,200.0,224.0,244.0
2025-06-30,House,0.3846666666666666,0.6153333333333333,0.0,212.42866666666663,212.0,183.0,200.0,224.0,244.0
2025-07-01,House,0.3846666666666666,0.6153333333333333,0.0,212.41866666666667,212.0,183.0,200.0,224.0,244.0
2025-07-02,House,0.388,0.612,0.0,212.64066666666668,212.0,183.0,200.75,224.0,244.0
2025-07-03,House,0.388,0.612,0.0,212.6293333333333,212.0,183.0,200.75,224.0,244.0
2025-07-04,House,0.388,0.612,0.0,212.61333333333332,212.0,183.0,200.75,224.0,244.0
2025-07-05,House,0.3873333333333333,0.6126666666666667,0.0,212.606,212.0,183.0,200.75,224.0,244.0
2025-07-06,House,0.3873333333333333,0.6126666666666667,0.0,212.592,212.0,183.0,200.75,224.0,244.0
2025-07-07,House,0.3866666666666666,0.6133333333333333,0.0,212.582,212.0,183.0,200.75,224.0,244.0
2025-07-08,House,0.3866666666666666,0.6133333333333333,0.0,212.57266666666663,212.0,183.0,200.75,224.0,244.0
2025-07-09,House,0.3866666666666666,0.6133333333333333,0.0,212.55866666666665,212.0,183.0,200.75,224.0,244.0
2025-07-10,House,0.3866666666666666,0.6133333333333333,0.0,212.55266666666665,212.0,183.0,200.75,224.0,244.0
2025-07-11,House,0.3866666666666666,0.6133333333333333,0.0,212.54466666666667,212.0,183.0,200.75,224.0,244.0
2025-07-12,House,0.3866666666666666,0.6133333333333333,0.0,212.538,212.0,183.0,200.75,224.0,244.0
2025-07-13,House,0.3866666666666666,0.6133333333333333,0.0,212.52666666666667,212.0,183.0,200.0,224.0,244.0
2025-07-14,House,0.3913333333333333,0.6086666666666667,0.0,212.882,212.0,184.0,201.0,224.0,244.0
2025-07-15,House,0.3913333333333333,0.6086666666666667,0.0,212.868,212.0,184.0,201.0,224.0,244.0
2025-07-16,House,0.4233333333333333,0.5766666666666667,0.0,214.708,214.0,186.0,203.0,226.0,245.04999999999995
2025-07-17,House,0.398,0.602,0.0,213.4453333333333,213.0,185.0,201.75,225.0,244.0
2025-07-18,House,0.366,0.634,0.0,211.40533333333332,211.0,183.0,199.0,223.0,242.0
2025-07-19,House,0.366,0.634,0.0,211.40466666666663,211.0,183.0,199.0,223.0,242.0
2025-07-20,House,0.3546666666666667,0.6453333333333333,0.0,211.1233333333333,211.0,182.0,199.0,223.0,241.0
2025-07-21,House,0.3546666666666667,0.6453333333333333,0.0,211.126,211.0,182.95,199.0,222.25,241.0
2025-07-22,House,0.354,0.646,0.0,211.12,211.0,182.95,199.0,222.0,241.0
2025-07-23,House,0.354,0.646,0.0,211.118,211.0,182.95,199.0,222.0,241.0
2025-07-24,House,0.354,0.646,0.0,211.11666666666667,211.0,182.95,199.0,222.0,241.0
2025-07-25,House,0.354,0.646,0.0,211.11933333333332,211.0,182.95,199.0,222.0,241.0
2025-07-26,House,0.354,0.646,0.0,211.11666666666667,211.0,182.95,199.0,222.0,241.0
2025-07-27,House,0.354,0.646,0.0,211.1233333333333,211.0,183.0,199.0,222.0,241.0
2025-07-28,House,0.3293333333333333,0.6706666666666666,0.0,210.0433333333333,210.0,181.0,198.0,221.0,240.0
2025-07-29,House,0.3293333333333333,0.6706666666666666,0.0,210.046,210.0,181.0,198.0,221.0,239.04999999999995
2025-07-30,House,0.3293333333333333,0.6706666666666666,0.0,210.048,210.0,181.0,198.0,221.0,239.04999999999995
2025-07-31,House,0.3286666666666666,0.6713333333333333,0.0,210.0473333333333,210.0,181.0,198.0,221.0,239.04999999999995
2025-08-01,House,0.3286666666666666,0.6713333333333333,0.0,210.05,210.0,181.0,198.0,221.0,239.04999999999995
2025-08-02,House,0.3286666666666666,0.6713333333333333,0.0,210.05066666666667,210.0,181.0,198.0,221.0,239.04999999999995
2025-08-03,House,0.3166666666666666,0.6833333333333333,0.0,209.5113333333333,209.0,181.0,198.0,221.0,239.0
2025-08-04,House,0.3006666666666667,0.6993333333333334,0.0,208.5773333333333,208.0,179.0,197.0,220.0,238.0
2025-08-05,House,0.3006666666666667,0.6993333333333334,0.0,208.57866666666663,208.0,179.95,197.0,220.0,238.0
2025-08-06,House,0.3006666666666667,0.6993333333333334,0.0,208.5773333333333,208.0,179.95,197.0,220.0,237.04999999999995
2025-08-07,House,0.3006666666666667,0.6993333333333334,0.0,208.58,208.0,179.95,197.0,220.0,237.04999999999995
2025-08-08,House,0.3,0.7,0.0,208.58466666666664,208.0,180.0,197.0,220.0,237.04999999999995
2025-08-09,House,0.3093333333333333,0.6906666666666667,0.0,209.12866666666667,209.0,180.95,197.75,220.0,238.04999999999995
2025-08-10,House,0.3093333333333333,0.6906666666666667,0.0,209.12533333333332,209.0,180.95,197.75,220.0,238.04999999999995
2025-08-11,House,0.3126666666666666,0.6873333333333334,0.0,209.3033333333333,209.0,181.0,198.0,220.25,239.0
2025-08-12,House,0.3126666666666666,0.6873333333333334,0.0,209.3,209.0,181.0,198.0,220.25,238.04999999999995
2025-08-13,House,0.3106666666666666,0.6893333333333334,0.0,209.22333333333333,209.0,181.0,198.0,220.0,238.04999999999995
2025-08-14,House,0.3106666666666666,0.6893333333333334,0.0,209.2333333333333,209.0,181.0,198.0,220.0,238.04999999999995
2025-08-15,House,0.3106666666666666,0.6893333333333334,0.0,209.23266666666663,209.0,181.0,198.0,220.0,238.04999999999995
2025-08-16,House,0.3106666666666666,0.6893333333333334,0.0,209.238,209.0,181.0,198.0,220.0,238.04999999999995
2025-08-17,House,0.3106666666666666,0.6893333333333334,0.0,209.2393333333333,209.0,181.0,198.0,220.0,238.0
2025-08-18,House,0.2993333333333333,0.7006666666666667,0.0,208.594,208.0,180.0,197.0,220.0,237.04999999999995
2025-08-19,House,0.2993333333333333,0.7006666666666667,0.0,208.59333333333333,208.0,180.0,197.0,220.0,237.04999999999995
2025-08-20,House,0.2986666666666667,0.7013333333333334,0.0,208.59,208.0,180.0,197.0,220.0,237.0
2025-08-21,House,0.314,0.686,0.0,209.52066666666667,209.0,181.0,198.0,221.0,239.0
2025-08-22,House,0.314,0.686,0.0,209.5233333333333,209.0,181.0,198.0,221.0,239.0
2025-08-23,House,0.314,0.686,0.0,209.52133333333333,209.0,181.0,198.0,221.0,238.04999999999995
2025-08-24,House,0.308,0.692,0.0,209.236,209.0,181.0,198.0,220.0,238.0
2025-08-25,House,0.312,0.688,0.0,209.38933333333333,209.0,181.0,198.0,220.0,238.0
2025-08-26,House,0.32,0.68,0.0,209.87733333333333,210.0,182.0,198.0,221.0,239.0
2025-08-27,House,0.32,0.68,0.0,209.88066666666663,210.0,182.0,198.0,221.0,239.0
2025-08-28,House,0.32,0.68,0.0,209.87866666666667,210.0,182.0,198.0,221.0,239.0
2025-08-29,House,0.32,0.68,0.0,209.88,210.0,182.0,198.0,221.0,239.0
2025-08-30,House,0.32,0.68,0.0,209.878,210.0,182.0,198.0,221.0,239.0
2025-08-31,House,0.32,0.68,0.0,209.87866666666667,210.0,182.0,198.0,221.0,239.0
2025-09-01,House,0.3133333333333333,0.6866666666666666,0.0,209.55666666666667,209.0,182.0,198.0,220.0,238.0
2025-09-02,House,0.3006666666666667,0.6993333333333334,0.0,208.8766666666667,209.0,181.0,198.0,220.0,237.0
2025-09-03,House,0.2993333333333333,0.7006666666666667,0.0,208.83333333333331,209.0,181.0,197.0,220.0,237.0
2025-09-04,House,0.2993333333333333,0.7006666666666667,0.0,208.83,209.0,181.0,197.75,220.0,237.0
2025-09-05,House,0.2993333333333333,0.7006666666666667,0.0,208.82933333333327,209.0,181.0,198.0,220.0,237.0
2025-09-06,House,0.2993333333333333,0.7006666666666667,0.0,208.836,209.0,181.0,198.0,220.0,237.0
2025-09-07,House,0.2946666666666667,0.7053333333333334,0.0,208.44133333333332,208.0,180.0,197.0,219.0,237.0
2025-09-08,House,0.2853333333333333,0.7146666666666667,0.0,208.1893333333333,208.0,180.0,197.0,219.0,236.04999999999995
2025-09-09,House,0.2853333333333333,0.7146666666666667,0.0,208.18666666666667,208.0,180.0,197.0,219.0,236.04999999999995
2025-09-10,House,0.2853333333333333,0.7146666666666667,0.0,208.192,208.0,180.0,197.0,219.0,236.04999999999995
2025-09-11,House,0.2846666666666667,0.7153333333333334,0.0,208.194,208.0,180.0,197.0,219.0,236.0
2025-09-12,House,0.2846666666666667,0.7153333333333334,0.0,208.19866666666667,208.0,180.0,197.0,219.0,236.0
2025-09-13,House,0.2946666666666667,0.7053333333333334,0.0,208.502,208.0,180.95,197.0,219.0,237.0
2025-09-14,House,0.2946666666666667,0.7053333333333334,0.0,208.508,208.0,181.0,197.0,219.0,237.0
2025-09-15,House,0.298,0.702,0.0,208.7213333333333,208.5,181.0,198.0,219.0,237.0
2025-09-16,House,0.2753333333333333,0.7246666666666667,0.0,207.8093333333333,208.0,180.0,196.0,218.25,236.0
2025-09-17,House,0.2753333333333333,0.7246666666666667,0.0,207.80666666666667,208.0,180.0,197.0,218.25,236.0
2025-09-18,House,0.2753333333333333,0.7246666666666667,0.0,207.81133333333327,208.0,180.0,197.0,218.25,236.0
2025-09-19,House,0.2753333333333333,0.7246666666666667,0.0,207.81333333333333,208.0,180.0,197.0,218.25,236.0
2025-09-20,House,0.2753333333333333,0.7246666666666667,0.0,207.814,208.0,180.0,197.0,218.0,236.0
2025-09-21,House,0.2753333333333333,0.7246666666666667,0.0,207.81133333333327,208.0,180.0,197.0,218.0,236.0
2025-09-22,House,0.2753333333333333,0.7246666666666667,0.0,207.85,208.0,180.0,197.0,218.25,236.0
2025-09-23,House,0.2753333333333333,0.7246666666666667,0.0,207.848,208.0,180.0,197.0,218.0,236.0
2025-09-24,House,0.3006666666666667,0.6993333333333334,0.0,209.07666666666665,209.0,182.0,198.0,220.0,237.0
2025-09-25,House,0.3006666666666667,0.6993333333333334,0.0,209.07666666666665,209.0,182.0,198.0,220.0,237.0
2025-09-26,House,0.3006666666666667,0.6993333333333334,0.0,209.076,209.0,182.0,198.0,220.0,237.0
2025-09-27,House,0.3046666666666666,0.6953333333333334,0.0,209.26466666666667,209.0,182.0,198.0,220.0,237.0
2025-09-28,House,0.3046666666666666,0.6953333333333334,0.0,209.258,209.0,182.0,198.0,220.0,237.0
2025-09-29,House,0.2986666666666667,0.7013333333333334,0.0,208.90866666666668,209.0,182.0,198.0,219.0,237.0
2025-09-30,House,0.2986666666666667,0.7013333333333334,0.0,208.90266666666668,209.0,182.0,198.0,219.0,237.0
2025-10-01,House,0.2986666666666667,0.7013333333333334,0.0,208.90666666666667,209.0,182.0,198.0,219.0,237.0
2025-10-02,House,0.2986666666666667,0.7013333333333334,0.0,208.9093333333333,209.0,182.0,198.0,219.0,237.0
2025-10-03,House,0.2986666666666667,0.7013333333333334,0.0,208.912,209.0,182.0,198.0,219.0,237.0
2025-10-04,House,0.2986666666666667,0.7013333333333334,0.0,208.914,209.0,182.0,198.0,219.0,237.0
2025-10-05,House,0.2966666666666667,0.7033333333333334,0.0,208.836,209.0,182.0,198.0,219.0,236.04999999999995
2025-10-06,House,0.2793333333333333,0.7206666666666667,0.0,208.308,208.0,181.0,198.0,219.0,236.0
2025-10-07,House,0.2793333333333333,0.7206666666666667,0.0,208.30733333333333,208.0,181.0,198.0,219.0,236.0
2025-10-08,House,0.298,0.702,0.0,208.942,209.0,182.0,198.0,219.0,236.04999999999995
2025-10-09,House,0.298,0.702,0.0,208.94666666666663,209.0,182.0,198.0,219.0,236.04999999999995
2025-10-10,House,0.298,0.702,0.0,208.94466666666668,209.0,182.0,198.0,219.0,236.04999999999995
2025-10-11,House,0.2973333333333333,0.7026666666666667,0.0,208.94266666666667,209.0,182.0,198.0,219.0,236.04999999999995
2025-10-12,House,0.2993333333333333,0.7006666666666667,0.0,209.15133333333333,209.0,182.95,198.0,220.0,237.0
2025-10-13,House,0.2993333333333333,0.7006666666666667,0.0,209.07866666666663,209.0,182.0,198.0,220.0,237.0
2025-10-14,House,0.3026666666666666,0.6973333333333334,0.0,209.35,209.0,183.0,198.0,220.0,237.0
2025-10-15,House,0.302,0.698,0.0,209.348,209.0,183.0,198.0,220.0,237.0
2025-10-16,House,0.302,0.698,0.0,209.34733333333327,209.0,183.0,198.0,220.0,237.0
2025-10-17,House,0.302,0.698,0.0,209.35266666666664,209.0,183.0,198.0,220.0,237.0
2025-10-18,House,0.302,0.698,0.0,209.35133333333332,209.0,183.0,198.0,220.0,237.0
2025-10-19,House,0.2993333333333333,0.7006666666666667,0.0,209.23866666666663,209.0,183.0,198.0,220.0,237.0
2025-10-20,House,0.266,0.734,0.0,207.58466666666664,208.0,181.0,197.0,218.0,235.0
2025-10-21,House,0.266,0.734,0.0,207.59066666666664,208.0,181.0,197.0,218.0,235.0
2025-10-22,House,0.266,0.734,0.0,207.586,208.0,181.0,197.0,218.0,235.0
2025-10-23,House,0.266,0.734,0.0,207.58466666666664,208.0,181.0,197.0,218.0,235.0
2025-10-24,House,0.266,0.734,0.0,207.58933333333331,208.0,181.0,197.0,218.0,235.0
2025-10-25,House,0.266,0.734,0.0,207.59333333333333,208.0,181.0,197.0,218.0,235.0
2025-10-26,House,0.266,0.734,0.0,207.66466666666668,208.0,181.0,197.0,218.0,235.0
2025-10-27,House,0.26,0.74,0.0,207.41333333333333,207.0,181.0,197.0,218.0,235.0
2025-10-28,House,0.2533333333333333,0.7466666666666667,0.0,207.10533333333333,207.0,180.0,196.0,218.0,234.0
2025-10-29,House,0.2686666666666666,0.7313333333333333,0.0,207.962,208.0,182.0,197.0,218.0,235.0
2025-10-30,House,0.2666666666666666,0.7333333333333333,0.0,207.74466666666663,208.0,181.0,197.0,218.0,235.0
2025-10-31,House,0.2666666666666666,0.7333333333333333,0.0,207.7433333333333,208.0,181.0,197.0,218.0,235.0
2025-11-01,House,0.2666666666666666,0.7333333333333333,0.0,207.74733333333333,208.0,181.0,197.0,218.0,235.0
2025-11-02,House,0.2666666666666666,0.7333333333333333,0.0,207.798,208.0,181.95,197.0,218.0,235.0
2025-11-03,House,0.2666666666666666,0.7333333333333333,0.0,207.834,208.0,182.0,197.0,218.0,235.0
2025-11-04,House,0.266,0.734,0.0,207.72466666666668,208.0,181.0,197.0,218.0,235.0
2025-11-05,House,0.2653333333333333,0.7346666666666667,0.0,207.72,208.0,181.0,197.0,218.0,235.0
2025-11-06,House,0.2533333333333333,0.7466666666666667,0.0,207.20533333333333,207.0,181.0,197.0,218.0,234.0
2025-11-07,House,0.2533333333333333,0.7466666666666667,0.0,207.20533333333333,207.0,181.0,197.0,218.0,234.0
2025-11-08,House,0.2526666666666666,0.7473333333333333,0.0,207.198,207.0,181.0,197.0,218.0,234.0
2025-11-09,House,0.2446666666666666,0.7553333333333333,0.0,206.7913333333333,207.0,180.0,196.0,217.0,234.0
2025-11-10,House,0.232,0.768,0.0,206.12466666666663,206.0,179.0,196.0,217.0,233.0
2025-11-11,House,0.2313333333333333,0.7686666666666667,0.0,206.1233333333333,206.0,179.0,196.0,216.25,233.0
2025-11-12,House,0.232,0.768,0.0,206.16066666666663,206.0,179.95,196.0,217.0,233.0
2025-11-13,House,0.2033333333333333,0.7966666666666666,0.0,204.49,205.0,177.0,194.0,215.0,232.0
2025-11-14,House,0.2026666666666666,0.7973333333333333,0.0,204.49133333333333,205.0,177.0,194.0,215.0,232.0
2025-11-15,House,0.2026666666666666,0.7973333333333333,0.0,204.49066666666667,205.0,177.0,194.0,215.0,232.0
2025-11-16,House,0.2153333333333333,0.7846666666666666,0.0,205.1,205.0,178.0,195.0,216.0,233.0
2025-11-17,House,0.2193333333333333,0.7806666666666666,0.0,205.304,206.0,179.0,195.0,216.0,233.0
2025-11-18,House,0.2186666666666666,0.7813333333333333,0.0,205.3,206.0,179.0,195.0,216.0,233.0
2025-11-19,House,0.218,0.782,0.0,205.30666666666667,206.0,179.0,195.0,216.0,233.0
2025-11-20,House,0.218,0.782,0.0,205.31,206.0,179.0,195.0,216.0,233.0
2025-11-21,House,0.218,0.782,0.0,205.316,206.0,179.0,195.0,216.0,233.0
2025-11-22,House,0.2166666666666666,0.7833333333333333,0.0,205.318,206.0,179.0,195.0,216.0,232.04999999999995
2025-11-23,House,0.2293333333333333,0.7706666666666667,0.0,206.1713333333333,206.0,180.0,196.0,216.0,233.0
2025-11-24,House,0.2273333333333333,0.7726666666666666,0.0,205.942,206.0,179.95,196.0,216.0,233.0
2025-11-25,House,0.2273333333333333,0.7726666666666666,0.0,205.93133333333333,206.0,179.95,196.0,216.0,233.0
2025-11-26,House,0.2273333333333333,0.7726666666666666,0.0,205.92866666666663,206.0,179.95,196.0,216.0,233.0
2025-11-27,House,0.2273333333333333,0.7726666666666666,0.0,205.93133333333333,206.0,179.95,196.0,216.0,233.0
2025-11-28,House,0.2273333333333333,0.7726666666666666,0.0,205.93666666666667,206.0,180.0,196.0,216.0,233.0
2025-11-29,House,0.2273333333333333,0.7726666666666666,0.0,205.93866666666668,206.0,180.0,196.0,216.0,233.0
2025-11-30,House,0.226,0.774,0.0,205.89066666666668,206.0,180.0,196.0,216.0,233.0
2025-12-01,House,0.2266666666666666,0.7733333333333333,0.0,205.936,206.0,180.0,196.0,216.0,233.0
2025-12-02,House,0.226,0.774,0.0,205.93666666666667,206.0,180.0,196.0,216.0,233.0
2025-12-03,House,0.226,0.774,0.0,205.94,206.0,180.0,196.0,216.0,233.0
2025-12-04,House,0.2586666666666666,0.7413333333333333,0.0,207.72333333333333,208.0,182.0,198.0,218.0,234.0
2025-12-05,House,0.2546666666666666,0.7453333333333333,0.0,207.60933333333327,208.0,182.0,197.0,218.0,234.0
2025-12-06,House,0.2546666666666666,0.7453333333333333,0.0,207.60866666666664,208.0,182.0,197.0,218.0,234.0
2025-12-07,House,0.252,0.748,0.0,207.53466666666668,208.0,182.0,197.0,218.0,234.0
2025-12-08,House,0.2606666666666666,0.7393333333333333,0.0,207.83,208.0,182.95,198.0,218.0,234.0
2025-12-09,House,0.26,0.74,0.0,207.83466666666664,208.0,183.0,198.0,218.0,234.0
2025-12-10,House,0.26,0.74,0.0,207.84,208.0,183.0,198.0,218.0,234.0
2025-12-11,House,0.2593333333333333,0.7406666666666667,0.0,207.842,208.0,183.0,198.0,218.0,234.0
2025-12-12,House,0.2526666666666666,0.7473333333333333,0.0,207.60933333333327,208.0,182.95,198.0,218.0,233.04999999999995
2025-12-13,House,0.252,0.748,0.0,207.61066666666667,208.0,182.95,198.0,218.0,233.04999999999995
2025-12-14,House,0.252,0.748,0.0,207.61,208.0,182.95,198.0,218.0,233.04999999999995
2025-12-15,House,0.2613333333333333,0.7386666666666667,0.0,207.93466666666663,208.0,183.0,198.0,218.0,234.0
2025-12-16,House,0.2633333333333333,0.7366666666666667,0.0,208.062,208.0,183.0,198.0,218.0,234.0
2025-12-17,House,0.2633333333333333,0.7366666666666667,0.0,208.06,208.0,183.0,198.0,218.0,234.0
2025-12-18,House,0.2633333333333333,0.7366666666666667,0.0,208.064,208.0,183.0,198.0,218.0,234.0
2025-12-19,House,0.2046666666666666,0.7953333333333333,0.0,205.17533333333333,205.0,179.0,195.0,215.0,231.0
2025-12-20,House,0.204,0.796,0.0,205.17866666666663,205.0,179.0,195.0,215.0,231.0
2025-12-21,House,0.204,0.796,0.0,205.21266666666668,205.0,179.95,195.0,215.0,231.0
2025-12-22,House,0.2073333333333333,0.7926666666666666,0.0,205.41,206.0,180.0,195.0,215.0,231.04999999999995
2025-12-23,House,0.2066666666666666,0.7933333333333333,0.0,205.41,206.0,180.0,195.0,215.0,231.04999999999995
2025-12-24,House,0.2066666666666666,0.7933333333333333,0.0,205.412,206.0,180.0,195.0,215.0,231.04999999999995
2025-12-25,House,0.206,0.794,0.0,205.40866666666668,206.0,180.0,195.0,215.0,231.0
2025-12-26,House,0.206,0.794,0.0,205.41133333333332,206.0,180.0,195.0,215.0,231.0
2025-12-27,House,0.2053333333333333,0.7946666666666666,0.0,205.414,206.0,180.0,195.75,215.0,231.0
2025-12-28,House,0.1966666666666666,0.8033333333333333,0.0,205.07533333333333,205.0,180.0,195.0,215.0,231.0
2025-12-29,House,0.1966666666666666,0.8033333333333333,0.0,205.10933333333327,205.0,180.0,195.0,215.0,231.0
2025-12-30,House,0.1966666666666666,0.8033333333333333,0.0,205.1113333333333,205.0,180.0,195.0,215.0,231.0
2025-12-31,House,0.1966666666666666,0.8033333333333333,0.0,205.11333333333332,205.0,180.0,195.0,215.0,231.0
2026-01-01,House,0.1966666666666666,0.8033333333333333,0.0,205.11466666666664,205.0,180.0,195.0,215.0,231.0
2026-01-02,House,0.1966666666666666,0.8033333333333333,0.0,205.118,205.0,180.0,195.0,215.0,231.0
2026-01-03,House,0.196,0.804,0.0,205.11666666666667,205.0,180.0,195.0,215.0,231.0
2026-01-04,House,0.2033333333333333,0.7966666666666666,0.0,205.46733333333333,206.0,180.0,196.0,215.0,231.0
2026-01-05,House,0.1946666666666666,0.8053333333333333,0.0,205.068,205.0,180.0,195.0,215.0,230.04999999999995
2026-01-06,House,0.1946666666666666,0.8053333333333333,0.0,205.06333333333333,205.0,180.0,195.0,215.0,230.0
2026-01-07,House,0.1946666666666666,0.8053333333333333,0.0,205.0653333333333,205.0,180.0,195.0,215.0,230.0
2026-01-08,House,0.214,0.786,0.0,206.08266666666665,206.0,181.0,196.0,216.0,232.0
2026-01-09,House,0.214,0.786,0.0,206.08466666666664,206.0,181.0,196.0,216.0,232.0
2026-01-10,House,0.214,0.786,0.0,206.09066666666664,206.0,181.0,196.0,216.0,232.0
2026-01-11,House,0.214,0.786,0.0,206.09,206.0,181.0,196.0,216.0,231.04999999999995
2026-01-12,House,0.214,0.786,0.0,206.10666666666663,206.0,181.95,196.0,216.0,231.04999999999995
2026-01-13,House,0.2186666666666666,0.7813333333333333,0.0,206.27133333333333,206.0,182.0,196.0,216.0,232.0
2026-01-14,House,0.2066666666666666,0.7933333333333333,0.0,205.758,206.0,181.0,196.0,215.0,231.0
2026-01-15,House,0.2066666666666666,0.7933333333333333,0.0,205.762,206.0,181.0,196.0,215.0,231.0
2026-01-16,House,0.2066666666666666,0.7933333333333333,0.0,205.7613333333333,206.0,181.0,196.0,215.0,231.0
2026-01-17,House,0.1993333333333333,0.8006666666666666,0.0,205.5473333333333,206.0,181.0,196.0,215.0,230.0
2026-01-18,House,0.2093333333333333,0.7906666666666666,0.0,206.02,206.0,182.0,196.0,215.25,231.0
2026-01-19,House,0.2053333333333333,0.7946666666666666,0.0,205.7393333333333,206.0,181.0,196.0,215.0,231.0
2026-01-20,House,0.204,0.796,0.0,205.74133333333333,206.0,181.0,196.0,215.0,231.0
2026-01-21,House,0.2033333333333333,0.7966666666666666,0.0,205.7373333333333,206.0,181.0,196.0,215.0,230.04999999999995
2026-01-22,House,0.196,0.804,0.0,205.46266666666668,206.0,181.0,196.0,215.0,230.0
2026-01-23,House,0.1946666666666666,0.8053333333333333,0.0,205.45266666666663,206.0,181.0,196.0,215.0,230.0
2026-01-24,House,0.1946666666666666,0.8053333333333333,0.0,205.4713333333333,206.0,181.0,196.0,215.0,230.0
2026-01-25,House,0.206,0.794,0.0,205.93466666666663,206.0,182.0,196.0,215.0,231.0
2026-01-26,House,0.1946666666666666,0.8053333333333333,0.0,205.50866666666667,206.0,181.0,196.0,215.0,230.0
2026-01-27,House,0.1946666666666666,0.8053333333333333,0.0,205.51,206.0,181.0,196.0,215.0,230.0
2026-01-28,House,0.1906666666666666,0.8093333333333333,0.0,205.188,205.0,181.0,196.0,214.25,229.0
2026-01-29,House,0.192,0.808,0.0,205.344,205.0,181.0,196.0,215.0,230.0
2026-01-30,House,0.1893333333333333,0.8106666666666666,0.0,205.14266666666663,205.0,181.0,196.0,214.0,229.0
2026-01-31,House,0.1893333333333333,0.8106666666666666,0.0,205.13666666666663,205.0,181.0,196.0,214.0,229.0
2026-02-01,House,0.1873333333333333,0.8126666666666666,0.0,204.95666666666668,205.0,180.95,196.0,214.0,229.0
2026-02-02,House,0.1893333333333333,0.8106666666666666,0.0,204.99866666666668,205.0,180.95,196.0,214.0,229.0
2026-02-03,House,0.1873333333333333,0.8126666666666666,0.0,204.9953333333333,205.0,180.95,196.0,214.0,229.0
2026-02-04,House,0.1893333333333333,0.8106666666666666,0.0,205.03933333333333,205.0,181.0,196.0,214.0,229.0
2026-02-05,House,0.1873333333333333,0.8126666666666666,0.0,205.03666666666663,205.0,181.0,196.0,214.0,229.0
2026-02-06,House,0.1866666666666666,0.8133333333333334,0.0,205.036,205.0,181.0,196.0,214.0,229.0
2026-02-07,House,0.186,0.814,0.0,205.03066666666663,205.0,181.0,196.0,214.0,229.0
2026-02-08,House,0.186,0.814,0.0,205.0413333333333,205.0,181.0,196.0,214.0,229.0
2026-02-09,House,0.1753333333333333,0.8246666666666667,0.0,204.7433333333333,205.0,180.0,195.0,214.0,228.0
2026-02-10,House,0.1753333333333333,0.8246666666666667,0.0,204.7433333333333,205.0,180.0,195.0,214.0,228.0
2026-02-11,House,0.1753333333333333,0.8246666666666667,0.0,204.7493333333333,205.0,181.0,195.75,214.0,228.0
2026-02-12,House,0.2066666666666666,0.7933333333333333,0.0,206.276,206.0,183.0,197.0,215.0,230.0
2026-02-13,House,0.1953333333333333,0.8046666666666666,0.0,205.8826666666667,206.0,183.0,196.0,215.0,229.04999999999995
2026-02-14,House,0.194,0.806,0.0,205.878,206.0,183.0,196.0,215.0,229.0
2026-02-15,House,0.194,0.806,0.0,205.87533333333332,206.0,183.0,196.75,215.0,229.0
2026-02-16,House,0.1873333333333333,0.8126666666666666,0.0,205.288,205.0,181.95,196.0,214.0,229.0
2026-02-17,House,0.1913333333333333,0.8086666666666666,0.0,205.7733333333333,206.0,183.0,196.0,215.0,229.0
2026-02-18,House,0.1733333333333333,0.8266666666666667,0.0,204.76533333333333,205.0,181.0,196.0,214.0,228.0
2026-02-19,House,0.1733333333333333,0.8266666666666667,0.0,204.7673333333333,205.0,181.0,196.0,214.0,228.0
2026-02-20,House,0.1733333333333333,0.8266666666666667,0.0,204.77266666666668,205.0,181.0,196.0,214.0,228.0
2026-02-21,House,0.1733333333333333,0.8266666666666667,0.0,204.774,205.0,181.0,196.0,214.0,228.0
2026-02-22,House,0.1733333333333333,0.8266666666666667,0.0,204.85533333333333,205.0,181.0,196.0,214.0,228.0
2026-02-23,House,0.188,0.812,0.0,205.57,206.0,183.0,196.0,214.25,229.0
2026-02-24,House,0.188,0.812,0.0,205.57066666666665,206.0,183.0,196.0,214.25,229.0
2026-02-25,House,0.188,0.812,0.0,205.57266666666663,206.0,183.0,196.0,214.0,229.0
2026-02-26,House,0.178,0.822,0.0,205.11066666666667,205.0,182.0,196.0,214.0,228.0
2026-02-27,House,0.178,0.822,0.0,205.116,205.0,182.0,196.0,214.0,228.0
2026-02-28,House,0.1773333333333333,0.8226666666666667,0.0,205.11466666666664,205.0,182.0,196.0,214.0,228.0
2026-03-01,House,0.174,0.826,0.0,205.0113333333333,205.0,181.95,196.0,214.0,228.0
2026-03-02,House,0.1853333333333333,0.8146666666666667,0.0,205.5493333333333,206.0,183.0,196.0,214.0,229.0
2026-03-03,House,0.1853333333333333,0.8146666666666667,0.0,205.55533333333327,206.0,183.0,196.0,214.0,228.04999999999995
2026-03-04,House,0.182,0.818,0.0,205.31,205.0,183.0,196.0,214.0,228.0
2026-03-05,House,0.1813333333333333,0.8186666666666667,0.0,205.30733333333333,205.0,183.0,196.0,214.0,228.0
2026-03-06,House,0.188,0.812,0.0,205.83533333333327,206.0,184.0,197.0,215.0,229.0
2026-03-07,House,0.188,0.812,0.0,205.84066666666664,206.0,184.0,197.0,215.0,229.0
2026-03-08,House,0.1846666666666666,0.8153333333333334,0.0,205.552,206.0,183.0,196.0,214.0,228.0
2026-03-09,House,0.184,0.816,0.0,205.55266666666665,206.0,183.0,196.0,214.0,228.0
2026-03-10,House,0.1853333333333333,0.8146666666666667,0.0,205.68866666666668,206.0,183.0,197.0,214.0,228.0
2026-03-11,House,0.1666666666666666,0.8333333333333334,0.0,205.0293333333333,205.0,183.0,196.0,214.0,227.0
2026-03-12,House,0.1773333333333333,0.8226666666666667,0.0,205.322,205.0,183.0,196.0,214.0,228.0
2026-03-13,House,0.1753333333333333,0.8246666666666667,0.0,205.3213333333333,205.0,183.0,196.0,214.0,228.0
2026-03-14,House,0.1746666666666666,0.8253333333333334,0.0,205.32333333333327,205.0,183.0,196.0,214.0,228.0
2026-03-15,House,0.1746666666666666,0.8253333333333334,0.0,205.328,205.0,183.0,196.0,214.0,227.04999999999995
2026-03-16,House,0.174,0.826,0.0,205.3273333333333,205.0,183.0,196.0,214.0,227.04999999999995
2026-03-17,House,0.166,0.834,0.0,205.08466666666664,205.0,183.0,196.0,214.0,227.0
2026-03-18,House,0.1666666666666666,0.8333333333333334,0.0,205.11266666666663,205.0,183.0,196.0,214.0,227.0
2026-03-19,House,0.17,0.83,0.0,205.2753333333333,205.0,183.0,196.0,214.0,227.0
2026-03-20,House,0.16,0.84,0.0,204.798,205.0,183.0,196.0,214.0,226.0
2026-03-21,House,0.16,0.84,0.0,204.80266666666665,205.0,183.0,196.0,214.0,226.0
2026-03-22,House,0.1593333333333333,0.8406666666666667,0.0,204.80066666666667,205.0,183.0,196.0,214.0,226.0
2026-03-23,House,0.1566666666666666,0.8433333333333334,0.0,204.6593333333333,205.0,183.0,196.0,213.0,226.0
2026-03-24,House,0.142,0.858,0.0,203.648,204.0,181.0,195.0,212.0,226.0
2026-03-25,House,0.142,0.858,0.0,203.65,204.0,181.0,195.0,212.0,226.0
2026-03-26,House,0.1453333333333333,0.8546666666666667,0.0,204.01066666666668,204.0,181.0,195.0,213.0,226.0
2026-03-27,House,0.1453333333333333,0.8546666666666667,0.0,204.0113333333333,204.0,181.95,195.0,213.0,226.0
2026-03-28,House,0.1446666666666666,0.8553333333333333,0.0,204.01666666666668,204.0,181.95,195.0,213.0,226.0
2026-03-29,House,0.1446666666666666,0.8553333333333333,0.0,204.02666666666667,204.0,182.0,195.0,213.0,226.0
2026-03-30,House,0.1426666666666666,0.8573333333333333,0.0,203.7513333333333,204.0,181.0,195.0,212.0,226.0
2026-03-31,House,0.142,0.858,0.0,203.7553333333333,204.0,181.0,195.0,212.0,226.0
2026-04-01,House,0.1406666666666666,0.8593333333333333,0.0,203.75466666666668,204.0,181.95,195.0,212.0,226.0
2025-01-23,Senate,0.9246666666666666,0.0753333333333333,0.0728333333333333,52.97016666666666,53.0,49.0,51.0,55.0,57.0
2025-01-24,Senate,0.9311666666666668,0.0688333333333333,0.0698333333333333,53.03416666666666,53.0,49.0,51.0,55.0,57.0
2025-01-25,Senate,0.925,0.075,0.0713333333333333,52.979,53.0,49.0,51.0,55.0,57.0
2025-01-26,Senate,0.9313333333333332,0.0686666666666666,0.0696666666666666,53.02466666666667,53.0,49.0,51.0,55.0,57.0
2025-01-27,Senate,0.9286666666666666,0.0713333333333333,0.0658333333333333,53.04016666666666,53.0,49.0,51.0,55.0,57.0
2025-01-28,Senate,0.922,0.078,0.0731666666666666,52.962,53.0,49.0,51.0,55.0,57.0
2025-01-29,Senate,0.9236666666666666,0.0763333333333333,0.078,52.93383333333333,53.0,49.0,51.0,55.0,57.0
2025-01-30,Senate,0.9301666666666668,0.0698333333333333,0.0678333333333333,53.035833333333336,53.0,49.0,52.0,55.0,57.0
2025-01-31,Senate,0.9225,0.0775,0.0771666666666666,52.941,53.0,49.0,51.0,55.0,57.0
2025-02-01,Senate,0.9273333333333332,0.0726666666666666,0.071,52.9535,53.0,49.0,51.0,55.0,57.0
2025-02-02,Senate,0.9226666666666666,0.0773333333333333,0.0743333333333333,52.951,53.0,49.0,51.0,55.0,57.0
2025-02-03,Senate,0.9226666666666666,0.0773333333333333,0.0745,52.9465,53.0,49.0,51.0,55.0,57.0
2025-02-04,Senate,0.922,0.078,0.077,52.89416666666666,53.0,49.0,51.0,54.0,57.0
2025-02-05,Senate,0.9266666666666666,0.0733333333333333,0.0733333333333333,52.9695,53.0,49.0,51.0,55.0,57.0
2025-02-06,Senate,0.9193333333333332,0.0806666666666666,0.0748333333333333,52.9045,53.0,49.0,51.0,54.25,57.0
2025-02-07,Senate,0.9248333333333332,0.0751666666666666,0.0815,52.89666666666667,53.0,49.0,51.0,55.0,57.0
2025-02-08,Senate,0.923,0.077,0.0703333333333333,52.94766666666667,53.0,49.0,51.0,55.0,57.0
2025-02-09,Senate,0.9273333333333332,0.0726666666666666,0.0746666666666666,52.94866666666667,53.0,49.0,51.0,55.0,57.0
2025-02-10,Senate,0.9268333333333332,0.0731666666666666,0.0758333333333333,53.010333333333335,53.0,49.0,52.0,55.0,57.0
2025-02-11,Senate,0.9213333333333332,0.0786666666666666,0.0771666666666666,52.897666666666666,53.0,49.0,51.0,54.0,57.0
2025-02-12,Senate,0.9246666666666666,0.0753333333333333,0.0766666666666666,52.8615,53.0,49.0,51.0,54.0,57.0
2025-02-13,Senate,0.9246666666666666,0.0753333333333333,0.0775,52.89516666666667,53.0,49.0,51.0,54.0,57.0
2025-02-14,Senate,0.9221666666666668,0.0778333333333333,0.0756666666666666,52.912333333333336,53.0,49.0,51.0,55.0,57.0
2025-02-15,Senate,0.918,0.082,0.0748333333333333,52.87383333333333,53.0,49.0,51.0,54.0,57.0
2025-02-16,Senate,0.928,0.072,0.0741666666666666,52.90616666666666,53.0,49.0,51.0,54.0,57.0
2025-02-17,Senate,0.9266666666666666,0.0733333333333333,0.0791666666666666,52.9115,53.0,49.0,51.0,55.0,57.0
2025-02-18,Senate,0.9253333333333332,0.0746666666666666,0.0791666666666666,52.89833333333333,53.0,49.0,51.0,54.0,57.0
2025-02-19,Senate,0.9206666666666666,0.0793333333333333,0.0785,52.8565,53.0,49.0,51.0,54.0,57.0
2025-02-20,Senate,0.9265,0.0735,0.0755,52.9315,53.0,49.0,51.0,55.0,57.0
2025-02-21,Senate,0.917,0.083,0.0758333333333333,52.860166666666665,53.0,49.0,51.0,55.0,57.0
2025-02-22,Senate,0.9215,0.0785,0.0806666666666666,52.875,53.0,49.0,51.0,55.0,57.0
2025-02-23,Senate,0.9236666666666666,0.0763333333333333,0.08,52.891333333333336,53.0,49.0,51.0,54.0,57.0
2025-02-24,Senate,0.9168333333333332,0.0831666666666666,0.0711666666666666,52.87233333333333,53.0,49.0,51.0,55.0,57.0
2025-02-25,Senate,0.923,0.077,0.0743333333333333,52.9165,53.0,49.0,51.0,54.0,57.0
2025-02-26,Senate,0.9213333333333332,0.0786666666666666,0.0738333333333333,52.91566666666667,53.0,49.0,51.0,55.0,57.0
2025-02-27,Senate,0.9195,0.0805,0.0723333333333333,52.879666666666665,53.0,49.0,51.0,55.0,57.0
2025-02-28,Senate,0.9251666666666668,0.0748333333333333,0.074,52.88166666666667,53.0,49.0,51.0,54.0,57.0
2025-03-01,Senate,0.9245,0.0755,0.0751666666666666,52.9015,53.0,49.0,51.0,55.0,57.0
2025-03-02,Senate,0.9281666666666668,0.0718333333333333,0.0723333333333333,52.934666666666665,53.0,49.0,51.0,55.0,57.0
2025-03-03,Senate,0.916,0.084,0.078,52.79783333333334,53.0,49.0,51.0,54.0,57.0
2025-03-04,Senate,0.917,0.083,0.0801666666666666,52.7945,53.0,49.0,51.0,54.0,57.0
2025-03-05,Senate,0.9183333333333332,0.0816666666666666,0.0766666666666666,52.7825,53.0,49.0,51.0,54.0,56.0
2025-03-06,Senate,0.9166666666666666,0.0833333333333333,0.0838333333333333,52.78383333333333,53.0,49.0,51.0,54.0,56.0
2025-03-07,Senate,0.918,0.082,0.0768333333333333,52.79,53.0,49.0,51.0,54.0,57.0
2025-03-08,Senate,0.92,0.08,0.0793333333333333,52.79883333333333,53.0,49.0,51.0,54.0,57.0
2025-03-09,Senate,0.917,0.083,0.0768333333333333,52.84166666666667,53.0,49.0,51.0,54.0,57.0
2025-03-10,Senate,0.9226666666666666,0.0773333333333333,0.0808333333333333,52.85783333333333,53.0,49.0,51.0,54.0,57.0
2025-03-11,Senate,0.9203333333333332,0.0796666666666666,0.0816666666666666,52.77916666666667,53.0,49.0,51.0,54.0,56.05000000000018
2025-03-12,Senate,0.9141666666666668,0.0858333333333333,0.0808333333333333,52.81616666666667,53.0,49.0,51.0,54.0,57.0
2025-03-13,Senate,0.9168333333333332,0.0831666666666666,0.0778333333333333,52.7965,53.0,49.0,51.0,54.0,57.0
2025-03-14,Senate,0.9113333333333332,0.0886666666666666,0.0793333333333333,52.8,53.0,49.0,51.0,54.0,57.0
2025-03-15,Senate,0.9193333333333332,0.0806666666666666,0.0733333333333333,52.86233333333333,53.0,49.0,51.0,54.0,57.0
2025-03-16,Senate,0.911,0.089,0.0763333333333333,52.794,53.0,49.0,51.0,54.0,57.0
2025-03-17,Senate,0.9213333333333332,0.0786666666666666,0.0768333333333333,52.86083333333333,53.0,49.0,51.0,54.0,57.0
2025-03-18,Senate,0.9208333333333332,0.0791666666666666,0.0768333333333333,52.8105,53.0,49.0,51.0,54.0,57.0
2025-03-19,Senate,0.9168333333333332,0.0831666666666666,0.0775,52.809666666666665,53.0,49.0,51.0,54.0,57.0
2025-03-20,Senate,0.9175,0.0825,0.0803333333333333,52.820166666666665,53.0,49.0,51.0,54.0,57.0
2025-03-21,Senate,0.9173333333333332,0.0826666666666666,0.076,52.833333333333336,53.0,49.0,51.0,54.0,57.0
2025-03-22,Senate,0.9131666666666668,0.0868333333333333,0.082,52.753,53.0,49.0,51.0,54.0,57.0
2025-03-23,Senate,0.9163333333333332,0.0836666666666666,0.078,52.82483333333333,53.0,49.0,51.0,54.0,57.0
2025-03-24,Senate,0.9166666666666666,0.0833333333333333,0.0771666666666666,52.78966666666667,53.0,49.0,51.0,54.0,57.0
2025-03-25,Senate,0.9143333333333332,0.0856666666666666,0.0835,52.74433333333333,53.0,49.0,51.0,54.0,57.0
2025-03-26,Senate,0.9155,0.0845,0.0846666666666666,52.82666666666667,53.0,49.0,51.0,54.0,57.0
2025-03-27,Senate,0.9223333333333332,0.0776666666666666,0.0778333333333333,52.86666666666667,53.0,49.0,51.0,54.0,57.0
2025-03-28,Senate,0.9173333333333332,0.0826666666666666,0.0776666666666666,52.82066666666667,53.0,49.0,51.0,54.0,57.0
2025-03-29,Senate,0.9215,0.0785,0.0735,52.876333333333335,53.0,49.0,51.0,54.0,57.0
2025-03-30,Senate,0.919,0.081,0.0826666666666666,52.80533333333333,53.0,49.0,51.0,54.0,57.0
2025-03-31,Senate,0.9191666666666668,0.0808333333333333,0.0825,52.79266666666667,53.0,49.0,51.0,54.0,57.0
2025-04-01,Senate,0.9198333333333332,0.0801666666666666,0.0805,52.84616666666667,53.0,49.0,51.0,54.0,57.0
2025-04-02,Senate,0.9228333333333332,0.0771666666666666,0.0825,52.774,53.0,49.0,51.0,54.0,57.0
2025-04-03,Senate,0.9213333333333332,0.0786666666666666,0.0788333333333333,52.83133333333333,53.0,49.0,51.0,54.0,57.0
2025-04-04,Senate,0.9198333333333332,0.0801666666666666,0.0825,52.81766666666667,53.0,49.0,51.0,54.0,57.0
2025-04-05,Senate,0.9215,0.0785,0.0813333333333333,52.8135,53.0,49.0,51.0,54.0,57.0
2025-04-06,Senate,0.9225,0.0775,0.0786666666666666,52.82966666666667,53.0,49.0,51.0,54.0,57.0
2025-04-07,Senate,0.92,0.08,0.0816666666666666,52.825,53.0,49.0,51.0,54.0,57.0
2025-04-08,Senate,0.9105,0.0895,0.081,52.73916666666667,53.0,49.0,51.0,54.0,56.0
2025-04-09,Senate,0.9086666666666666,0.0913333333333333,0.0795,52.75566666666667,53.0,49.0,51.0,54.0,57.0
2025-04-10,Senate,0.9188333333333332,0.0811666666666666,0.074,52.8105,53.0,49.0,51.0,54.0,57.0
2025-04-11,Senate,0.9171666666666668,0.0828333333333333,0.0785,52.81733333333333,53.0,49.0,51.0,54.0,57.0
2025-04-12,Senate,0.919,0.081,0.077,52.8015,53.0,49.0,51.0,54.0,57.0
2025-04-13,Senate,0.9126666666666666,0.0873333333333333,0.0786666666666666,52.8045,53.0,49.0,51.0,54.0,57.0
2025-04-14,Senate,0.9196666666666666,0.0803333333333333,0.0778333333333333,52.8135,53.0,49.0,51.0,54.0,57.0
2025-04-15,Senate,0.9115,0.0885,0.0786666666666666,52.77616666666667,53.0,49.0,51.0,54.0,56.05000000000018
2025-04-16,Senate,0.9138333333333334,0.0861666666666666,0.082,52.679833333333335,53.0,49.0,51.0,54.0,56.0
2025-04-17,Senate,0.9131666666666668,0.0868333333333333,0.0718333333333333,52.79083333333333,53.0,49.0,51.0,54.0,56.0
2025-04-18,Senate,0.9148333333333334,0.0851666666666666,0.0796666666666666,52.72,53.0,49.0,51.0,54.0,57.0
2025-04-19,Senate,0.912,0.088,0.0828333333333333,52.7105,53.0,49.0,51.0,54.0,57.0
2025-04-20,Senate,0.911,0.089,0.083,52.6815,53.0,49.0,51.0,54.0,56.0
2025-04-21,Senate,0.9063333333333332,0.0936666666666666,0.0891666666666666,52.64033333333333,53.0,49.0,51.0,54.0,56.0
2025-04-22,Senate,0.9076666666666666,0.0923333333333333,0.081,52.72133333333333,53.0,49.0,51.0,54.0,57.0
2025-04-23,Senate,0.905,0.095,0.083,52.648,53.0,49.0,51.0,54.0,56.0
2025-04-24,Senate,0.9105,0.0895,0.0896666666666666,52.6895,53.0,49.0,51.0,54.0,57.0
2025-04-25,Senate,0.903,0.097,0.0898333333333333,52.60983333333333,53.0,49.0,51.0,54.0,56.0
2025-04-26,Senate,0.9058333333333334,0.0941666666666666,0.0861666666666666,52.6325,53.0,49.0,51.0,54.0,56.0
2025-04-27,Senate,0.9036666666666666,0.0963333333333333,0.092,52.529833333333336,53.0,49.0,51.0,54.0,56.0
2025-04-28,Senate,0.9003333333333333,0.0996666666666666,0.0926666666666666,52.53516666666667,53.0,49.0,51.0,54.0,56.0
2025-04-29,Senate,0.9051666666666668,0.0948333333333333,0.0903333333333333,52.57833333333333,53.0,49.0,51.0,54.0,56.0
2025-04-30,Senate,0.8986666666666666,0.1013333333333333,0.091,52.5205,53.0,48.0,51.0,54.0,56.0
2025-05-01,Senate,0.8978333333333334,0.1021666666666666,0.0923333333333333,52.54266666666667,53.0,48.0,51.0,54.0,56.0
2025-05-02,Senate,0.9013333333333332,0.0986666666666666,0.093,52.5275,53.0,49.0,51.0,54.0,56.0
2025-05-03,Senate,0.897,0.103,0.0911666666666666,52.52666666666666,53.0,49.0,51.0,54.0,56.0
2025-05-04,Senate,0.8978333333333334,0.1021666666666666,0.0875,52.528666666666666,53.0,49.0,51.0,54.0,56.0
2025-05-05,Senate,0.9061666666666668,0.0938333333333333,0.0873333333333333,52.638,53.0,49.0,51.0,54.0,56.0
2025-05-06,Senate,0.9045,0.0955,0.0845,52.624833333333335,53.0,49.0,51.0,54.0,56.0
2025-05-07,Senate,0.8961666666666667,0.1038333333333333,0.08,52.644333333333336,53.0,49.0,51.0,54.0,56.0
2025-05-08,Senate,0.9106666666666666,0.0893333333333333,0.0871666666666666,52.697833333333335,53.0,49.0,51.0,54.0,57.0
2025-05-09,Senate,0.91,0.09,0.0785,52.67466666666667,53.0,49.0,51.0,54.0,56.0
2025-05-10,Senate,0.9053333333333332,0.0946666666666666,0.0825,52.65466666666666,53.0,49.0,51.0,54.0,56.0
2025-05-11,Senate,0.9125,0.0875,0.0828333333333333,52.689166666666665,53.0,49.0,51.0,54.0,56.0
2025-05-12,Senate,0.912,0.088,0.0811666666666666,52.651,53.0,49.0,51.0,54.0,56.0
2025-05-13,Senate,0.9073333333333332,0.0926666666666666,0.079,52.665333333333336,53.0,49.0,51.0,54.0,56.0
2025-05-14,Senate,0.9128333333333334,0.0871666666666666,0.0856666666666666,52.68,53.0,49.0,51.0,54.0,56.0
2025-05-15,Senate,0.9105,0.0895,0.0888333333333333,52.681666666666665,53.0,49.0,51.0,54.0,56.0
2025-05-16,Senate,0.9121666666666668,0.0878333333333333,0.0801666666666666,52.66433333333333,53.0,49.0,51.0,54.0,56.0
2025-05-17,Senate,0.9031666666666668,0.0968333333333333,0.0871666666666666,52.65466666666666,53.0,49.0,51.0,54.0,57.0
2025-05-18,Senate,0.9146666666666666,0.0853333333333333,0.0835,52.688833333333335,53.0,49.0,51.0,54.0,56.0
2025-05-19,Senate,0.9106666666666666,0.0893333333333333,0.0866666666666666,52.642,53.0,49.0,51.0,54.0,56.0
2025-05-20,Senate,0.9093333333333332,0.0906666666666666,0.0883333333333333,52.6495,53.0,49.0,51.0,54.0,56.0
2025-05-21,Senate,0.9126666666666666,0.0873333333333333,0.0838333333333333,52.654,53.0,49.0,51.0,54.0,56.0
2025-05-22,Senate,0.9023333333333332,0.0976666666666666,0.0848333333333333,52.57416666666666,53.0,49.0,51.0,54.0,56.0
2025-05-23,Senate,0.9078333333333334,0.0921666666666666,0.084,52.638,53.0,49.0,51.0,54.0,56.0
2025-05-24,Senate,0.9091666666666668,0.0908333333333333,0.084,52.6415,53.0,49.0,51.0,54.0,56.0
2025-05-25,Senate,0.9151666666666668,0.0848333333333333,0.0846666666666666,52.65566666666667,53.0,49.0,51.0,54.0,56.0
2025-05-26,Senate,0.9041666666666668,0.0958333333333333,0.0873333333333333,52.627833333333335,53.0,49.0,51.0,54.0,56.0
2025-05-27,Senate,0.8898333333333334,0.1101666666666666,0.0886666666666666,52.41116666666667,52.0,48.0,51.0,54.0,56.0
2025-05-28,Senate,0.8901666666666667,0.1098333333333333,0.0925,52.46,53.0,48.0,51.0,54.0,56.0
2025-05-29,Senate,0.8913333333333333,0.1086666666666666,0.0953333333333333,52.434,53.0,49.0,51.0,54.0,56.0
2025-05-30,Senate,0.895,0.105,0.0936666666666666,52.496833333333335,53.0,49.0,51.0,54.0,56.0
2025-05-31,Senate,0.893,0.107,0.0918333333333333,52.449666666666666,53.0,49.0,51.0,54.0,56.0
2025-06-01,Senate,0.8891666666666667,0.1108333333333333,0.0903333333333333,52.45283333333333,53.0,48.0,51.0,54.0,56.0
2025-06-02,Senate,0.9015,0.0985,0.0966666666666666,52.48333333333333,53.0,49.0,51.0,54.0,56.0
2025-06-03,Senate,0.8923333333333333,0.1076666666666666,0.0916666666666666,52.45783333333333,52.0,49.0,51.0,54.0,56.0
2025-06-04,Senate,0.8936666666666667,0.1063333333333333,0.0891666666666666,52.46933333333333,53.0,48.0,51.0,54.0,56.0
2025-06-05,Senate,0.9,0.1,0.085,52.57983333333333,53.0,49.0,51.0,54.0,56.0
2025-06-06,Senate,0.9023333333333332,0.0976666666666666,0.094,52.59216666666666,53.0,49.0,51.0,54.0,56.0
2025-06-07,Senate,0.9023333333333332,0.0976666666666666,0.0908333333333333,52.55866666666667,53.0,49.0,51.0,54.0,56.0
2025-06-08,Senate,0.9031666666666668,0.0968333333333333,0.0901666666666666,52.5265,53.0,49.0,51.0,54.0,56.0
2025-06-09,Senate,0.8988333333333334,0.1011666666666666,0.091,52.52366666666666,53.0,48.0,51.0,54.0,56.0
2025-06-10,Senate,0.8998333333333334,0.1001666666666666,0.0893333333333333,52.54083333333333,53.0,49.0,51.0,54.0,56.0
2025-06-11,Senate,0.9083333333333332,0.0916666666666666,0.0933333333333333,52.586,53.0,49.0,51.0,54.0,56.0
2025-06-12,Senate,0.9051666666666668,0.0948333333333333,0.0853333333333333,52.553333333333335,53.0,49.0,51.0,54.0,56.0
2025-06-13,Senate,0.907,0.093,0.0858333333333333,52.6215,53.0,49.0,51.0,54.0,56.0
2025-06-14,Senate,0.9068333333333334,0.0931666666666666,0.084,52.601,53.0,49.0,51.0,54.0,56.0
2025-06-15,Senate,0.9013333333333332,0.0986666666666666,0.0873333333333333,52.56916666666667,53.0,49.0,51.0,54.0,56.0
2025-06-16,Senate,0.897,0.103,0.0875,52.54833333333333,53.0,48.94999999999999,51.0,54.0,56.0
2025-06-17,Senate,0.9088333333333334,0.0911666666666666,0.0868333333333333,52.59033333333333,53.0,49.0,51.0,54.0,56.0
2025-06-18,Senate,0.9035,0.0965,0.0891666666666666,52.59916666666667,53.0,49.0,51.0,54.0,56.0
2025-06-19,Senate,0.9111666666666668,0.0888333333333333,0.086,52.635666666666665,53.0,49.0,51.0,54.0,56.0
2025-06-20,Senate,0.9145,0.0855,0.0823333333333333,52.678666666666665,53.0,49.0,51.0,54.0,56.0
2025-06-21,Senate,0.9098333333333334,0.0901666666666666,0.0783333333333333,52.70433333333333,53.0,49.0,51.0,54.0,56.0
2025-06-22,Senate,0.9068333333333334,0.0931666666666666,0.0838333333333333,52.64266666666666,53.0,49.0,51.0,54.0,56.0
2025-06-23,Senate,0.9193333333333332,0.0806666666666666,0.084,52.7665,53.0,49.0,51.0,54.0,56.0
2025-06-24,Senate,0.9125,0.0875,0.0811666666666666,52.704,53.0,49.0,51.0,54.0,56.0
2025-06-25,Senate,0.9153333333333332,0.0846666666666666,0.086,52.676833333333335,53.0,49.0,51.0,54.0,56.0
2025-06-26,Senate,0.9091666666666668,0.0908333333333333,0.0825,52.67666666666667,53.0,49.0,51.0,54.0,56.0
2025-06-27,Senate,0.9105,0.0895,0.0825,52.67816666666667,53.0,49.0,51.0,54.0,56.0
2025-06-28,Senate,0.9125,0.0875,0.0833333333333333,52.68533333333333,53.0,49.0,51.0,54.0,56.0
2025-06-29,Senate,0.9113333333333332,0.0886666666666666,0.087,52.666,53.0,49.0,51.0,54.0,56.0
2025-06-30,Senate,0.9001666666666667,0.0998333333333333,0.0791666666666666,52.62283333333333,53.0,49.0,51.0,54.0,56.0
2025-07-01,Senate,0.9153333333333332,0.0846666666666666,0.0798333333333333,52.6975,53.0,49.0,51.0,54.0,56.0
2025-07-02,Senate,0.905,0.095,0.0786666666666666,52.66283333333333,53.0,49.0,51.0,54.0,56.0
2025-07-03,Senate,0.9158333333333334,0.0841666666666666,0.0816666666666666,52.67616666666667,53.0,49.0,51.0,54.0,56.0
2025-07-04,Senate,0.9141666666666668,0.0858333333333333,0.0833333333333333,52.69883333333333,53.0,49.0,51.0,54.0,57.0
2025-07-05,Senate,0.9115,0.0885,0.0871666666666666,52.6785,53.0,49.0,51.0,54.0,56.0
2025-07-06,Senate,0.9136666666666666,0.0863333333333333,0.0808333333333333,52.7265,53.0,49.0,51.0,54.0,56.0
2025-07-07,Senate,0.9115,0.0885,0.0875,52.63433333333333,53.0,49.0,51.0,54.0,56.0
2025-07-08,Senate,0.909,0.091,0.0816666666666666,52.6825,53.0,49.0,51.0,54.0,56.0
2025-07-09,Senate,0.9145,0.0855,0.0881666666666666,52.69283333333333,53.0,49.0,51.0,54.0,56.0
2025-07-10,Senate,0.9123333333333332,0.0876666666666666,0.0751666666666666,52.6765,53.0,49.0,51.0,54.0,56.0
2025-07-11,Senate,0.9091666666666668,0.0908333333333333,0.0845,52.656333333333336,53.0,49.0,51.0,54.0,56.0
2025-07-12,Senate,0.9181666666666668,0.0818333333333333,0.077,52.74616666666667,53.0,49.0,51.0,54.0,56.0
2025-07-13,Senate,0.9133333333333332,0.0866666666666666,0.0776666666666666,52.696,53.0,49.0,51.0,54.0,56.0
2025-07-14,Senate,0.915,0.085,0.0818333333333333,52.744166666666665,53.0,49.0,51.0,54.0,56.0
2025-07-15,Senate,0.919,0.081,0.0788333333333333,52.694,53.0,49.0,51.0,54.0,56.0
2025-07-16,Senate,0.9128333333333334,0.0871666666666666,0.0798333333333333,52.71566666666666,53.0,49.0,51.0,54.0,56.0
2025-07-17,Senate,0.9148333333333334,0.0851666666666666,0.0843333333333333,52.72516666666667,53.0,49.0,51.0,54.0,56.0
2025-07-18,Senate,0.9128333333333334,0.0871666666666666,0.0818333333333333,52.67733333333333,53.0,49.0,51.0,54.0,56.0
2025-07-19,Senate,0.9101666666666668,0.0898333333333333,0.0846666666666666,52.67366666666667,53.0,49.0,51.0,54.0,56.0
2025-07-20,Senate,0.9068333333333334,0.0931666666666666,0.0845,52.635,53.0,49.0,51.0,54.0,56.0
2025-07-21,Senate,0.9093333333333332,0.0906666666666666,0.0803333333333333,52.68483333333333,53.0,49.0,51.0,54.0,56.0
2025-07-22,Senate,0.9056666666666666,0.0943333333333333,0.0866666666666666,52.54883333333333,53.0,49.0,51.0,54.0,56.0
2025-07-23,Senate,0.9111666666666668,0.0888333333333333,0.082,52.60083333333333,53.0,49.0,51.0,54.0,56.0
2025-07-24,Senate,0.904,0.096,0.083,52.6235,53.0,49.0,51.0,54.0,56.0
2025-07-25,Senate,0.9036666666666666,0.0963333333333333,0.0886666666666666,52.566833333333335,53.0,49.0,51.0,54.0,56.0
2025-07-26,Senate,0.9085,0.0915,0.0855,52.611666666666665,53.0,49.0,51.0,54.0,56.0
2025-07-27,Senate,0.9131666666666668,0.0868333333333333,0.0841666666666666,52.6165,53.0,49.0,51.0,54.0,56.0
2025-07-28,Senate,0.9033333333333332,0.0966666666666666,0.0886666666666666,52.55233333333333,53.0,49.0,51.0,54.0,56.0
2025-07-29,Senate,0.91,0.09,0.0876666666666666,52.60516666666667,53.0,49.0,51.0,54.0,56.0
2025-07-30,Senate,0.9081666666666668,0.0918333333333333,0.0891666666666666,52.595666666666666,53.0,49.0,51.0,54.0,56.0
2025-07-31,Senate,0.8983333333333333,0.1016666666666666,0.0893333333333333,52.47083333333333,52.5,49.0,51.0,54.0,56.0
2025-08-01,Senate,0.9011666666666668,0.0988333333333333,0.093,52.409333333333336,52.0,49.0,51.0,54.0,56.0
2025-08-02,Senate,0.8971666666666667,0.1028333333333333,0.0918333333333333,52.44416666666667,52.0,49.0,51.0,54.0,56.0
2025-08-03,Senate,0.8953333333333333,0.1046666666666666,0.0926666666666666,52.43183333333333,52.0,49.0,51.0,54.0,56.0
2025-08-04,Senate,0.8855,0.1145,0.096,52.35466666666667,52.0,48.0,51.0,54.0,56.0
2025-08-05,Senate,0.896,0.104,0.0965,52.3805,52.0,49.0,51.0,54.0,56.0
2025-08-06,Senate,0.8991666666666667,0.1008333333333333,0.0995,52.40133333333333,52.0,49.0,51.0,54.0,56.0
2025-08-07,Senate,0.8978333333333334,0.1021666666666666,0.0933333333333333,52.443,53.0,49.0,51.0,54.0,56.0
2025-08-08,Senate,0.8768333333333334,0.1231666666666666,0.097,52.241,52.0,48.0,51.0,54.0,56.0
2025-08-09,Senate,0.8875,0.1125,0.1063333333333333,52.272666666666666,52.0,48.0,51.0,54.0,56.0
2025-08-10,Senate,0.8805,0.1195,0.1091666666666666,52.22916666666666,52.0,48.0,51.0,54.0,56.0
2025-08-11,Senate,0.8763333333333333,0.1236666666666666,0.1011666666666666,52.20883333333333,52.0,48.0,51.0,54.0,56.0
2025-08-12,Senate,0.877,0.123,0.1011666666666666,52.2185,52.0,48.0,51.0,54.0,56.0
2025-08-13,Senate,0.8746666666666667,0.1253333333333333,0.0976666666666666,52.22766666666666,52.0,48.0,51.0,54.0,56.0
2025-08-14,Senate,0.8853333333333333,0.1146666666666666,0.0998333333333333,52.248,52.0,48.0,51.0,54.0,56.0
2025-08-15,Senate,0.8818333333333334,0.1181666666666666,0.1023333333333333,52.279833333333336,52.0,48.0,51.0,54.0,56.0
2025-08-16,Senate,0.8848333333333334,0.1151666666666666,0.107,52.279833333333336,52.0,48.0,51.0,54.0,56.0
2025-08-17,Senate,0.8746666666666667,0.1253333333333333,0.1083333333333333,52.22816666666667,52.0,48.0,51.0,54.0,56.0
2025-08-18,Senate,0.8741666666666666,0.1258333333333333,0.11,52.22266666666667,52.0,48.0,51.0,54.0,56.0
2025-08-19,Senate,0.882,0.118,0.1083333333333333,52.24883333333333,52.0,48.0,51.0,54.0,56.0
2025-08-20,Senate,0.8781666666666667,0.1218333333333333,0.1015,52.236666666666665,52.0,48.0,51.0,54.0,56.0
2025-08-21,Senate,0.878,0.122,0.108,52.22966666666667,52.0,48.0,51.0,54.0,56.0
2025-08-22,Senate,0.8813333333333333,0.1186666666666666,0.0971666666666666,52.33,52.0,48.0,51.0,54.0,56.0
2025-08-23,Senate,0.884,0.116,0.0965,52.30616666666667,52.0,48.0,51.0,54.0,56.0
2025-08-24,Senate,0.8825,0.1175,0.1013333333333333,52.2505,52.0,48.0,51.0,54.0,56.0
2025-08-25,Senate,0.877,0.123,0.1006666666666666,52.22883333333333,52.0,48.0,51.0,54.0,56.0
2025-08-26,Senate,0.8873333333333333,0.1126666666666666,0.1046666666666666,52.33433333333333,52.0,48.0,51.0,54.0,56.0
2025-08-27,Senate,0.8818333333333334,0.1181666666666666,0.102,52.29783333333334,52.0,48.0,51.0,54.0,56.0
2025-08-28,Senate,0.8816666666666667,0.1183333333333333,0.1083333333333333,52.25383333333333,52.0,48.0,51.0,54.0,56.0
2025-08-29,Senate,0.8791666666666667,0.1208333333333333,0.0988333333333333,52.2885,52.0,48.0,51.0,54.0,56.0
2025-08-30,Senate,0.8898333333333334,0.1101666666666666,0.1,52.3505,52.0,48.94999999999999,51.0,54.0,56.0
2025-08-31,Senate,0.891,0.109,0.099,52.31183333333333,52.0,48.0,51.0,54.0,56.0
2025-09-01,Senate,0.885,0.115,0.1083333333333333,52.30283333333333,52.0,48.0,51.0,54.0,56.0
2025-09-02,Senate,0.8826666666666667,0.1173333333333333,0.1035,52.25066666666667,52.0,48.0,51.0,54.0,56.0
2025-09-03,Senate,0.8831666666666667,0.1168333333333333,0.1011666666666666,52.25816666666667,52.0,48.0,51.0,54.0,56.0
2025-09-04,Senate,0.8711666666666666,0.1288333333333333,0.101,52.221,52.0,48.0,51.0,54.0,56.0
2025-09-05,Senate,0.8591666666666666,0.1408333333333333,0.1095,52.0215,52.0,48.0,50.0,54.0,56.0
2025-09-06,Senate,0.871,0.129,0.1123333333333333,52.086,52.0,48.0,51.0,54.0,56.0
2025-09-07,Senate,0.868,0.132,0.1091666666666666,52.03866666666666,52.0,48.0,51.0,54.0,56.0
2025-09-08,Senate,0.8656666666666667,0.1343333333333333,0.1108333333333333,52.059,52.0,48.0,51.0,54.0,56.0
2025-09-09,Senate,0.8603333333333333,0.1396666666666666,0.1178333333333333,51.962,52.0,48.0,50.0,54.0,56.0
2025-09-10,Senate,0.8675,0.1325,0.1166666666666666,52.00083333333333,52.0,48.0,51.0,54.0,56.0
2025-09-11,Senate,0.8693333333333333,0.1306666666666666,0.1145,51.9965,52.0,48.0,51.0,53.0,56.0
2025-09-12,Senate,0.8693333333333333,0.1306666666666666,0.125,52.016666666666666,52.0,48.0,50.0,54.0,56.0
2025-09-13,Senate,0.8741666666666666,0.1258333333333333,0.1091666666666666,52.05283333333333,52.0,48.0,51.0,54.0,56.0
2025-09-14,Senate,0.871,0.129,0.1173333333333333,52.051833333333335,52.0,48.0,51.0,54.0,56.0
2025-09-15,Senate,0.87,0.13,0.1026666666666666,52.151833333333336,52.0,48.0,51.0,54.0,56.0
2025-09-16,Senate,0.8816666666666667,0.1183333333333333,0.1115,52.214666666666666,52.0,48.0,51.0,54.0,56.0
2025-09-17,Senate,0.8695,0.1305,0.1095,52.118833333333335,52.0,48.0,51.0,54.0,56.0
2025-09-18,Senate,0.8656666666666667,0.1343333333333333,0.1051666666666666,52.125,52.0,48.0,51.0,54.0,56.0
2025-09-19,Senate,0.8778333333333334,0.1221666666666666,0.1153333333333333,52.154833333333336,52.0,48.0,51.0,54.0,56.0
2025-09-20,Senate,0.8785,0.1215,0.105,52.1915,52.0,48.0,51.0,54.0,56.0
2025-09-21,Senate,0.8718333333333333,0.1281666666666666,0.1091666666666666,52.145,52.0,48.0,51.0,54.0,56.0
2025-09-22,Senate,0.8701666666666666,0.1298333333333333,0.1095,52.12283333333333,52.0,48.0,51.0,54.0,56.0
2025-09-23,Senate,0.8761666666666666,0.1238333333333333,0.1048333333333333,52.14683333333333,52.0,48.0,51.0,54.0,56.0
2025-09-24,Senate,0.8838333333333334,0.1161666666666666,0.1001666666666666,52.242333333333335,52.0,48.0,51.0,54.0,56.0
2025-09-25,Senate,0.8796666666666667,0.1203333333333333,0.1035,52.22616666666666,52.0,48.0,51.0,54.0,56.0
2025-09-26,Senate,0.8856666666666667,0.1143333333333333,0.1055,52.2575,52.0,48.0,51.0,54.0,56.0
2025-09-27,Senate,0.8831666666666667,0.1168333333333333,0.1048333333333333,52.190333333333335,52.0,48.0,51.0,54.0,56.0
2025-09-28,Senate,0.8763333333333333,0.1236666666666666,0.1056666666666666,52.18716666666667,52.0,48.0,51.0,54.0,56.0
2025-09-29,Senate,0.8805,0.1195,0.1146666666666666,52.1945,52.0,48.0,51.0,54.0,56.0
2025-09-30,Senate,0.856,0.144,0.1075,52.04383333333333,52.0,48.0,50.0,54.0,56.0
2025-10-01,Senate,0.863,0.137,0.1146666666666666,52.0635,52.0,48.0,50.0,54.0,56.0
2025-10-02,Senate,0.8665,0.1335,0.119,52.032833333333336,52.0,48.0,50.0,54.0,56.0
2025-10-03,Senate,0.855,0.145,0.1061666666666666,52.03616666666667,52.0,48.0,50.0,54.0,56.0
2025-10-04,Senate,0.8571666666666666,0.1428333333333333,0.1161666666666666,51.99616666666667,52.0,48.0,50.0,54.0,56.0
2025-10-05,Senate,0.8615,0.1385,0.1161666666666666,52.02,52.0,48.0,50.0,54.0,56.0
2025-10-06,Senate,0.8615,0.1385,0.1173333333333333,52.001,52.0,48.0,50.0,54.0,56.0
2025-10-07,Senate,0.8605,0.1395,0.1146666666666666,52.009166666666665,52.0,48.0,50.0,54.0,56.0
2025-10-08,Senate,0.8615,0.1385,0.1276666666666666,52.012166666666666,52.0,48.0,50.0,54.0,56.0
2025-10-09,Senate,0.8548333333333333,0.1451666666666666,0.1133333333333333,51.98833333333334,52.0,48.0,50.0,54.0,56.0
2025-10-10,Senate,0.8678333333333333,0.1321666666666666,0.1158333333333333,52.076166666666666,52.0,48.0,51.0,54.0,56.0
2025-10-11,Senate,0.8595,0.1405,0.112,51.9925,52.0,48.0,50.0,54.0,56.0
2025-10-12,Senate,0.8678333333333333,0.1321666666666666,0.1116666666666666,52.075,52.0,48.0,51.0,54.0,56.0
2025-10-13,Senate,0.8606666666666667,0.1393333333333333,0.1048333333333333,52.074666666666666,52.0,48.0,51.0,54.0,56.0
2025-10-14,Senate,0.8616666666666667,0.1383333333333333,0.1101666666666666,52.0645,52.0,48.0,51.0,54.0,56.0
2025-10-15,Senate,0.8666666666666667,0.1333333333333333,0.1066666666666666,52.13183333333333,52.0,48.0,51.0,54.0,56.0
2025-10-16,Senate,0.8655,0.1345,0.1178333333333333,52.0865,52.0,48.0,50.0,54.0,56.0
2025-10-17,Senate,0.842,0.158,0.1181666666666666,51.919,52.0,48.0,50.0,54.0,56.0
2025-10-18,Senate,0.8556666666666667,0.1443333333333333,0.1158333333333333,51.98983333333333,52.0,48.0,50.0,54.0,56.0
2025-10-19,Senate,0.8475,0.1525,0.1181666666666666,51.95183333333333,52.0,48.0,50.0,54.0,56.0
2025-10-20,Senate,0.8471666666666666,0.1528333333333333,0.1168333333333333,51.903333333333336,52.0,48.0,50.0,54.0,56.0
2025-10-21,Senate,0.8281666666666667,0.1718333333333333,0.1265,51.755,52.0,48.0,50.0,53.0,56.0
2025-10-22,Senate,0.8331666666666667,0.1668333333333333,0.1191666666666666,51.81133333333333,52.0,48.0,50.0,53.0,56.0
2025-10-23,Senate,0.8238333333333333,0.1761666666666666,0.1285,51.7325,52.0,48.0,50.0,53.0,56.0
2025-10-24,Senate,0.8295,0.1705,0.1215,51.799166666666665,52.0,48.0,50.0,53.0,56.0
2025-10-25,Senate,0.837,0.163,0.1185,51.85366666666667,52.0,48.0,50.0,53.0,56.0
2025-10-26,Senate,0.828,0.172,0.1256666666666666,51.77216666666666,52.0,48.0,50.0,53.0,56.0
2025-10-27,Senate,0.841,0.159,0.126,51.81733333333333,52.0,48.0,50.0,53.0,56.0
2025-10-28,Senate,0.8306666666666667,0.1693333333333333,0.1281666666666666,51.746833333333335,52.0,48.0,50.0,53.0,56.0
2025-10-29,Senate,0.8233333333333334,0.1766666666666666,0.1268333333333333,51.7755,52.0,48.0,50.0,53.0,56.0
2025-10-30,Senate,0.832,0.168,0.1248333333333333,51.80266666666667,52.0,48.0,50.0,53.0,56.0
2025-10-31,Senate,0.8305,0.1695,0.1273333333333333,51.78066666666667,52.0,48.0,50.0,53.0,56.0
2025-11-01,Senate,0.8243333333333334,0.1756666666666666,0.126,51.75783333333333,52.0,48.0,50.0,53.0,56.0
2025-11-02,Senate,0.8343333333333334,0.1656666666666666,0.123,51.8215,52.0,48.0,50.0,53.0,56.0
2025-11-03,Senate,0.8358333333333333,0.1641666666666666,0.1318333333333333,51.76566666666667,52.0,48.0,50.0,53.0,56.0
2025-11-04,Senate,0.8435,0.1565,0.1256666666666666,51.821,52.0,48.0,50.0,53.0,56.0
2025-11-05,Senate,0.8308333333333333,0.1691666666666666,0.1223333333333333,51.84216666666666,52.0,48.0,50.0,53.0,56.0
2025-11-06,Senate,0.8505,0.1495,0.1251666666666666,51.921,52.0,48.0,50.0,54.0,56.0
2025-11-07,Senate,0.8463333333333334,0.1536666666666666,0.1191666666666666,51.91633333333333,52.0,48.0,50.0,53.0,56.0
2025-11-08,Senate,0.8535,0.1465,0.1221666666666666,51.98116666666667,52.0,48.0,50.0,54.0,56.0
2025-11-09,Senate,0.8555,0.1445,0.1161666666666666,52.0025,52.0,48.0,50.0,54.0,56.0
2025-11-10,Senate,0.8471666666666666,0.1528333333333333,0.119,51.92766666666667,52.0,48.0,50.0,53.0,56.0
2025-11-11,Senate,0.8456666666666667,0.1543333333333333,0.1178333333333333,51.92433333333334,52.0,48.0,50.0,54.0,56.0
2025-11-12,Senate,0.851,0.149,0.1176666666666666,51.99183333333333,52.0,48.0,50.0,54.0,56.0
2025-11-13,Senate,0.8418333333333333,0.1581666666666666,0.1103333333333333,51.91816666666666,52.0,48.0,50.0,54.0,56.0
2025-11-14,Senate,0.8308333333333333,0.1691666666666666,0.1253333333333333,51.81616666666667,52.0,48.0,50.0,53.0,56.0
2025-11-15,Senate,0.8441666666666666,0.1558333333333333,0.1273333333333333,51.832166666666666,52.0,48.0,50.0,53.0,56.0
2025-11-16,Senate,0.8421666666666666,0.1578333333333333,0.1246666666666666,51.880833333333335,52.0,48.0,50.0,53.0,56.0
2025-11-17,Senate,0.8378333333333333,0.1621666666666666,0.1238333333333333,51.828,52.0,48.0,50.0,53.0,56.0
2025-11-18,Senate,0.8388333333333333,0.1611666666666666,0.1186666666666666,51.85866666666666,52.0,48.0,50.0,53.0,56.0
2025-11-19,Senate,0.8375,0.1625,0.1188333333333333,51.84183333333333,52.0,48.0,50.0,53.0,56.0
2025-11-20,Senate,0.8405,0.1595,0.1196666666666666,51.86033333333334,52.0,48.0,50.0,53.0,56.0
2025-11-21,Senate,0.8356666666666667,0.1643333333333333,0.1193333333333333,51.861666666666665,52.0,48.0,50.0,54.0,56.0
2025-11-22,Senate,0.8421666666666666,0.1578333333333333,0.1178333333333333,51.8355,52.0,48.0,50.0,53.0,56.0
2025-11-23,Senate,0.8456666666666667,0.1543333333333333,0.1215,51.89416666666666,52.0,48.0,50.0,54.0,56.0
2025-11-24,Senate,0.835,0.165,0.1153333333333333,51.85383333333333,52.0,48.0,50.0,53.0,56.0
2025-11-25,Senate,0.8405,0.1595,0.1131666666666666,51.912333333333336,52.0,48.0,50.0,54.0,56.0
2025-11-26,Senate,0.8491666666666666,0.1508333333333333,0.1228333333333333,51.93966666666667,52.0,48.0,50.0,54.0,56.0
2025-11-27,Senate,0.8505,0.1495,0.1198333333333333,51.90733333333333,52.0,48.0,50.0,54.0,56.0
2025-11-28,Senate,0.8476666666666667,0.1523333333333333,0.1216666666666666,51.90166666666666,52.0,48.0,50.0,54.0,56.0
2025-11-29,Senate,0.8366666666666667,0.1633333333333333,0.1201666666666666,51.8465,52.0,48.0,50.0,53.0,56.0
2025-11-30,Senate,0.8366666666666667,0.1633333333333333,0.1126666666666666,51.87016666666667,52.0,48.0,50.0,53.0,56.0
2025-12-01,Senate,0.8336666666666667,0.1663333333333333,0.1135,51.87916666666667,52.0,48.0,50.0,54.0,56.0
2025-12-02,Senate,0.8371666666666666,0.1628333333333333,0.1273333333333333,51.8465,52.0,48.0,50.0,53.0,56.0
2025-12-03,Senate,0.8416666666666667,0.1583333333333333,0.117,51.89866666666666,52.0,48.0,50.0,54.0,56.0
2025-12-04,Senate,0.8466666666666667,0.1533333333333333,0.1195,51.93633333333333,52.0,48.0,50.0,54.0,56.0
2025-12-05,Senate,0.8475,0.1525,0.1191666666666666,51.948166666666665,52.0,48.0,50.0,54.0,56.0
2025-12-06,Senate,0.8405,0.1595,0.1181666666666666,51.886833333333335,52.0,48.0,50.0,54.0,56.0
2025-12-07,Senate,0.8516666666666667,0.1483333333333333,0.1195,51.9385,52.0,48.0,50.0,54.0,56.0
2025-12-08,Senate,0.8463333333333334,0.1536666666666666,0.1163333333333333,51.95183333333333,52.0,48.0,50.0,54.0,56.0
2025-12-09,Senate,0.853,0.147,0.1133333333333333,51.973333333333336,52.0,48.0,50.0,54.0,56.0
2025-12-10,Senate,0.8533333333333334,0.1466666666666666,0.1106666666666666,51.9825,52.0,48.0,50.0,54.0,56.0
2025-12-11,Senate,0.8525,0.1475,0.1116666666666666,52.02483333333333,52.0,48.0,50.0,54.0,56.0
2025-12-12,Senate,0.8538333333333333,0.1461666666666666,0.1148333333333333,52.00333333333333,52.0,48.0,50.0,54.0,56.0
2025-12-13,Senate,0.8478333333333333,0.1521666666666666,0.1101666666666666,52.0045,52.0,48.0,50.0,54.0,56.0
2025-12-14,Senate,0.8466666666666667,0.1533333333333333,0.1146666666666666,51.92883333333333,52.0,48.0,50.0,54.0,56.0
2025-12-15,Senate,0.8483333333333334,0.1516666666666666,0.117,51.95183333333333,52.0,48.0,50.0,54.0,56.0
2025-12-16,Senate,0.8415,0.1585,0.1161666666666666,51.92533333333333,52.0,48.0,50.0,54.0,56.0
2025-12-17,Senate,0.8435,0.1565,0.1205,51.92233333333333,52.0,48.0,50.0,54.0,56.0
2025-12-18,Senate,0.8563333333333333,0.1436666666666666,0.1086666666666666,52.01,52.0,48.0,50.0,54.0,56.0
2025-12-19,Senate,0.8451666666666666,0.1548333333333333,0.1175,51.90866666666667,52.0,48.0,50.0,54.0,56.0
2025-12-20,Senate,0.8418333333333333,0.1581666666666666,0.1208333333333333,51.88183333333333,52.0,48.0,50.0,54.0,56.0
2025-12-21,Senate,0.8438333333333333,0.1561666666666666,0.1255,51.88583333333333,52.0,48.0,50.0,54.0,56.0
2025-12-22,Senate,0.8453333333333334,0.1546666666666666,0.1133333333333333,51.91266666666667,52.0,48.0,50.0,54.0,56.0
2025-12-23,Senate,0.84,0.16,0.1195,51.907,52.0,48.0,50.0,54.0,56.0
2025-12-24,Senate,0.8358333333333333,0.1641666666666666,0.11,51.8915,52.0,48.0,50.0,54.0,56.0
2025-12-25,Senate,0.8383333333333334,0.1616666666666666,0.1225,51.85983333333333,52.0,48.0,50.0,54.0,56.0
2025-12-26,Senate,0.8466666666666667,0.1533333333333333,0.1196666666666666,51.921,52.0,48.0,50.0,54.0,56.0
2025-12-27,Senate,0.8425,0.1575,0.123,51.90116666666667,52.0,48.0,50.0,54.0,56.0
2025-12-28,Senate,0.8358333333333333,0.1641666666666666,0.119,51.8625,52.0,48.0,50.0,54.0,56.0
2025-12-29,Senate,0.8478333333333333,0.1521666666666666,0.1236666666666666,51.92,52.0,48.0,50.0,54.0,56.0
2025-12-30,Senate,0.8391666666666666,0.1608333333333333,0.1168333333333333,51.889,52.0,48.0,50.0,54.0,56.0
2025-12-31,Senate,0.8458333333333333,0.1541666666666666,0.1133333333333333,51.94166666666667,52.0,48.0,50.0,54.0,56.0
2026-01-01,Senate,0.8381666666666666,0.1618333333333333,0.1188333333333333,51.85883333333334,52.0,48.0,50.0,53.0,56.0
2026-01-02,Senate,0.8403333333333334,0.1596666666666666,0.1175,51.871833333333335,52.0,48.0,50.0,53.0,56.0
2026-01-03,Senate,0.84,0.16,0.1183333333333333,51.88166666666667,52.0,48.0,50.0,54.0,56.0
2026-01-04,Senate,0.8413333333333334,0.1586666666666666,0.1126666666666666,51.91683333333334,52.0,48.0,50.0,54.0,56.0
2026-01-05,Senate,0.8368333333333333,0.1631666666666666,0.1161666666666666,51.8865,52.0,48.0,50.0,54.0,56.0
2026-01-06,Senate,0.8398333333333333,0.1601666666666666,0.119,51.8495,52.0,48.0,50.0,53.0,56.0
2026-01-07,Senate,0.8415,0.1585,0.1276666666666666,51.853,52.0,48.0,50.0,53.0,56.0
2026-01-08,Senate,0.8458333333333333,0.1541666666666666,0.1236666666666666,51.885333333333335,52.0,48.0,50.0,53.0,56.0
2026-01-09,Senate,0.8436666666666667,0.1563333333333333,0.1193333333333333,51.939166666666665,52.0,48.0,50.0,54.0,56.0
2026-01-10,Senate,0.8483333333333334,0.1516666666666666,0.1176666666666666,51.91416666666667,52.0,48.0,50.0,54.0,56.0
2026-01-11,Senate,0.8496666666666667,0.1503333333333333,0.124,51.96533333333333,52.0,48.0,50.0,54.0,56.0
2026-01-12,Senate,0.842,0.158,0.1148333333333333,51.909666666666666,52.0,48.0,50.0,54.0,56.0
2026-01-13,Senate,0.835,0.165,0.1175,51.879666666666665,52.0,48.0,50.0,54.0,56.0
2026-01-14,Senate,0.8448333333333333,0.1551666666666666,0.1275,51.85316666666667,52.0,48.0,50.0,53.0,56.0
2026-01-15,Senate,0.8355,0.1645,0.1188333333333333,51.869166666666665,52.0,48.0,50.0,53.0,56.0
2026-01-16,Senate,0.8268333333333333,0.1731666666666666,0.1268333333333333,51.77766666666667,52.0,48.0,50.0,53.0,56.0
2026-01-17,Senate,0.8271666666666667,0.1728333333333333,0.1208333333333333,51.78216666666667,52.0,48.0,50.0,53.0,56.0
2026-01-18,Senate,0.8278333333333333,0.1721666666666666,0.1181666666666666,51.8245,52.0,48.0,50.0,53.0,56.0
2026-01-19,Senate,0.8238333333333333,0.1761666666666666,0.1308333333333333,51.76466666666666,52.0,48.0,50.0,53.0,56.0
2026-01-20,Senate,0.8346666666666667,0.1653333333333333,0.1216666666666666,51.79733333333333,52.0,48.0,50.0,53.0,56.0
2026-01-21,Senate,0.8226666666666667,0.1773333333333333,0.117,51.741,52.0,48.0,50.0,53.0,56.0
2026-01-22,Senate,0.8303333333333334,0.1696666666666666,0.1213333333333333,51.81333333333333,52.0,48.0,50.0,53.0,56.0
2026-01-23,Senate,0.8258333333333333,0.1741666666666666,0.1268333333333333,51.758833333333335,52.0,48.0,50.0,53.0,56.0
2026-01-24,Senate,0.8273333333333334,0.1726666666666666,0.1295,51.767,52.0,48.0,50.0,53.0,56.0
2026-01-25,Senate,0.8368333333333333,0.1631666666666666,0.1235,51.80133333333333,52.0,48.0,50.0,53.0,56.0
2026-01-26,Senate,0.827,0.173,0.121,51.775666666666666,52.0,48.0,50.0,53.0,56.0
2026-01-27,Senate,0.8315,0.1685,0.1241666666666666,51.7555,52.0,48.0,50.0,53.0,55.0
2026-01-28,Senate,0.8256666666666667,0.1743333333333333,0.1256666666666666,51.707,52.0,48.0,50.0,53.0,55.0
2026-01-29,Senate,0.8191666666666667,0.1808333333333333,0.132,51.66783333333333,52.0,48.0,50.0,53.0,55.0
2026-01-30,Senate,0.8088333333333333,0.1911666666666666,0.1303333333333333,51.591166666666666,52.0,48.0,50.0,53.0,56.0
2026-01-31,Senate,0.8158333333333333,0.1841666666666666,0.1355,51.6385,52.0,48.0,50.0,53.0,56.0
2026-02-01,Senate,0.8145,0.1855,0.1273333333333333,51.636,52.0,48.0,50.0,53.0,55.0
2026-02-02,Senate,0.8071666666666667,0.1928333333333333,0.1383333333333333,51.5745,52.0,48.0,50.0,53.0,55.0
2026-02-03,Senate,0.8126666666666666,0.1873333333333333,0.1273333333333333,51.68566666666667,52.0,48.0,50.0,53.0,56.0
2026-02-04,Senate,0.8065,0.1935,0.1313333333333333,51.61516666666667,52.0,48.0,50.0,53.0,55.0
2026-02-05,Senate,0.8156666666666667,0.1843333333333333,0.133,51.60883333333334,52.0,48.0,50.0,53.0,55.0
2026-02-06,Senate,0.8111666666666667,0.1888333333333333,0.1345,51.60816666666667,52.0,48.0,50.0,53.0,55.0
2026-02-07,Senate,0.819,0.181,0.1283333333333333,51.693666666666665,52.0,48.0,50.0,53.0,56.0
2026-02-08,Senate,0.8158333333333333,0.1841666666666666,0.1295,51.62616666666667,52.0,48.0,50.0,53.0,55.0
2026-02-09,Senate,0.8163333333333334,0.1836666666666666,0.128,51.66666666666666,52.0,48.0,50.0,53.0,56.0
2026-02-10,Senate,0.8101666666666667,0.1898333333333333,0.1303333333333333,51.647333333333336,52.0,48.0,50.0,53.0,56.0
2026-02-11,Senate,0.8196666666666667,0.1803333333333333,0.132,51.65683333333333,52.0,48.0,50.0,53.0,56.0
2026-02-12,Senate,0.8131666666666667,0.1868333333333333,0.135,51.65,52.0,48.0,50.0,53.0,56.0
2026-02-13,Senate,0.8208333333333333,0.1791666666666666,0.1395,51.64816666666667,52.0,48.0,50.0,53.0,56.0
2026-02-14,Senate,0.8255,0.1745,0.1345,51.68483333333333,52.0,48.0,50.0,53.0,56.0
2026-02-15,Senate,0.8158333333333333,0.1841666666666666,0.1311666666666666,51.65533333333333,52.0,48.0,50.0,53.0,56.0
2026-02-16,Senate,0.8193333333333334,0.1806666666666666,0.134,51.650333333333336,52.0,48.0,50.0,53.0,55.0
2026-02-17,Senate,0.813,0.187,0.1305,51.678333333333335,52.0,48.0,50.0,53.0,56.0
2026-02-18,Senate,0.819,0.181,0.1275,51.697,52.0,48.0,50.0,53.0,56.0
2026-02-19,Senate,0.8106666666666666,0.1893333333333333,0.1251666666666666,51.63316666666667,52.0,48.0,50.0,53.0,56.0
2026-02-20,Senate,0.8078333333333333,0.1921666666666666,0.1356666666666666,51.5385,52.0,48.0,50.0,53.0,55.0
2026-02-21,Senate,0.8051666666666667,0.1948333333333333,0.1331666666666666,51.554833333333335,52.0,48.0,50.0,53.0,55.0
2026-02-22,Senate,0.8033333333333333,0.1966666666666666,0.1393333333333333,51.49333333333333,52.0,48.0,50.0,53.0,55.0
2026-02-23,Senate,0.8116666666666666,0.1883333333333333,0.1316666666666666,51.5845,52.0,48.0,50.0,53.0,55.0
2026-02-24,Senate,0.7991666666666667,0.2008333333333333,0.1475,51.396,51.0,48.0,50.0,53.0,55.0
2026-02-25,Senate,0.8068333333333333,0.1931666666666666,0.1428333333333333,51.47366666666667,51.0,48.0,50.0,53.0,55.0
2026-02-26,Senate,0.7961666666666667,0.2038333333333333,0.1423333333333333,51.38616666666667,51.0,48.0,50.0,53.0,55.0
2026-02-27,Senate,0.7935,0.2065,0.1376666666666666,51.42083333333333,51.0,48.0,50.0,53.0,55.0
2026-02-28,Senate,0.7868333333333334,0.2131666666666666,0.1438333333333333,51.339,51.0,48.0,50.0,53.0,55.0
2026-03-01,Senate,0.7935,0.2065,0.1436666666666666,51.36366666666667,51.0,48.0,50.0,53.0,55.0
2026-03-02,Senate,0.7965,0.2035,0.1388333333333333,51.437333333333335,51.0,48.0,50.0,53.0,55.0
2026-03-03,Senate,0.8026666666666666,0.1973333333333333,0.1456666666666666,51.458333333333336,51.0,48.0,50.0,53.0,55.0
2026-03-04,Senate,0.7873333333333333,0.2126666666666666,0.1468333333333333,51.355,51.0,48.0,50.0,53.0,55.0
2026-03-05,Senate,0.7756666666666666,0.2243333333333333,0.1436666666666666,51.28183333333333,51.0,48.0,50.0,53.0,55.0
2026-03-06,Senate,0.7761666666666667,0.2238333333333333,0.1491666666666666,51.28366666666667,51.0,47.0,50.0,53.0,55.0
2026-03-07,Senate,0.7771666666666667,0.2228333333333333,0.1496666666666666,51.2735,51.0,48.0,50.0,53.0,55.0
2026-03-08,Senate,0.777,0.223,0.1598333333333333,51.2485,51.0,48.0,50.0,53.0,55.0
2026-03-09,Senate,0.7863333333333333,0.2136666666666666,0.1476666666666666,51.33316666666666,51.0,48.0,50.0,53.0,55.0
2026-03-10,Senate,0.7501666666666666,0.2498333333333333,0.1561666666666666,51.11933333333333,51.0,47.0,50.0,53.0,55.0
2026-03-11,Senate,0.7471666666666666,0.2528333333333333,0.1601666666666666,51.05316666666667,51.0,47.0,49.0,53.0,55.0
2026-03-12,Senate,0.7496666666666667,0.2503333333333333,0.1565,51.09166666666667,51.0,47.0,49.0,53.0,55.0
2026-03-13,Senate,0.7425,0.2575,0.1581666666666666,51.05866666666667,51.0,47.0,49.0,53.0,55.0
2026-03-14,Senate,0.7485,0.2515,0.1633333333333333,51.06766666666667,51.0,47.0,49.0,53.0,55.0
2026-03-15,Senate,0.7421666666666666,0.2578333333333333,0.1553333333333333,51.06433333333333,51.0,47.0,49.0,53.0,55.0
2026-03-16,Senate,0.7513333333333333,0.2486666666666666,0.1465,51.177166666666665,51.0,47.0,50.0,53.0,55.0
2026-03-17,Senate,0.7613333333333333,0.2386666666666666,0.1581666666666666,51.21366666666667,51.0,47.0,50.0,53.0,55.0
2026-03-18,Senate,0.747,0.253,0.1573333333333333,51.1085,51.0,47.0,49.0,53.0,55.0
2026-03-19,Senate,0.7526666666666667,0.2473333333333333,0.1481666666666666,51.156333333333336,51.0,47.0,50.0,53.0,55.0
2026-03-20,Senate,0.743,0.257,0.1563333333333333,51.084833333333336,51.0,47.0,49.0,53.0,55.0
2026-03-21,Senate,0.741,0.259,0.1396666666666666,51.14033333333333,51.0,47.0,49.0,53.0,55.0
2026-03-22,Senate,0.7593333333333333,0.2406666666666666,0.16,51.17016666666667,51.0,47.0,50.0,53.0,55.0
2026-03-23,Senate,0.7478333333333333,0.2521666666666666,0.1578333333333333,51.11483333333333,51.0,47.0,49.0,53.0,55.0
2026-03-24,Senate,0.7551666666666667,0.2448333333333333,0.1536666666666666,51.15683333333333,51.0,47.0,50.0,53.0,55.0
2026-03-25,Senate,0.7483333333333333,0.2516666666666666,0.1516666666666666,51.13366666666667,51.0,47.0,49.0,53.0,55.0
2026-03-26,Senate,0.7528333333333334,0.2471666666666666,0.1566666666666666,51.10483333333333,51.0,47.0,50.0,53.0,55.0
2026-03-27,Senate,0.7515,0.2485,0.1578333333333333,51.077666666666666,51.0,47.0,50.0,53.0,55.0
2026-03-28,Senate,0.7441666666666666,0.2558333333333333,0.1566666666666666,51.075,51.0,47.0,49.0,53.0,55.0
2026-03-29,Senate,0.739,0.261,0.1523333333333333,51.083333333333336,51.0,47.0,49.0,53.0,55.0
2026-03-30,Senate,0.75,0.25,0.1688333333333333,51.06616666666667,51.0,47.0,49.75,53.0,55.0
2026-03-31,Senate,0.742,0.258,0.1585,51.02216666666666,51.0,47.0,49.0,53.0,55.0
2026-04-01,Senate,0.7341666666666666,0.2658333333333333,0.1536666666666666,51.008,51.0,47.0,49.0,53.0,55.0
