as_of_date,gop_control_prob,dem_control_prob,tied_chamber_prob,expected_gop_seats,median_gop_seats,gop_seat_q05,gop_seat_q25,gop_seat_q75,gop_seat_q95,expected_dem_seats,national_mean_margin_dem,generic_ballot_margin_dem,trump_approve_pct,trump_disapprove_pct,trump_net_approval,visible_general_poll_rows,visible_primary_poll_rows,states_with_general_polls,states_with_primary_polls,days_to_election
2025-01-23,0.9246666666666666,0.07533333333333334,0.07283333333333333,52.970166666666664,53.0,49.0,51.0,55.0,57.0,47.029833333333336,-0.5658849839316259,-1.9505643392028376,39.5,56.9,-17.4,0,0,0,0,649
2025-01-24,0.9311666666666667,0.06883333333333333,0.06983333333333333,53.034166666666664,53.0,49.0,51.0,55.0,57.0,46.965833333333336,-0.5614648856930063,-1.9505643392028376,39.5,56.9,-17.4,0,0,0,0,648
2025-01-25,0.925,0.075,0.07133333333333333,52.979,53.0,49.0,51.0,55.0,57.0,47.021,-0.5570506542332202,-1.9505643392028376,39.5,56.9,-17.4,0,0,0,0,647
2025-01-26,0.9313333333333333,0.06866666666666667,0.06966666666666667,53.02466666666667,53.0,49.0,51.0,55.0,57.0,46.97533333333333,-0.5526422778795851,-1.9505643392028376,39.5,56.9,-17.4,0,0,0,0,646
2025-01-27,0.9286666666666666,0.07133333333333333,0.06583333333333333,53.040166666666664,53.0,49.0,51.0,55.0,57.0,46.959833333333336,-0.548239744990365,-1.9505643392028376,39.5,56.9,-17.4,0,0,0,0,645
2025-01-28,0.922,0.078,0.07316666666666667,52.962,53.0,49.0,51.0,55.0,57.0,47.038,-0.5438430439546654,-1.9505643392028376,39.5,56.9,-17.4,0,0,0,0,644
2025-01-29,0.9236666666666666,0.07633333333333334,0.078,52.93383333333333,53.0,49.0,51.0,55.0,57.0,47.06616666666667,-0.5394521631923326,-1.9505643392028376,39.5,56.9,-17.4,0,0,0,0,643
2025-01-30,0.9301666666666667,0.06983333333333333,0.06783333333333333,53.035833333333336,53.0,49.0,52.0,55.0,57.0,46.964166666666664,-0.5350670911538529,-1.9505643392028376,39.5,56.9,-17.4,0,0,0,0,642
2025-01-31,0.9225,0.0775,0.07716666666666666,52.941,53.0,49.0,51.0,55.0,57.0,47.059,-0.5306878163202486,-1.9505643392028376,39.5,56.9,-17.4,0,0,0,0,641
2025-02-01,0.9273333333333333,0.07266666666666667,0.071,52.9535,53.0,49.0,51.0,55.0,57.0,47.0465,-0.2368653803167997,-0.7849198681030045,39.5,56.9,-17.4,0,0,0,0,640
2025-02-02,0.9226666666666666,0.07733333333333334,0.07433333333333333,52.951,53.0,49.0,51.0,55.0,57.0,47.049,-0.232194656813914,-0.7849198681030045,39.5,56.9,-17.4,0,0,0,0,639
2025-02-03,0.9226666666666666,0.07733333333333334,0.0745,52.9465,53.0,49.0,51.0,55.0,57.0,47.0535,-0.2275308244217106,-0.7849198681030045,39.5,56.9,-17.4,0,0,0,0,638
2025-02-04,0.922,0.078,0.077,52.89416666666666,53.0,49.0,51.0,54.0,57.0,47.10583333333334,-0.2228738679008797,-0.7849198681030045,39.5,56.9,-17.4,0,0,0,0,637
2025-02-05,0.9266666666666666,0.07333333333333333,0.07333333333333333,52.9695,53.0,49.0,51.0,55.0,57.0,47.0305,-0.4207171040000222,-0.8442532955712096,39.5,56.9,-17.4,0,0,0,0,636
2025-02-06,0.9193333333333333,0.08066666666666666,0.07483333333333334,52.9045,53.0,49.0,51.0,54.25,57.0,47.0955,-0.1843609913305845,-0.5263289334873513,39.5,56.9,-17.4,0,0,0,0,635
2025-02-07,0.9248333333333333,0.07516666666666667,0.0815,52.89666666666667,53.0,49.0,51.0,55.0,57.0,47.10333333333333,-0.1795880426895948,-0.5263289334873513,39.5,56.9,-17.4,0,0,0,0,634
2025-02-08,0.923,0.077,0.07033333333333333,52.94766666666667,53.0,49.0,51.0,55.0,57.0,47.05233333333333,-0.1748223501571534,-0.5263289334873513,39.5,56.9,-17.4,0,0,0,0,633
2025-02-09,0.9273333333333333,0.07266666666666667,0.07466666666666667,52.94866666666667,53.0,49.0,51.0,55.0,57.0,47.05133333333333,-0.170063897199104,-0.5263289334873513,39.5,56.9,-17.4,0,0,0,0,632
2025-02-10,0.9268333333333333,0.07316666666666667,0.07583333333333334,53.010333333333335,53.0,49.0,52.0,55.0,57.0,46.989666666666665,-0.165312667331486,-0.5263289334873513,39.5,56.9,-17.4,0,0,0,0,631
2025-02-11,0.9213333333333333,0.07866666666666666,0.07716666666666666,52.897666666666666,53.0,49.0,51.0,54.0,57.0,47.102333333333334,-0.1605686441203446,-0.5263289334873513,39.5,56.9,-17.4,1,0,1,0,630
2025-02-12,0.9246666666666666,0.07533333333333334,0.07666666666666666,52.8615,53.0,49.0,51.0,54.0,57.0,47.1385,-0.155831811181541,-0.5263289334873513,39.5,56.9,-17.4,1,0,1,0,629
2025-02-13,0.9246666666666666,0.07533333333333334,0.0775,52.89516666666667,53.0,49.0,51.0,54.0,57.0,47.10483333333333,-0.1511021521805643,-0.5263289334873513,39.5,56.9,-17.4,1,0,1,0,628
2025-02-14,0.9221666666666667,0.07783333333333334,0.07566666666666666,52.912333333333336,53.0,49.0,51.0,55.0,57.0,47.087666666666664,-0.1463796508323432,-0.5263289334873513,39.5,56.9,-17.4,1,0,1,0,627
2025-02-15,0.918,0.082,0.07483333333333334,52.87383333333333,53.0,49.0,51.0,54.0,57.0,47.12616666666667,-0.1416642909010594,-0.5263289334873513,39.5,56.9,-17.4,1,0,1,0,626
2025-02-16,0.928,0.072,0.07416666666666667,52.906166666666664,53.0,49.0,51.0,54.0,57.0,47.093833333333336,-0.1369560561999613,-0.5263289334873513,39.5,56.9,-17.4,1,0,1,0,625
2025-02-17,0.9266666666666666,0.07333333333333333,0.07916666666666666,52.9115,53.0,49.0,51.0,55.0,57.0,47.0885,-0.1322549305911793,-0.5263289334873513,39.5,56.9,-17.4,1,0,1,0,624
2025-02-18,0.9253333333333333,0.07466666666666667,0.07916666666666666,52.89833333333333,53.0,49.0,51.0,54.0,57.0,47.10166666666667,-0.1275608979855404,-0.5263289334873513,39.5,56.9,-17.4,1,0,1,0,623
2025-02-19,0.9206666666666666,0.07933333333333334,0.0785,52.8565,53.0,49.0,51.0,54.0,57.0,47.1435,-0.1228739423423863,-0.5263289334873513,39.5,56.9,-17.4,1,0,1,0,622
2025-02-20,0.9265,0.0735,0.0755,52.9315,53.0,49.0,51.0,55.0,57.0,47.0685,-0.1181940476693888,-0.5263289334873513,39.5,56.9,-17.4,1,0,1,0,621
2025-02-21,0.917,0.083,0.07583333333333334,52.860166666666665,53.0,49.0,51.0,55.0,57.0,47.139833333333335,-0.1135211980223691,-0.5263289334873513,39.5,56.9,-17.4,1,0,1,0,620
2025-02-22,0.9215,0.0785,0.08066666666666666,52.875,53.0,49.0,51.0,55.0,57.0,47.125,-0.1088553775051167,-0.5263289334873513,39.5,56.9,-17.4,1,0,1,0,619
2025-02-23,0.9236666666666666,0.07633333333333334,0.08,52.891333333333336,53.0,49.0,51.0,54.0,57.0,47.108666666666664,-0.1041965702692084,-0.5263289334873513,39.5,56.9,-17.4,1,0,1,0,618
2025-02-24,0.9168333333333333,0.08316666666666667,0.07116666666666667,52.87233333333333,53.0,49.0,51.0,55.0,57.0,47.12766666666667,-0.0995447605138296,-0.5263289334873513,39.5,56.9,-17.4,1,0,1,0,617
2025-02-25,0.923,0.077,0.07433333333333333,52.9165,53.0,49.0,51.0,54.0,57.0,47.0835,-0.0948999324855958,-0.5263289334873513,39.5,56.9,-17.4,1,0,1,0,616
2025-02-26,0.9213333333333333,0.07866666666666666,0.07383333333333333,52.91566666666667,53.0,49.0,51.0,55.0,57.0,47.08433333333333,-0.0902620704783732,-0.5263289334873513,39.5,56.9,-17.4,1,0,1,0,615
2025-02-27,0.9195,0.0805,0.07233333333333333,52.879666666666665,53.0,49.0,51.0,55.0,57.0,47.120333333333335,-0.0856311588331042,-0.5263289334873513,39.5,56.9,-17.4,1,0,1,0,614
2025-02-28,0.9251666666666667,0.07483333333333334,0.074,52.88166666666667,53.0,49.0,51.0,54.0,57.0,47.11833333333333,-0.0810071819376291,-0.5263289334873513,39.5,56.9,-17.4,1,0,1,0,613
2025-03-01,0.9245,0.0755,0.07516666666666667,52.9015,53.0,49.0,51.0,55.0,57.0,47.0985,-0.0763901242265113,-0.5263289334873513,39.5,56.9,-17.4,1,0,1,0,612
2025-03-02,0.9281666666666667,0.07183333333333333,0.07233333333333333,52.934666666666665,53.0,49.0,51.0,55.0,57.0,47.065333333333335,-0.071779970180863,-0.5263289334873513,39.5,56.9,-17.4,1,0,1,0,611
2025-03-03,0.916,0.084,0.078,52.79783333333334,53.0,49.0,51.0,54.0,57.0,47.20216666666666,0.465572485961894,0.1234313203239942,39.5,56.9,-17.4,1,0,1,0,610
2025-03-04,0.917,0.083,0.08016666666666666,52.7945,53.0,49.0,51.0,54.0,57.0,47.2055,0.4698255196293264,0.1234313203239942,39.5,56.9,-17.4,2,0,2,0,609
2025-03-05,0.9183333333333333,0.08166666666666667,0.07666666666666666,52.7825,53.0,49.0,51.0,54.0,56.0,47.2175,0.4740721261082826,0.1234313203239942,39.5,56.9,-17.4,2,0,2,0,608
2025-03-06,0.9166666666666666,0.08333333333333333,0.08383333333333333,52.783833333333334,53.0,49.0,51.0,54.0,56.0,47.216166666666666,0.4783123199569223,0.1234313203239942,39.5,56.9,-17.4,2,0,2,0,607
2025-03-07,0.918,0.082,0.07683333333333334,52.79,53.0,49.0,51.0,54.0,57.0,47.21,0.482546115689471,0.1234313203239942,39.5,56.9,-17.4,2,0,2,0,606
2025-03-08,0.92,0.08,0.07933333333333334,52.798833333333334,53.0,49.0,51.0,54.0,57.0,47.201166666666666,0.4867735277763857,0.1234313203239942,39.5,56.9,-17.4,3,0,3,0,605
2025-03-09,0.917,0.083,0.07683333333333334,52.84166666666667,53.0,49.0,51.0,54.0,57.0,47.15833333333333,0.4909945706445195,0.1234313203239942,39.5,56.9,-17.4,3,0,3,0,604
2025-03-10,0.9226666666666666,0.07733333333333334,0.08083333333333333,52.85783333333333,53.0,49.0,51.0,54.0,57.0,47.14216666666667,0.4952092586772861,0.1234313203239942,39.5,56.9,-17.4,3,0,3,0,603
2025-03-11,0.9203333333333333,0.07966666666666666,0.08166666666666667,52.77916666666667,53.0,49.0,51.0,54.0,56.05000000000018,47.22083333333333,0.5796518580120389,0.2717792007407257,39.5,56.9,-17.4,3,0,3,0,602
2025-03-12,0.9141666666666667,0.08583333333333333,0.08083333333333333,52.81616666666667,53.0,49.0,51.0,54.0,57.0,47.18383333333333,0.583838185044295,0.2717792007407257,39.5,56.9,-17.4,3,0,3,0,601
2025-03-13,0.9168333333333333,0.08316666666666667,0.07783333333333334,52.7965,53.0,49.0,51.0,54.0,57.0,47.2035,0.5880181560245141,0.2717792007407257,39.5,56.9,-17.4,3,0,3,0,600
2025-03-14,0.9113333333333333,0.08866666666666667,0.07933333333333334,52.8,53.0,49.0,51.0,54.0,57.0,47.2,0.5921917854171973,0.2717792007407257,39.5,56.9,-17.4,3,0,3,0,599
2025-03-15,0.9193333333333333,0.08066666666666666,0.07333333333333333,52.86233333333333,53.0,49.0,51.0,54.0,57.0,47.13766666666667,0.5963590876429882,0.2717792007407257,39.5,56.9,-17.4,3,0,3,0,598
2025-03-16,0.911,0.089,0.07633333333333334,52.794,53.0,49.0,51.0,54.0,57.0,47.206,0.6005200770788408,0.2717792007407257,39.5,56.9,-17.4,3,0,3,0,597
2025-03-17,0.9213333333333333,0.07866666666666666,0.07683333333333334,52.86083333333333,53.0,49.0,51.0,54.0,57.0,47.13916666666667,0.6046747680581849,0.2717792007407257,39.5,56.9,-17.4,3,0,3,0,596
2025-03-18,0.9208333333333333,0.07916666666666666,0.07683333333333334,52.8105,53.0,49.0,51.0,54.0,57.0,47.1895,0.6088231748710903,0.2717792007407257,39.5,56.9,-17.4,3,0,3,0,595
2025-03-19,0.9168333333333333,0.08316666666666667,0.0775,52.809666666666665,53.0,49.0,51.0,54.0,57.0,47.190333333333335,0.6129653117644304,0.2717792007407257,39.5,56.9,-17.4,3,0,3,0,594
2025-03-20,0.9175,0.0825,0.08033333333333334,52.820166666666665,53.0,49.0,51.0,54.0,57.0,47.179833333333335,0.6171011929420457,0.2717792007407257,39.5,56.9,-17.4,3,0,3,0,593
2025-03-21,0.9173333333333333,0.08266666666666667,0.076,52.833333333333336,53.0,49.0,51.0,54.0,57.0,47.166666666666664,0.6212308325649059,0.2717792007407257,39.5,56.9,-17.4,3,0,3,0,592
2025-03-22,0.9131666666666667,0.08683333333333333,0.082,52.753,53.0,49.0,51.0,54.0,57.0,47.247,0.6253542447512718,0.2717792007407257,39.5,56.9,-17.4,3,0,3,0,591
2025-03-23,0.9163333333333333,0.08366666666666667,0.078,52.82483333333333,53.0,49.0,51.0,54.0,57.0,47.17516666666667,0.6294714435768559,0.2717792007407257,39.5,56.9,-17.4,3,0,3,0,590
2025-03-24,0.9166666666666666,0.08333333333333333,0.07716666666666666,52.78966666666667,53.0,49.0,51.0,54.0,57.0,47.21033333333333,0.6335824430749827,0.2717792007407257,39.5,56.9,-17.4,3,0,3,0,589
2025-03-25,0.9143333333333333,0.08566666666666667,0.0835,52.74433333333333,53.0,49.0,51.0,54.0,57.0,47.25566666666667,0.637687257236748,0.2717792007407257,39.5,56.9,-17.4,3,0,3,0,588
2025-03-26,0.9155,0.0845,0.08466666666666667,52.82666666666667,53.0,49.0,51.0,54.0,57.0,47.17333333333333,0.6417859000111781,0.2717792007407257,39.5,56.9,-17.4,3,0,3,0,587
2025-03-27,0.9223333333333333,0.07766666666666666,0.07783333333333334,52.86666666666667,53.0,49.0,51.0,54.0,57.0,47.13333333333333,0.3775806992257207,0.0526725516893875,39.5,56.9,-17.4,3,0,3,0,586
2025-03-28,0.9173333333333333,0.08266666666666667,0.07766666666666666,52.82066666666667,53.0,49.0,51.0,54.0,57.0,47.17933333333333,0.3819164170736597,0.0526725516893875,39.5,56.9,-17.4,3,0,3,0,585
2025-03-29,0.9215,0.0785,0.0735,52.876333333333335,53.0,49.0,51.0,54.0,57.0,47.123666666666665,0.3862455583063003,0.0526725516893875,39.5,56.9,-17.4,3,0,3,0,584
2025-03-30,0.919,0.081,0.08266666666666667,52.80533333333333,53.0,49.0,51.0,54.0,57.0,47.19466666666667,0.3905681378758686,0.0526725516893875,39.5,56.9,-17.4,3,0,3,0,583
2025-03-31,0.9191666666666667,0.08083333333333333,0.0825,52.79266666666667,53.0,49.0,51.0,54.0,57.0,47.20733333333333,0.3948841706893,0.0526725516893875,39.5,56.9,-17.4,3,0,3,0,582
2025-04-01,0.9198333333333333,0.08016666666666666,0.0805,52.84616666666667,53.0,49.0,51.0,54.0,57.0,47.15383333333333,0.5161117764463017,0.2459594232862983,39.5,56.9,-17.4,3,0,3,0,581
2025-04-02,0.9228333333333333,0.07716666666666666,0.0825,52.774,53.0,49.0,51.0,54.0,57.0,47.226,0.5203762579181488,0.2459594232862983,39.5,56.9,-17.4,3,0,3,0,580
2025-04-03,0.9213333333333333,0.07866666666666666,0.07883333333333334,52.83133333333333,53.0,49.0,51.0,54.0,57.0,47.16866666666667,0.6045930150869496,0.3780311995071154,39.5,56.9,-17.4,3,0,3,0,579
2025-04-04,0.9198333333333333,0.08016666666666666,0.0825,52.81766666666667,53.0,49.0,51.0,54.0,57.0,47.18233333333333,0.6088186555401033,0.3780311995071154,39.5,56.9,-17.4,3,0,3,0,578
2025-04-05,0.9215,0.0785,0.08133333333333333,52.8135,53.0,49.0,51.0,54.0,57.0,47.1865,0.613037790626338,0.3780311995071154,39.5,56.9,-17.4,3,0,3,0,577
2025-04-06,0.9225,0.0775,0.07866666666666666,52.82966666666667,53.0,49.0,51.0,54.0,57.0,47.17033333333333,0.6172504353566025,0.3780311995071154,39.5,56.9,-17.4,3,0,3,0,576
2025-04-07,0.92,0.08,0.08166666666666667,52.825,53.0,49.0,51.0,54.0,57.0,47.175,0.621456604695698,0.3780311995071154,39.5,56.9,-17.4,3,0,3,0,575
2025-04-08,0.9105,0.0895,0.081,52.73916666666667,53.0,49.0,51.0,54.0,56.0,47.26083333333333,0.6850071541135294,0.4803754923196545,39.5,56.9,-17.4,3,0,3,0,574
2025-04-09,0.9086666666666666,0.09133333333333334,0.0795,52.75566666666667,53.0,49.0,51.0,54.0,57.0,47.24433333333333,0.689184649731336,0.4803754923196545,39.5,56.9,-17.4,3,0,3,0,573
2025-04-10,0.9188333333333333,0.08116666666666666,0.074,52.8105,53.0,49.0,51.0,54.0,57.0,47.1895,0.6933556927996627,0.4803754923196545,39.5,56.9,-17.4,3,0,3,0,572
2025-04-11,0.9171666666666667,0.08283333333333333,0.0785,52.81733333333333,53.0,49.0,51.0,54.0,57.0,47.18266666666667,0.6975202982568607,0.4803754923196545,39.5,56.9,-17.4,3,0,3,0,571
2025-04-12,0.919,0.081,0.077,52.8015,53.0,49.0,51.0,54.0,57.0,47.1985,0.7016784809952054,0.4803754923196545,39.5,56.9,-17.4,3,0,3,0,570
2025-04-13,0.9126666666666666,0.08733333333333333,0.07866666666666666,52.8045,53.0,49.0,51.0,54.0,57.0,47.1955,0.8241037095652339,0.6245168419578782,39.5,56.9,-17.4,3,0,3,0,569
2025-04-14,0.9196666666666666,0.08033333333333334,0.07783333333333334,52.8135,53.0,49.0,51.0,54.0,57.0,47.1865,0.8281735333386463,0.6245168419578782,39.5,56.9,-17.4,3,0,3,0,568
2025-04-15,0.9115,0.0885,0.07866666666666666,52.77616666666667,53.0,49.0,51.0,54.0,56.05000000000018,47.22383333333333,0.8322370711264611,0.6245168419578782,39.5,56.9,-17.4,3,0,3,0,567
2025-04-16,0.9138333333333334,0.08616666666666667,0.082,52.679833333333335,53.0,49.0,51.0,54.0,56.0,47.320166666666665,1.2601676185956283,1.086011113572065,39.5,56.9,-17.4,3,0,3,0,566
2025-04-17,0.9131666666666667,0.08683333333333333,0.07183333333333333,52.79083333333333,53.0,49.0,51.0,54.0,56.0,47.20916666666667,1.2639070601138436,1.086011113572065,39.5,56.9,-17.4,3,0,3,0,565
2025-04-18,0.9148333333333334,0.08516666666666667,0.07966666666666666,52.72,53.0,49.0,51.0,54.0,57.0,47.28,1.267640715673608,1.086011113572065,39.5,56.9,-17.4,3,0,3,0,564
2025-04-19,0.912,0.088,0.08283333333333333,52.7105,53.0,49.0,51.0,54.0,57.0,47.2895,1.2713685986932768,1.086011113572065,39.5,56.9,-17.4,3,0,3,0,563
2025-04-20,0.911,0.089,0.083,52.6815,53.0,49.0,51.0,54.0,56.0,47.3185,1.275090722549745,1.086011113572065,39.5,56.9,-17.4,3,0,3,0,562
2025-04-21,0.9063333333333333,0.09366666666666666,0.08916666666666667,52.64033333333333,53.0,49.0,51.0,54.0,56.0,47.35966666666667,1.9223949320229288,1.774841001083579,39.5,56.9,-17.4,3,0,3,0,561
2025-04-22,0.9076666666666666,0.09233333333333334,0.081,52.721333333333334,53.0,49.0,51.0,54.0,57.0,47.278666666666666,1.9256236868198655,1.774841001083579,39.5,56.9,-17.4,3,0,3,0,560
2025-04-23,0.905,0.095,0.083,52.648,53.0,49.0,51.0,54.0,56.0,47.352,1.9288474426847029,1.774841001083579,39.5,56.9,-17.4,3,0,3,0,559
2025-04-24,0.9105,0.0895,0.08966666666666667,52.6895,53.0,49.0,51.0,54.0,57.0,47.3105,2.0310647044465866,1.892297286293264,39.5,56.9,-17.4,3,0,3,0,558
2025-04-25,0.903,0.097,0.08983333333333333,52.609833333333334,53.0,49.0,51.0,54.0,56.0,47.390166666666666,2.034212966932754,1.892297286293264,39.5,56.9,-17.4,3,0,3,0,557
2025-04-26,0.9058333333333334,0.09416666666666666,0.08616666666666667,52.6325,53.0,49.0,51.0,54.0,56.0,47.3675,2.0373563493830766,1.892297286293264,39.5,56.9,-17.4,3,0,3,0,556
2025-04-27,0.9036666666666666,0.09633333333333334,0.092,52.529833333333336,53.0,49.0,51.0,54.0,56.0,47.470166666666664,2.4143170665529263,2.297332001041646,39.5,56.9,-17.4,3,0,3,0,555
2025-04-28,0.9003333333333333,0.09966666666666667,0.09266666666666666,52.53516666666667,53.0,49.0,51.0,54.0,56.0,47.46483333333333,2.41717458367724,2.297332001041646,39.5,56.9,-17.4,3,0,3,0,554
2025-04-29,0.9051666666666667,0.09483333333333334,0.09033333333333333,52.57833333333333,53.0,49.0,51.0,54.0,56.0,47.42166666666667,2.420027661321153,2.297332001041646,39.5,56.9,-17.4,4,0,3,0,553
2025-04-30,0.8986666666666666,0.10133333333333333,0.091,52.5205,53.0,48.0,51.0,54.0,56.0,47.4795,2.422876309822498,2.297332001041646,39.5,56.9,-17.4,4,0,3,0,552
2025-05-01,0.8978333333333334,0.10216666666666667,0.09233333333333334,52.54266666666667,53.0,48.0,51.0,54.0,56.0,47.45733333333333,2.4257205394870347,2.297332001041646,39.5,56.9,-17.4,4,0,3,0,551
2025-05-02,0.9013333333333333,0.09866666666666667,0.093,52.5275,53.0,49.0,51.0,54.0,56.0,47.4725,2.4285603605885755,2.297332001041646,39.5,56.9,-17.4,4,0,3,0,550
2025-05-03,0.897,0.103,0.09116666666666666,52.526666666666664,53.0,49.0,51.0,54.0,56.0,47.473333333333336,2.431395783369107,2.297332001041646,39.5,56.9,-17.4,4,0,3,0,549
2025-05-04,0.8978333333333334,0.10216666666666667,0.0875,52.528666666666666,53.0,49.0,51.0,54.0,56.0,47.471333333333334,2.434226818038917,2.297332001041646,39.5,56.9,-17.4,4,0,3,0,548
2025-05-05,0.9061666666666667,0.09383333333333334,0.08733333333333333,52.638,53.0,49.0,51.0,54.0,56.0,47.362,1.5187596313216702,1.381189392337817,39.5,56.9,-17.4,4,0,3,0,547
2025-05-06,0.9045,0.0955,0.0845,52.624833333333335,53.0,49.0,51.0,54.0,56.0,47.375166666666665,1.5223193355227085,1.381189392337817,39.5,56.9,-17.4,4,0,3,0,546
2025-05-07,0.8961666666666667,0.10383333333333333,0.08,52.644333333333336,53.0,49.0,51.0,54.0,56.0,47.355666666666664,1.3959513483743426,1.2601850907838883,39.5,56.9,-17.4,4,0,3,0,545
2025-05-08,0.9106666666666666,0.08933333333333333,0.08716666666666667,52.697833333333335,53.0,49.0,51.0,54.0,57.0,47.302166666666665,1.3996108447196671,1.2601850907838883,39.5,56.9,-17.4,4,0,3,0,544
2025-05-09,0.91,0.09,0.0785,52.67466666666667,53.0,49.0,51.0,54.0,56.0,47.32533333333333,1.4032646395982002,1.2601850907838883,39.5,56.9,-17.4,4,0,3,0,543
2025-05-10,0.9053333333333333,0.09466666666666666,0.0825,52.654666666666664,53.0,49.0,51.0,54.0,56.0,47.345333333333336,1.4069127463238311,1.2601850907838883,39.5,56.9,-17.4,4,0,3,0,542
2025-05-11,0.9125,0.0875,0.08283333333333333,52.689166666666665,53.0,49.0,51.0,54.0,56.0,47.310833333333335,1.4105551781690286,1.2601850907838883,39.5,56.9,-17.4,4,0,3,0,541
2025-05-12,0.912,0.088,0.08116666666666666,52.651,53.0,49.0,51.0,54.0,56.0,47.349,1.4141919483650007,1.2601850907838883,39.5,56.9,-17.4,4,0,3,0,540
2025-05-13,0.9073333333333333,0.09266666666666666,0.079,52.665333333333336,53.0,49.0,51.0,54.0,56.0,47.334666666666664,1.4178230701018557,1.2601850907838883,39.5,56.9,-17.4,4,0,3,0,539
2025-05-14,0.9128333333333334,0.08716666666666667,0.08566666666666667,52.68,53.0,49.0,51.0,54.0,56.0,47.32,1.4214485565287596,1.2601850907838883,39.5,56.9,-17.4,4,0,3,0,538
2025-05-15,0.9105,0.0895,0.08883333333333333,52.681666666666665,53.0,49.0,51.0,54.0,56.0,47.318333333333335,1.3846749462332293,1.2346719618822706,39.5,56.9,-17.4,4,0,3,0,537
2025-05-16,0.9121666666666667,0.08783333333333333,0.08016666666666666,52.66433333333333,53.0,49.0,51.0,54.0,56.0,47.33566666666667,1.3883327321782355,1.2346719618822706,39.5,56.9,-17.4,4,0,3,0,536
2025-05-17,0.9031666666666667,0.09683333333333333,0.08716666666666667,52.654666666666664,53.0,49.0,51.0,54.0,57.0,47.345333333333336,1.3919848356230184,1.2346719618822706,39.5,56.9,-17.4,4,0,3,0,535
2025-05-18,0.9146666666666666,0.08533333333333333,0.0835,52.688833333333335,53.0,49.0,51.0,54.0,56.0,47.311166666666665,1.395631269799248,1.2346719618822706,39.5,56.9,-17.4,4,0,3,0,534
2025-05-19,0.9106666666666666,0.08933333333333333,0.08666666666666667,52.642,53.0,49.0,51.0,54.0,56.0,47.358,1.3992720478975478,1.2346719618822706,39.5,56.9,-17.4,4,0,3,0,533
2025-05-20,0.9093333333333333,0.09066666666666667,0.08833333333333333,52.6495,53.0,49.0,51.0,54.0,56.0,47.3505,1.4029071830676507,1.2346719618822706,39.5,56.9,-17.4,4,0,3,0,532
2025-05-21,0.9126666666666666,0.08733333333333333,0.08383333333333333,52.654,53.0,49.0,51.0,54.0,56.0,47.346,1.556041616060074,1.4057907194122108,39.5,56.9,-17.4,4,0,3,0,531
2025-05-22,0.9023333333333333,0.09766666666666667,0.08483333333333333,52.57416666666666,53.0,49.0,51.0,54.0,56.0,47.42583333333334,1.5595618926129593,1.4057907194122108,39.5,56.9,-17.4,6,0,3,0,530
2025-05-23,0.9078333333333334,0.09216666666666666,0.084,52.638,53.0,49.0,51.0,54.0,56.0,47.362,1.5630767069486369,1.4057907194122108,39.5,56.9,-17.4,6,0,3,0,529
2025-05-24,0.9091666666666667,0.09083333333333334,0.084,52.6415,53.0,49.0,51.0,54.0,56.0,47.3585,1.5665860717703792,1.4057907194122108,39.5,56.9,-17.4,6,0,3,0,528
2025-05-25,0.9151666666666667,0.08483333333333333,0.08466666666666667,52.65566666666667,53.0,49.0,51.0,54.0,56.0,47.34433333333333,1.5700899997420978,1.4057907194122108,39.5,56.9,-17.4,6,0,3,0,527
2025-05-26,0.9041666666666667,0.09583333333333334,0.08733333333333333,52.627833333333335,53.0,49.0,51.0,54.0,56.0,47.372166666666665,1.573588503488495,1.4057907194122108,39.5,56.9,-17.4,6,0,3,0,526
2025-05-27,0.8898333333333334,0.11016666666666666,0.08866666666666667,52.41116666666667,52.0,48.0,51.0,54.0,56.0,47.58883333333333,3.122248835393222,3.033752985922721,39.5,56.9,-17.4,6,0,3,0,525
2025-05-28,0.8901666666666667,0.10983333333333334,0.0925,52.46,53.0,48.0,51.0,54.0,56.0,47.54,3.124560492651354,3.033752985922721,39.5,56.9,-17.4,9,0,3,0,524
2025-05-29,0.8913333333333333,0.10866666666666666,0.09533333333333334,52.434,53.0,49.0,51.0,54.0,56.0,47.566,3.1268685514945034,3.033752985922721,39.5,56.9,-17.4,9,0,3,0,523
2025-05-30,0.895,0.105,0.09366666666666666,52.496833333333335,53.0,49.0,51.0,54.0,56.0,47.503166666666665,3.129173020318283,3.033752985922721,39.5,56.9,-17.4,9,0,3,0,522
2025-05-31,0.893,0.107,0.09183333333333334,52.449666666666666,53.0,49.0,51.0,54.0,56.0,47.550333333333334,3.1314739074922087,3.033752985922721,39.5,56.9,-17.4,9,0,3,0,521
2025-06-01,0.8891666666666667,0.11083333333333334,0.09033333333333333,52.45283333333333,53.0,48.0,51.0,54.0,56.0,47.54716666666667,3.133771221359801,3.033752985922721,39.5,56.9,-17.4,9,0,3,0,520
2025-06-02,0.9015,0.0985,0.09666666666666666,52.483333333333334,53.0,49.0,51.0,54.0,56.0,47.516666666666666,2.999886774647739,2.9060769612013013,39.5,56.9,-17.4,9,0,3,0,519
2025-06-03,0.8923333333333333,0.10766666666666666,0.09166666666666666,52.45783333333333,52.0,49.0,51.0,54.0,56.0,47.54216666666667,3.0022924849501704,2.9060769612013013,39.5,56.9,-17.4,9,0,3,0,518
2025-06-04,0.8936666666666667,0.10633333333333334,0.08916666666666667,52.46933333333333,53.0,48.0,51.0,54.0,56.0,47.53066666666667,2.5354281282907825,2.436690020743304,39.5,56.9,-17.4,9,0,3,0,517
2025-06-05,0.9,0.1,0.085,52.57983333333333,53.0,49.0,51.0,54.0,56.0,47.42016666666667,2.5354281282907825,2.436690020743304,39.5,56.9,-17.4,9,0,3,0,516
2025-06-06,0.9023333333333333,0.09766666666666667,0.094,52.592166666666664,53.0,49.0,51.0,54.0,56.0,47.407833333333336,2.5354281282907825,2.436690020743304,39.5,56.9,-17.4,9,0,3,0,515
2025-06-07,0.9023333333333333,0.09766666666666667,0.09083333333333334,52.55866666666667,53.0,49.0,51.0,54.0,56.0,47.44133333333333,2.537389127439143,2.436690020743304,39.5,56.9,-17.4,9,0,3,0,514
2025-06-08,0.9031666666666667,0.09683333333333333,0.09016666666666667,52.5265,53.0,49.0,51.0,54.0,56.0,47.4735,2.5401603104013675,2.436690020743304,39.5,56.9,-17.4,9,0,3,0,513
2025-06-09,0.8988333333333334,0.10116666666666667,0.091,52.523666666666664,53.0,48.0,51.0,54.0,56.0,47.476333333333336,2.5429271734593506,2.436690020743304,39.5,56.9,-17.4,9,0,3,0,512
2025-06-10,0.8998333333333334,0.10016666666666667,0.08933333333333333,52.54083333333333,53.0,49.0,51.0,54.0,56.0,47.45916666666667,2.5456897267064567,2.436690020743304,39.5,56.9,-17.4,9,0,3,0,511
2025-06-11,0.9083333333333333,0.09166666666666666,0.09333333333333334,52.586,53.0,49.0,51.0,54.0,56.0,47.414,2.332332571536794,2.2241001837217365,39.5,56.9,-17.4,9,0,3,0,510
2025-06-12,0.9051666666666667,0.09483333333333334,0.08533333333333333,52.553333333333335,53.0,49.0,51.0,54.0,56.0,47.446666666666665,2.335262403269099,2.2241001837217365,39.5,56.9,-17.4,9,0,3,0,509
2025-06-13,0.907,0.093,0.08583333333333333,52.6215,53.0,49.0,51.0,54.0,56.0,47.3785,2.338187669814874,2.2241001837217365,39.5,56.9,-17.4,9,0,3,0,508
2025-06-14,0.9068333333333334,0.09316666666666666,0.084,52.601,53.0,49.0,51.0,54.0,56.0,47.399,2.341108381835842,2.2241001837217365,39.5,56.9,-17.4,9,0,3,0,507
2025-06-15,0.9013333333333333,0.09866666666666667,0.08733333333333333,52.56916666666667,53.0,49.0,51.0,54.0,56.0,47.43083333333333,2.344024549960551,2.2241001837217365,39.5,56.9,-17.4,9,0,3,0,506
2025-06-16,0.897,0.103,0.0875,52.54833333333333,53.0,48.94999999999999,51.0,54.0,56.0,47.45166666666667,2.3469361847845085,2.2241001837217365,39.5,56.9,-17.4,9,0,3,0,505
2025-06-17,0.9088333333333334,0.09116666666666666,0.08683333333333333,52.590333333333334,53.0,49.0,51.0,54.0,56.0,47.409666666666666,2.3498432968703,2.2241001837217365,39.5,56.9,-17.4,9,0,3,0,504
2025-06-18,0.9035,0.0965,0.08916666666666667,52.59916666666667,53.0,49.0,51.0,54.0,56.0,47.40083333333333,2.352745896747725,2.2241001837217365,39.5,56.9,-17.4,9,0,3,0,503
2025-06-19,0.9111666666666667,0.08883333333333333,0.086,52.635666666666665,53.0,49.0,51.0,54.0,56.0,47.364333333333335,1.4182489620134524,1.2690571946114977,39.5,56.9,-17.4,9,0,3,0,502
2025-06-20,0.9145,0.0855,0.08233333333333333,52.678666666666665,53.0,49.0,51.0,54.0,56.0,47.321333333333335,1.4218804534387253,1.2690571946114977,39.5,56.9,-17.4,9,0,3,0,501
2025-06-21,0.9098333333333334,0.09016666666666667,0.07833333333333334,52.70433333333333,53.0,49.0,51.0,54.0,56.0,47.29566666666667,1.4255063035159847,1.2690571946114977,39.5,56.9,-17.4,9,0,3,0,500
2025-06-22,0.9068333333333334,0.09316666666666666,0.08383333333333333,52.64266666666666,53.0,49.0,51.0,54.0,56.0,47.35733333333334,1.4291265253803749,1.2690571946114977,39.5,56.9,-17.4,9,0,3,0,499
2025-06-23,0.9193333333333333,0.08066666666666666,0.084,52.7665,53.0,49.0,51.0,54.0,56.0,47.2335,1.432741132126292,1.2690571946114977,39.5,56.9,-17.4,9,0,3,0,498
2025-06-24,0.9125,0.0875,0.08116666666666666,52.704,53.0,49.0,51.0,54.0,56.0,47.296,1.4363501368075455,1.2690571946114977,39.5,56.9,-17.4,9,0,3,0,497
2025-06-25,0.9153333333333333,0.08466666666666667,0.086,52.676833333333335,53.0,49.0,51.0,54.0,56.0,47.323166666666665,1.5912214821772848,1.4424463193380976,39.5,56.9,-17.4,9,0,3,0,496
2025-06-26,0.9091666666666667,0.09083333333333334,0.0825,52.67666666666667,53.0,49.0,51.0,54.0,56.0,47.32333333333333,1.5947146769553886,1.4424463193380976,39.5,56.9,-17.4,9,0,3,0,495
2025-06-27,0.9105,0.0895,0.0825,52.67816666666667,53.0,49.0,51.0,54.0,56.0,47.32183333333333,1.5982024511766992,1.4424463193380976,39.5,56.9,-17.4,9,0,3,0,494
2025-06-28,0.9125,0.0875,0.08333333333333333,52.68533333333333,53.0,49.0,51.0,54.0,56.0,47.31466666666667,1.6016848174484395,1.4424463193380976,39.5,56.9,-17.4,9,0,3,0,493
2025-06-29,0.9113333333333333,0.08866666666666667,0.087,52.666,53.0,49.0,51.0,54.0,56.0,47.334,1.6051617883387672,1.4424463193380976,39.5,56.9,-17.4,9,0,3,0,492
2025-06-30,0.9001666666666667,0.09983333333333333,0.07916666666666666,52.62283333333333,53.0,49.0,51.0,54.0,56.0,47.37716666666667,1.6086333763769236,1.4424463193380976,39.5,56.9,-17.4,9,0,3,0,491
2025-07-01,0.9153333333333333,0.08466666666666667,0.07983333333333334,52.6975,53.0,49.0,51.0,54.0,56.0,47.3025,1.612099594053387,1.4424463193380976,39.5,56.9,-17.4,9,0,3,0,490
2025-07-02,0.905,0.095,0.07866666666666666,52.66283333333333,53.0,49.0,51.0,54.0,56.0,47.33716666666667,1.531590691774513,1.380085399597685,39.5,56.9,-17.4,9,0,3,0,489
2025-07-03,0.9158333333333334,0.08416666666666667,0.08166666666666667,52.67616666666667,53.0,49.0,51.0,54.0,56.0,47.32383333333333,1.535129619153526,1.380085399597685,39.5,56.9,-17.4,9,0,3,0,488
2025-07-04,0.9141666666666667,0.08583333333333333,0.08333333333333333,52.69883333333333,53.0,49.0,51.0,54.0,57.0,47.30116666666667,1.5386630558928618,1.380085399597685,39.5,56.9,-17.4,9,0,3,0,487
2025-07-05,0.9115,0.0885,0.08716666666666667,52.6785,53.0,49.0,51.0,54.0,56.0,47.3215,1.542191014760692,1.380085399597685,39.5,56.9,-17.4,9,0,3,0,486
2025-07-06,0.9136666666666666,0.08633333333333333,0.08083333333333333,52.7265,53.0,49.0,51.0,54.0,56.0,47.2735,1.5457135084856308,1.380085399597685,39.5,56.9,-17.4,9,0,3,0,485
2025-07-07,0.9115,0.0885,0.0875,52.63433333333333,53.0,49.0,51.0,54.0,56.0,47.36566666666667,1.5492305497568868,1.380085399597685,39.5,56.9,-17.4,9,0,3,0,484
2025-07-08,0.909,0.091,0.08166666666666667,52.6825,53.0,49.0,51.0,54.0,56.0,47.3175,1.5527421512244162,1.380085399597685,39.5,56.9,-17.4,9,0,3,0,483
2025-07-09,0.9145,0.0855,0.08816666666666667,52.69283333333333,53.0,49.0,51.0,54.0,56.0,47.30716666666667,1.5562483254990729,1.380085399597685,39.5,56.9,-17.4,9,0,3,0,482
2025-07-10,0.9123333333333333,0.08766666666666667,0.07516666666666667,52.6765,53.0,49.0,51.0,54.0,56.0,47.3235,1.5597490851527616,1.380085399597685,39.5,56.9,-17.4,9,0,3,0,481
2025-07-11,0.9091666666666667,0.09083333333333334,0.0845,52.656333333333336,53.0,49.0,51.0,54.0,56.0,47.343666666666664,1.5632444427185874,1.380085399597685,39.5,56.9,-17.4,9,0,3,0,480
2025-07-12,0.9181666666666667,0.08183333333333333,0.077,52.74616666666667,53.0,49.0,51.0,54.0,56.0,47.25383333333333,1.5667344106910053,1.380085399597685,39.5,56.9,-17.4,9,0,3,0,479
2025-07-13,0.9133333333333333,0.08666666666666667,0.07766666666666666,52.696,53.0,49.0,51.0,54.0,56.0,47.304,1.5702190015259672,1.380085399597685,39.5,56.9,-17.4,9,0,3,0,478
2025-07-14,0.915,0.085,0.08183333333333333,52.744166666666665,53.0,49.0,51.0,54.0,56.0,47.255833333333335,1.4464871283259222,1.293020338725838,39.5,56.9,-17.4,9,0,3,0,477
2025-07-15,0.919,0.081,0.07883333333333334,52.694,53.0,49.0,51.0,54.0,56.0,47.306,1.4500927770625338,1.293020338725838,39.5,56.9,-17.4,9,0,3,0,476
2025-07-16,0.9128333333333334,0.08716666666666667,0.07983333333333334,52.715666666666664,53.0,49.0,51.0,54.0,56.0,47.284333333333336,0.7900485430433926,0.6428276692390422,39.5,56.9,-17.4,9,0,3,0,475
2025-07-17,0.9148333333333334,0.08516666666666667,0.08433333333333333,52.72516666666667,53.0,49.0,51.0,54.0,56.0,47.27483333333333,1.246835525663751,1.112303179154411,39.5,56.9,-17.4,9,0,3,0,474
2025-07-18,0.9128333333333334,0.08716666666666667,0.08183333333333333,52.67733333333333,53.0,49.0,51.0,54.0,56.0,47.32266666666667,1.979333080441187,1.86514788823122,39.5,56.9,-17.4,9,0,3,0,473
2025-07-19,0.9101666666666667,0.08983333333333333,0.08466666666666667,52.67366666666667,53.0,49.0,51.0,54.0,56.0,47.32633333333333,1.979333080441187,1.86514788823122,39.5,56.9,-17.4,9,0,3,0,472
2025-07-20,0.9068333333333334,0.09316666666666666,0.0845,52.635,53.0,49.0,51.0,54.0,56.0,47.365,2.0796890354121733,1.968291508618067,39.5,56.9,-17.4,9,0,3,0,471
2025-07-21,0.9093333333333333,0.09066666666666667,0.08033333333333334,52.68483333333333,53.0,49.0,51.0,54.0,56.0,47.31516666666667,2.0796890354121733,1.968291508618067,39.5,56.9,-17.4,9,0,3,0,470
2025-07-22,0.9056666666666666,0.09433333333333334,0.08666666666666667,52.548833333333334,53.0,49.0,51.0,54.0,56.0,47.451166666666666,2.082301064706958,1.9709760942821517,39.5,56.9,-17.4,9,0,3,0,469
2025-07-23,0.9111666666666667,0.08883333333333333,0.082,52.600833333333334,53.0,49.0,51.0,54.0,56.0,47.399166666666666,2.082301064706958,1.9709760942821517,39.5,56.9,-17.4,9,0,3,0,468
2025-07-24,0.904,0.096,0.083,52.6235,53.0,49.0,51.0,54.0,56.0,47.3765,2.082301064706958,1.9709760942821517,39.5,56.9,-17.4,9,0,3,0,467
2025-07-25,0.9036666666666666,0.09633333333333334,0.08866666666666667,52.566833333333335,53.0,49.0,51.0,54.0,56.0,47.433166666666665,2.082301064706958,1.9709760942821517,39.5,56.9,-17.4,9,0,3,0,466
2025-07-26,0.9085,0.0915,0.0855,52.611666666666665,53.0,49.0,51.0,54.0,56.0,47.388333333333335,2.082301064706958,1.9709760942821517,39.5,56.9,-17.4,9,0,3,0,465
2025-07-27,0.9131666666666667,0.08683333333333333,0.08416666666666667,52.6165,53.0,49.0,51.0,54.0,56.0,47.3835,2.082301064706958,1.9709760942821517,39.5,56.9,-17.4,9,0,3,0,464
2025-07-28,0.9033333333333333,0.09666666666666666,0.08866666666666667,52.55233333333333,53.0,49.0,51.0,54.0,56.0,47.44766666666667,2.4491038480924368,2.347967843872782,39.5,56.9,-17.4,9,0,3,0,463
2025-07-29,0.91,0.09,0.08766666666666667,52.60516666666667,53.0,49.0,51.0,54.0,56.0,47.39483333333333,2.4491038480924368,2.347967843872782,39.5,56.9,-17.4,9,0,3,0,462
2025-07-30,0.9081666666666667,0.09183333333333334,0.08916666666666667,52.595666666666666,53.0,49.0,51.0,54.0,56.0,47.404333333333334,2.4491038480924368,2.347967843872782,39.5,56.9,-17.4,9,0,3,0,461
2025-07-31,0.8983333333333333,0.10166666666666667,0.08933333333333333,52.47083333333333,52.5,49.0,51.0,54.0,56.0,47.52916666666667,2.4491038480924368,2.347967843872782,39.5,56.9,-17.4,10,0,4,0,460
2025-08-01,0.9011666666666667,0.09883333333333333,0.093,52.409333333333336,52.0,49.0,51.0,54.0,56.0,47.590666666666664,2.4491038480924368,2.347967843872782,39.5,56.9,-17.4,11,0,4,0,459
2025-08-02,0.8971666666666667,0.10283333333333333,0.09183333333333334,52.44416666666667,52.0,49.0,51.0,54.0,56.0,47.55583333333333,2.4491038480924368,2.347967843872782,39.5,56.9,-17.4,11,0,4,0,458
2025-08-03,0.8953333333333333,0.10466666666666667,0.09266666666666666,52.43183333333333,52.0,49.0,51.0,54.0,56.0,47.56816666666667,2.636818552511499,2.5408968456368184,39.5,56.9,-17.4,11,0,4,0,457
2025-08-04,0.8855,0.1145,0.096,52.35466666666667,52.0,48.0,51.0,54.0,56.0,47.64533333333333,2.965062907009481,2.8782590988708554,39.5,56.9,-17.4,11,0,4,0,456
2025-08-05,0.896,0.104,0.0965,52.3805,52.0,49.0,51.0,54.0,56.0,47.6195,2.965062907009481,2.8782590988708554,39.5,56.9,-17.4,11,0,4,0,455
2025-08-06,0.8991666666666667,0.10083333333333333,0.0995,52.40133333333333,52.0,49.0,51.0,54.0,56.0,47.59866666666667,2.965062907009481,2.8782590988708554,39.5,56.9,-17.4,11,0,4,0,454
2025-08-07,0.8978333333333334,0.10216666666666667,0.09333333333333334,52.443,53.0,49.0,51.0,54.0,56.0,47.557,2.965062907009481,2.8782590988708554,39.5,56.9,-17.4,11,0,4,0,453
2025-08-08,0.8768333333333334,0.12316666666666666,0.097,52.241,52.0,48.0,51.0,54.0,56.0,47.759,2.965062907009481,2.8782590988708554,39.5,56.9,-17.4,12,0,5,0,452
2025-08-09,0.8875,0.1125,0.10633333333333334,52.272666666666666,52.0,48.0,51.0,54.0,56.0,47.727333333333334,2.779473555639489,2.687514487740586,39.5,56.9,-17.4,12,0,5,0,451
2025-08-10,0.8805,0.1195,0.10916666666666666,52.229166666666664,52.0,48.0,51.0,54.0,56.0,47.770833333333336,2.779473555639489,2.687514487740586,39.5,56.9,-17.4,12,0,5,0,450
2025-08-11,0.8763333333333333,0.12366666666666666,0.10116666666666667,52.20883333333333,52.0,48.0,51.0,54.0,56.0,47.79116666666667,2.714901431813668,2.621148693808492,39.5,56.9,-17.4,12,0,5,0,449
2025-08-12,0.877,0.123,0.10116666666666667,52.2185,52.0,48.0,51.0,54.0,56.0,47.7815,2.714901431813668,2.621148693808492,39.5,56.9,-17.4,12,0,5,0,448
2025-08-13,0.8746666666666667,0.12533333333333332,0.09766666666666667,52.227666666666664,52.0,48.0,51.0,54.0,56.0,47.772333333333336,2.7407062647742384,2.647670327684634,39.5,56.9,-17.4,12,0,5,0,447
2025-08-14,0.8853333333333333,0.11466666666666667,0.09983333333333333,52.248,52.0,48.0,51.0,54.0,56.0,47.752,2.7407062647742384,2.647670327684634,39.5,56.9,-17.4,12,0,5,0,446
2025-08-15,0.8818333333333334,0.11816666666666667,0.10233333333333333,52.279833333333336,52.0,48.0,51.0,54.0,56.0,47.720166666666664,2.7407062647742384,2.647670327684634,39.5,56.9,-17.4,12,0,5,0,445
2025-08-16,0.8848333333333334,0.11516666666666667,0.107,52.279833333333336,52.0,48.0,51.0,54.0,56.0,47.720166666666664,2.7407062647742384,2.647670327684634,39.5,56.9,-17.4,12,0,5,0,444
2025-08-17,0.8746666666666667,0.12533333333333332,0.10833333333333334,52.22816666666667,52.0,48.0,51.0,54.0,56.0,47.77183333333333,2.7407062647742384,2.647670327684634,39.5,56.9,-17.4,12,0,5,0,443
2025-08-18,0.8741666666666666,0.12583333333333332,0.11,52.22266666666667,52.0,48.0,51.0,54.0,56.0,47.77733333333333,2.9650185418860677,2.8782135013829024,39.5,56.9,-17.4,12,0,5,0,442
2025-08-19,0.882,0.118,0.10833333333333334,52.24883333333333,52.0,48.0,51.0,54.0,56.0,47.75116666666667,2.9650185418860677,2.8782135013829024,39.5,56.9,-17.4,12,0,5,0,441
2025-08-20,0.8781666666666667,0.12183333333333334,0.1015,52.236666666666665,52.0,48.0,51.0,54.0,56.0,47.763333333333335,2.9650185418860677,2.8782135013829024,39.5,56.9,-17.4,12,0,5,0,440
2025-08-21,0.878,0.122,0.108,52.22966666666667,52.0,48.0,51.0,54.0,56.0,47.77033333333333,2.6375945273541324,2.541694375336192,39.5,56.9,-17.4,12,0,5,0,439
2025-08-22,0.8813333333333333,0.11866666666666667,0.09716666666666667,52.33,52.0,48.0,51.0,54.0,56.0,47.67,2.6375945273541324,2.541694375336192,39.5,56.9,-17.4,13,0,5,0,438
2025-08-23,0.884,0.116,0.0965,52.30616666666667,52.0,48.0,51.0,54.0,56.0,47.69383333333333,2.6375945273541324,2.541694375336192,39.5,56.9,-17.4,13,0,5,0,437
2025-08-24,0.8825,0.1175,0.10133333333333333,52.2505,52.0,48.0,51.0,54.0,56.0,47.7495,2.7415025202395245,2.648488701357289,39.5,56.9,-17.4,13,0,5,0,436
2025-08-25,0.877,0.123,0.10066666666666667,52.228833333333334,52.0,48.0,51.0,54.0,56.0,47.771166666666666,2.684921273228104,2.590335753039996,39.5,56.9,-17.4,13,0,5,0,435
2025-08-26,0.8873333333333333,0.11266666666666666,0.10466666666666667,52.33433333333333,52.0,48.0,51.0,54.0,56.0,47.66566666666667,2.5168552572148,2.417601236581878,39.5,56.9,-17.4,13,0,5,0,434
2025-08-27,0.8818333333333334,0.11816666666666667,0.102,52.29783333333334,52.0,48.0,51.0,54.0,56.0,47.70216666666666,2.5168552572148,2.417601236581878,39.5,56.9,-17.4,13,0,5,0,433
2025-08-28,0.8816666666666667,0.11833333333333333,0.10833333333333334,52.25383333333333,52.0,48.0,51.0,54.0,56.0,47.74616666666667,2.5168552572148,2.417601236581878,39.5,56.9,-17.4,13,0,5,0,432
2025-08-29,0.8791666666666667,0.12083333333333333,0.09883333333333333,52.2885,52.0,48.0,51.0,54.0,56.0,47.7115,2.5168552572148,2.417601236581878,39.5,56.9,-17.4,13,0,5,0,431
2025-08-30,0.8898333333333334,0.11016666666666666,0.1,52.3505,52.0,48.94999999999999,51.0,54.0,56.0,47.6495,2.5168552572148,2.417601236581878,39.5,56.9,-17.4,13,0,5,0,430
2025-08-31,0.891,0.109,0.099,52.31183333333333,52.0,48.0,51.0,54.0,56.0,47.68816666666667,2.5168552572148,2.417601236581878,39.5,56.9,-17.4,13,0,5,0,429
2025-09-01,0.885,0.115,0.10833333333333334,52.30283333333333,52.0,48.0,51.0,54.0,56.0,47.69716666666667,2.6307864629574422,2.534697198039593,39.5,56.9,-17.4,13,0,5,0,428
2025-09-02,0.8826666666666667,0.11733333333333333,0.1035,52.25066666666667,52.0,48.0,51.0,54.0,56.0,47.74933333333333,2.86552366055117,2.7759548733442574,39.5,56.9,-17.4,13,0,5,0,427
2025-09-03,0.8831666666666667,0.11683333333333333,0.10116666666666667,52.25816666666667,52.0,48.0,51.0,54.0,56.0,47.74183333333333,2.88417686736232,2.7951262247890507,39.5,56.9,-17.4,13,0,5,0,426
2025-09-04,0.8711666666666666,0.12883333333333333,0.101,52.221,52.0,48.0,51.0,54.0,56.0,47.779,2.88417686736232,2.7951262247890507,39.5,56.9,-17.4,13,0,5,0,425
2025-09-05,0.8591666666666666,0.14083333333333334,0.1095,52.0215,52.0,48.0,50.0,54.0,56.0,47.9785,2.88417686736232,2.7951262247890507,39.5,56.9,-17.4,14,2,6,1,424
2025-09-06,0.871,0.129,0.11233333333333333,52.086,52.0,48.0,51.0,54.0,56.0,47.914,2.88417686736232,2.7951262247890507,39.5,56.9,-17.4,14,2,6,1,423
2025-09-07,0.868,0.132,0.10916666666666666,52.038666666666664,52.0,48.0,51.0,54.0,56.0,47.961333333333336,3.020669367241528,2.9354101829982366,39.5,56.9,-17.4,14,2,6,1,422
2025-09-08,0.8656666666666667,0.13433333333333333,0.11083333333333334,52.059,52.0,48.0,51.0,54.0,56.0,47.941,3.1064693810096253,3.0235935304821147,39.5,56.9,-17.4,14,2,6,1,421
2025-09-09,0.8603333333333333,0.13966666666666666,0.11783333333333333,51.962,52.0,48.0,50.0,54.0,56.0,48.038,3.1064693810096253,3.0235935304821147,39.5,56.9,-17.4,14,2,6,1,420
2025-09-10,0.8675,0.1325,0.11666666666666667,52.00083333333333,52.0,48.0,51.0,54.0,56.0,47.99916666666667,3.1064693810096253,3.0235935304821147,39.5,56.9,-17.4,14,2,6,1,419
2025-09-11,0.8693333333333333,0.13066666666666665,0.1145,51.9965,52.0,48.0,51.0,53.0,56.0,48.0035,3.1064693810096253,3.0235935304821147,39.5,56.9,-17.4,14,2,6,1,418
2025-09-12,0.8693333333333333,0.13066666666666665,0.125,52.016666666666666,52.0,48.0,50.0,54.0,56.0,47.983333333333334,3.1064693810096253,3.0235935304821147,39.5,56.9,-17.4,14,2,6,1,417
2025-09-13,0.8741666666666666,0.12583333333333332,0.10916666666666666,52.05283333333333,52.0,48.0,51.0,54.0,56.0,47.94716666666667,2.998769465026668,2.912901950166298,39.5,56.9,-17.4,14,2,6,1,416
2025-09-14,0.871,0.129,0.11733333333333333,52.051833333333335,52.0,48.0,51.0,54.0,56.0,47.948166666666665,2.998769465026668,2.912901950166298,39.5,56.9,-17.4,14,2,6,1,415
2025-09-15,0.87,0.13,0.10266666666666667,52.151833333333336,52.0,48.0,51.0,54.0,56.0,47.848166666666664,2.923817576665072,2.8358680649057675,39.5,56.9,-17.4,19,5,6,1,414
2025-09-16,0.8816666666666667,0.11833333333333333,0.1115,52.214666666666666,52.0,48.0,51.0,54.0,56.0,47.785333333333334,3.243662389389802,3.1645974557617405,39.5,56.9,-17.4,19,5,6,1,413
2025-09-17,0.8695,0.1305,0.1095,52.118833333333335,52.0,48.0,51.0,54.0,56.0,47.881166666666665,3.243662389389802,3.1645974557617405,39.5,56.9,-17.4,19,5,6,1,412
2025-09-18,0.8656666666666667,0.13433333333333333,0.10516666666666667,52.125,52.0,48.0,51.0,54.0,56.0,47.875,3.243662389389802,3.1645974557617405,39.5,56.9,-17.4,20,5,6,1,411
2025-09-19,0.8778333333333334,0.12216666666666667,0.11533333333333333,52.154833333333336,52.0,48.0,51.0,54.0,56.0,47.845166666666664,3.243662389389802,3.1645974557617405,39.5,56.9,-17.4,20,5,6,1,410
2025-09-20,0.8785,0.1215,0.105,52.1915,52.0,48.0,51.0,54.0,56.0,47.8085,3.243662389389802,3.1645974557617405,39.5,56.9,-17.4,20,5,6,1,409
2025-09-21,0.8718333333333333,0.12816666666666668,0.10916666666666666,52.145,52.0,48.0,51.0,54.0,56.0,47.855,3.243662389389802,3.1645974557617405,39.5,56.9,-17.4,20,5,6,1,408
2025-09-22,0.8701666666666666,0.12983333333333333,0.1095,52.12283333333333,52.0,48.0,51.0,54.0,56.0,47.87716666666667,3.2291190248135018,3.149650108836099,39.5,56.9,-17.4,20,5,6,1,407
2025-09-23,0.8761666666666666,0.12383333333333334,0.10483333333333333,52.14683333333333,52.0,48.0,51.0,54.0,56.0,47.85316666666667,3.2291190248135018,3.149650108836099,39.5,56.9,-17.4,20,5,6,1,406
2025-09-24,0.8838333333333334,0.11616666666666667,0.10016666666666667,52.242333333333335,52.0,48.0,51.0,54.0,56.0,47.757666666666665,2.7945660056739587,2.703026172498235,39.5,56.9,-17.4,20,5,6,1,405
2025-09-25,0.8796666666666667,0.12033333333333333,0.1035,52.226166666666664,52.0,48.0,51.0,54.0,56.0,47.773833333333336,2.7945660056739587,2.703026172498235,39.5,56.9,-17.4,20,5,6,1,404
2025-09-26,0.8856666666666667,0.11433333333333333,0.1055,52.2575,52.0,48.0,51.0,54.0,56.0,47.7425,2.7945660056739587,2.703026172498235,39.5,56.9,-17.4,20,5,6,1,403
2025-09-27,0.8831666666666667,0.11683333333333333,0.10483333333333333,52.190333333333335,52.0,48.0,51.0,54.0,56.0,47.809666666666665,2.7369920903656504,2.643852981764696,39.5,56.9,-17.4,20,5,6,1,402
2025-09-28,0.8763333333333333,0.12366666666666666,0.10566666666666667,52.18716666666667,52.0,48.0,51.0,54.0,56.0,47.81283333333333,2.7369920903656504,2.643852981764696,39.5,56.9,-17.4,20,5,6,1,401
2025-09-29,0.8805,0.1195,0.11466666666666667,52.1945,52.0,48.0,51.0,54.0,56.0,47.8055,2.8556921342078665,2.7658502490469736,39.5,56.9,-17.4,22,8,6,1,400
2025-09-30,0.856,0.144,0.1075,52.04383333333333,52.0,48.0,50.0,54.0,56.0,47.95616666666667,2.8556921342078665,2.7658502490469736,39.5,56.9,-17.4,24,8,7,1,399
2025-10-01,0.863,0.137,0.11466666666666667,52.0635,52.0,48.0,50.0,54.0,56.0,47.9365,2.8556921342078665,2.7658502490469736,39.5,56.9,-17.4,24,8,7,1,398
2025-10-02,0.8665,0.1335,0.119,52.032833333333336,52.0,48.0,50.0,54.0,56.0,47.967166666666664,2.8556921342078665,2.7658502490469736,39.5,56.9,-17.4,24,8,7,1,397
2025-10-03,0.855,0.145,0.10616666666666667,52.03616666666667,52.0,48.0,50.0,54.0,56.0,47.96383333333333,2.8556921342078665,2.7658502490469736,39.5,56.9,-17.4,24,8,7,1,396
2025-10-04,0.8571666666666666,0.14283333333333334,0.11616666666666667,51.99616666666667,52.0,48.0,50.0,54.0,56.0,48.00383333333333,2.8556921342078665,2.7658502490469736,39.5,56.9,-17.4,24,8,7,1,395
2025-10-05,0.8615,0.1385,0.11616666666666667,52.02,52.0,48.0,50.0,54.0,56.0,47.98,2.883651300181713,2.794586058520094,39.5,56.9,-17.4,24,8,7,1,394
2025-10-06,0.8615,0.1385,0.11733333333333333,52.001,52.0,48.0,50.0,54.0,56.0,47.999,3.070111347530282,2.986225551628346,39.5,56.9,-17.4,24,8,7,1,393
2025-10-07,0.8605,0.1395,0.11466666666666667,52.009166666666665,52.0,48.0,50.0,54.0,56.0,47.990833333333335,3.070111347530282,2.986225551628346,39.5,56.9,-17.4,24,8,7,1,392
2025-10-08,0.8615,0.1385,0.12766666666666668,52.012166666666666,52.0,48.0,50.0,54.0,56.0,47.987833333333334,2.8452895336409663,2.7551586873532155,39.5,56.9,-17.4,24,8,7,1,391
2025-10-09,0.8548333333333333,0.14516666666666667,0.11333333333333333,51.98833333333334,52.0,48.0,50.0,54.0,56.0,48.01166666666666,2.8452895336409663,2.7551586873532155,39.5,56.9,-17.4,26,8,7,1,390
2025-10-10,0.8678333333333333,0.13216666666666665,0.11583333333333333,52.076166666666666,52.0,48.0,51.0,54.0,56.0,47.923833333333334,2.8452895336409663,2.7551586873532155,39.5,56.9,-17.4,26,8,7,1,389
2025-10-11,0.8595,0.1405,0.112,51.9925,52.0,48.0,50.0,54.0,56.0,48.0075,2.8452895336409663,2.7551586873532155,39.5,56.9,-17.4,26,8,7,1,388
2025-10-12,0.8678333333333333,0.13216666666666665,0.11166666666666666,52.075,52.0,48.0,51.0,54.0,56.0,47.925,2.774693700398525,2.6826018587429283,39.5,56.9,-17.4,26,8,7,1,387
2025-10-13,0.8606666666666667,0.13933333333333334,0.10483333333333333,52.074666666666666,52.0,48.0,51.0,54.0,56.0,47.925333333333334,2.797879492296431,2.7064317004157763,39.5,56.9,-17.4,26,8,7,1,386
2025-10-14,0.8616666666666667,0.13833333333333334,0.11016666666666666,52.0645,52.0,48.0,51.0,54.0,56.0,47.9355,2.707749926639939,2.6137985357132707,39.5,56.9,-17.4,26,8,7,1,385
2025-10-15,0.8666666666666667,0.13333333333333333,0.10666666666666667,52.13183333333333,52.0,48.0,51.0,54.0,56.0,47.86816666666667,2.707749926639939,2.6137985357132707,39.5,56.9,-17.4,28,8,7,1,384
2025-10-16,0.8655,0.1345,0.11783333333333333,52.0865,52.0,48.0,50.0,54.0,56.0,47.9135,2.707749926639939,2.6137985357132707,39.5,56.9,-17.4,28,8,7,1,383
2025-10-17,0.842,0.158,0.11816666666666667,51.919,52.0,48.0,50.0,54.0,56.0,48.081,2.707749926639939,2.6137985357132707,39.5,56.9,-17.4,29,8,7,1,382
2025-10-18,0.8556666666666667,0.14433333333333334,0.11583333333333333,51.98983333333333,52.0,48.0,50.0,54.0,56.0,48.01016666666667,2.707749926639939,2.6137985357132707,39.5,56.9,-17.4,29,8,7,1,381
2025-10-19,0.8475,0.1525,0.11816666666666667,51.95183333333333,52.0,48.0,50.0,54.0,56.0,48.04816666666667,2.7488476291175177,2.656037841037449,39.5,56.9,-17.4,29,8,7,1,380
2025-10-20,0.8471666666666666,0.15283333333333332,0.11683333333333333,51.903333333333336,52.0,48.0,50.0,54.0,56.0,48.096666666666664,3.325665926398582,3.248878868798543,39.5,56.9,-17.4,29,8,7,1,379
2025-10-21,0.8281666666666667,0.17183333333333334,0.1265,51.755,52.0,48.0,50.0,53.0,56.0,48.245,3.325665926398582,3.248878868798543,39.5,56.9,-17.4,30,8,7,1,378
2025-10-22,0.8331666666666667,0.16683333333333333,0.11916666666666667,51.81133333333333,52.0,48.0,50.0,53.0,56.0,48.18866666666667,3.325665926398582,3.248878868798543,39.5,56.9,-17.4,30,8,7,1,377
2025-10-23,0.8238333333333333,0.17616666666666667,0.1285,51.7325,52.0,48.0,50.0,53.0,56.0,48.2675,3.325665926398582,3.248878868798543,39.5,56.9,-17.4,30,11,7,2,376
2025-10-24,0.8295,0.1705,0.1215,51.799166666666665,52.0,48.0,50.0,53.0,56.0,48.200833333333335,3.325665926398582,3.248878868798543,39.5,56.9,-17.4,30,11,7,2,375
2025-10-25,0.837,0.163,0.1185,51.85366666666667,52.0,48.0,50.0,53.0,56.0,48.14633333333333,3.325665926398582,3.248878868798543,39.5,56.9,-17.4,30,11,7,2,374
2025-10-26,0.828,0.172,0.12566666666666668,51.772166666666664,52.0,48.0,50.0,53.0,56.0,48.227833333333336,3.298737139635444,3.2212020601808726,39.5,56.9,-17.4,30,11,7,2,373
2025-10-27,0.841,0.159,0.126,51.81733333333333,52.0,48.0,50.0,53.0,56.0,48.18266666666667,3.391273912322589,3.316309298775994,39.5,56.9,-17.4,30,15,7,3,372
2025-10-28,0.8306666666666667,0.16933333333333334,0.12816666666666668,51.746833333333335,52.0,48.0,50.0,53.0,56.0,48.253166666666665,3.4976316506424374,3.4256214187158385,39.5,56.9,-17.4,30,15,7,3,371
2025-10-29,0.8233333333333334,0.17666666666666667,0.12683333333333333,51.7755,52.0,48.0,50.0,53.0,56.0,48.2245,3.1958976641326657,3.115505932580795,39.5,56.9,-17.4,30,15,7,3,370
2025-10-30,0.832,0.168,0.12483333333333334,51.80266666666667,52.0,48.0,50.0,53.0,56.0,48.19733333333333,3.273386031036272,3.1951467541206124,39.5,56.9,-17.4,30,15,7,3,369
2025-10-31,0.8305,0.1695,0.12733333333333333,51.78066666666667,52.0,48.0,50.0,53.0,56.0,48.21933333333333,3.273386031036272,3.1951467541206124,39.5,56.9,-17.4,30,19,7,3,368
2025-11-01,0.8243333333333334,0.17566666666666667,0.126,51.75783333333333,52.0,48.0,50.0,53.0,56.0,48.24216666666667,3.273386031036272,3.1951467541206124,39.5,56.9,-17.4,30,19,7,3,367
2025-11-02,0.8343333333333334,0.16566666666666666,0.123,51.8215,52.0,48.0,50.0,53.0,56.0,48.1785,3.25694141898554,3.178245347290693,39.5,56.9,-17.4,30,19,7,3,366
2025-11-03,0.8358333333333333,0.16416666666666666,0.13183333333333333,51.76566666666667,52.0,48.0,50.0,53.0,56.0,48.23433333333333,3.245964518233416,3.1669635326287886,39.5,56.9,-17.4,30,22,7,4,365
2025-11-04,0.8435,0.1565,0.12566666666666668,51.821,52.0,48.0,50.0,53.0,56.0,48.179,3.283512070868912,3.2055540728374923,39.5,56.9,-17.4,30,22,7,4,364
2025-11-05,0.8308333333333333,0.16916666666666666,0.12233333333333334,51.842166666666664,52.0,48.0,50.0,53.0,56.0,48.157833333333336,3.283512070868912,3.2055540728374923,39.5,56.9,-17.4,30,25,7,4,363
2025-11-06,0.8505,0.1495,0.12516666666666668,51.921,52.0,48.0,50.0,54.0,56.0,48.079,3.464092221538829,3.391150338803796,39.5,56.9,-17.4,33,29,7,5,362
2025-11-07,0.8463333333333334,0.15366666666666667,0.11916666666666667,51.916333333333334,52.0,48.0,50.0,53.0,56.0,48.083666666666666,3.464092221538829,3.391150338803796,39.5,56.9,-17.4,33,29,7,5,361
2025-11-08,0.8535,0.1465,0.12216666666666667,51.98116666666667,52.0,48.0,50.0,54.0,56.0,48.01883333333333,3.464092221538829,3.391150338803796,39.5,56.9,-17.4,33,29,7,5,360
2025-11-09,0.8555,0.1445,0.11616666666666667,52.0025,52.0,48.0,50.0,54.0,56.0,47.9975,3.6087750282546,3.5398521123727837,39.5,56.9,-17.4,33,29,7,5,359
2025-11-10,0.8471666666666666,0.15283333333333332,0.119,51.92766666666667,52.0,48.0,50.0,53.0,56.0,48.07233333333333,3.837404221290003,3.774832116325836,39.5,56.9,-17.4,33,29,7,5,358
2025-11-11,0.8456666666666667,0.15433333333333332,0.11783333333333333,51.92433333333334,52.0,48.0,50.0,54.0,56.0,48.07566666666666,3.837404221290003,3.774832116325836,39.5,56.9,-17.4,33,29,7,5,357
2025-11-12,0.851,0.149,0.11766666666666667,51.99183333333333,52.0,48.0,50.0,54.0,56.0,48.00816666666667,3.8247257002522055,3.7618014141481,39.5,56.9,-17.4,35,32,8,5,356
2025-11-13,0.8418333333333333,0.15816666666666668,0.11033333333333334,51.918166666666664,52.0,48.0,50.0,54.0,56.0,48.081833333333336,4.392657030441841,4.345508614620781,39.5,56.9,-17.4,36,32,8,5,355
2025-11-14,0.8308333333333333,0.16916666666666666,0.12533333333333332,51.81616666666667,52.0,48.0,50.0,53.0,56.0,48.18383333333333,4.392657030441841,4.345508614620781,39.5,56.9,-17.4,38,32,8,5,354
2025-11-15,0.8441666666666666,0.15583333333333332,0.12733333333333333,51.832166666666666,52.0,48.0,50.0,53.0,56.0,48.167833333333334,4.392657030441841,4.345508614620781,39.5,56.9,-17.4,38,32,8,5,353
2025-11-16,0.8421666666666666,0.15783333333333333,0.12466666666666666,51.880833333333335,52.0,48.0,50.0,53.0,56.0,48.119166666666665,4.187263427930803,4.134409634262214,39.5,56.9,-17.4,38,32,8,5,352
2025-11-17,0.8378333333333333,0.16216666666666665,0.12383333333333334,51.828,52.0,48.0,50.0,53.0,56.0,48.172,4.118342399944416,4.063574133276205,39.5,56.9,-17.4,38,32,8,5,351
2025-11-18,0.8388333333333333,0.16116666666666668,0.11866666666666667,51.858666666666664,52.0,48.0,50.0,53.0,56.0,48.141333333333336,4.118342399944416,4.063574133276205,39.5,56.9,-17.4,38,32,8,5,350
2025-11-19,0.8375,0.1625,0.11883333333333333,51.841833333333334,52.0,48.0,50.0,53.0,56.0,48.158166666666666,4.118342399944416,4.063574133276205,39.5,56.9,-17.4,38,32,8,5,349
2025-11-20,0.8405,0.1595,0.11966666666666667,51.86033333333334,52.0,48.0,50.0,53.0,56.0,48.13966666666666,4.118342399944416,4.063574133276205,39.5,56.9,-17.4,38,32,8,5,348
2025-11-21,0.8356666666666667,0.16433333333333333,0.11933333333333333,51.861666666666665,52.0,48.0,50.0,54.0,56.0,48.138333333333335,4.118342399944416,4.063574133276205,39.5,56.9,-17.4,38,32,8,5,347
2025-11-22,0.8421666666666666,0.15783333333333333,0.11783333333333333,51.8355,52.0,48.0,50.0,53.0,56.0,48.1645,4.118342399944416,4.063574133276205,39.5,56.9,-17.4,38,32,8,5,346
2025-11-23,0.8456666666666667,0.15433333333333332,0.1215,51.89416666666666,52.0,48.0,50.0,54.0,56.0,48.10583333333334,3.827435901970928,3.7645868992478975,39.5,56.9,-17.4,38,32,8,5,345
2025-11-24,0.835,0.165,0.11533333333333333,51.853833333333334,52.0,48.0,50.0,53.0,56.0,48.146166666666666,3.9101143057463226,3.849561925350387,39.5,56.9,-17.4,40,47,8,5,344
2025-11-25,0.8405,0.1595,0.11316666666666667,51.912333333333336,52.0,48.0,50.0,54.0,56.0,48.087666666666664,3.91611021395706,3.855724386566978,39.5,56.9,-17.4,40,50,8,5,343
2025-11-26,0.8491666666666666,0.15083333333333335,0.12283333333333334,51.93966666666667,52.0,48.0,50.0,54.0,56.0,48.06033333333333,3.91611021395706,3.855724386566978,39.5,56.9,-17.4,40,50,8,5,342
2025-11-27,0.8505,0.1495,0.11983333333333333,51.907333333333334,52.0,48.0,50.0,54.0,56.0,48.092666666666666,3.91611021395706,3.855724386566978,39.5,56.9,-17.4,40,50,8,5,341
2025-11-28,0.8476666666666667,0.15233333333333332,0.12166666666666667,51.901666666666664,52.0,48.0,50.0,54.0,56.0,48.098333333333336,3.91611021395706,3.855724386566978,39.5,56.9,-17.4,40,50,8,5,340
2025-11-29,0.8366666666666667,0.16333333333333333,0.12016666666666667,51.8465,52.0,48.0,50.0,53.0,56.0,48.1535,3.91611021395706,3.855724386566978,39.5,56.9,-17.4,40,50,8,5,339
2025-11-30,0.8366666666666667,0.16333333333333333,0.11266666666666666,51.87016666666667,52.0,48.0,50.0,53.0,56.0,48.12983333333333,3.9304764277724846,3.8704896618772753,39.5,56.9,-17.4,40,50,8,5,338
2025-12-01,0.8336666666666667,0.16633333333333333,0.1135,51.87916666666667,52.0,48.0,50.0,54.0,56.0,48.12083333333333,3.913927364468472,3.853480902370373,39.5,56.9,-17.4,40,50,8,5,337
2025-12-02,0.8371666666666666,0.16283333333333333,0.12733333333333333,51.8465,52.0,48.0,50.0,53.0,56.0,48.1535,3.913927364468472,3.853480902370373,39.5,56.9,-17.4,43,54,8,5,336
2025-12-03,0.8416666666666667,0.15833333333333333,0.117,51.898666666666664,52.0,48.0,50.0,54.0,56.0,48.101333333333336,3.913927364468472,3.853480902370373,39.5,56.9,-17.4,43,54,8,5,335
2025-12-04,0.8466666666666667,0.15333333333333332,0.1195,51.93633333333333,52.0,48.0,50.0,54.0,56.0,48.06366666666667,3.272508500540025,3.194244847777248,39.5,56.9,-17.4,43,54,8,5,334
2025-12-05,0.8475,0.1525,0.11916666666666667,51.948166666666665,52.0,48.0,50.0,54.0,56.0,48.051833333333335,3.312704956673436,3.2355578721365865,39.5,56.9,-17.4,43,54,8,5,333
2025-12-06,0.8405,0.1595,0.11816666666666667,51.886833333333335,52.0,48.0,50.0,54.0,56.0,48.113166666666665,3.312704956673436,3.2355578721365865,39.5,56.9,-17.4,43,54,8,5,332
2025-12-07,0.8516666666666667,0.14833333333333334,0.1195,51.9385,52.0,48.0,50.0,54.0,56.0,48.0615,3.3420254635798905,3.2656928375682206,39.5,56.9,-17.4,43,54,8,5,331
2025-12-08,0.8463333333333334,0.15366666666666667,0.11633333333333333,51.95183333333333,52.0,48.0,50.0,54.0,56.0,48.04816666666667,3.2302627314515258,3.150825585102957,39.5,56.9,-17.4,43,54,8,5,330
2025-12-09,0.853,0.147,0.11333333333333333,51.973333333333336,52.0,48.0,50.0,54.0,56.0,48.026666666666664,3.2302627314515258,3.150825585102957,39.5,56.9,-17.4,43,54,8,5,329
2025-12-10,0.8533333333333334,0.14666666666666667,0.11066666666666666,51.9825,52.0,48.0,50.0,54.0,56.0,48.0175,3.2302627314515258,3.150825585102957,39.5,56.9,-17.4,45,57,8,5,328
2025-12-11,0.8525,0.1475,0.11166666666666666,52.02483333333333,52.0,48.0,50.0,54.0,56.0,47.97516666666667,3.2302627314515258,3.150825585102957,39.5,56.9,-17.4,46,57,8,5,327
2025-12-12,0.8538333333333333,0.14616666666666667,0.11483333333333333,52.00333333333333,52.0,48.0,50.0,54.0,56.0,47.99666666666667,3.3151691180657035,3.238090482456417,39.5,56.9,-17.4,46,57,8,5,326
2025-12-13,0.8478333333333333,0.15216666666666667,0.11016666666666666,52.0045,52.0,48.0,50.0,54.0,56.0,47.9955,3.3151691180657035,3.238090482456417,39.5,56.9,-17.4,46,57,8,5,325
2025-12-14,0.8466666666666667,0.15333333333333332,0.11466666666666667,51.92883333333333,52.0,48.0,50.0,54.0,56.0,48.07116666666667,3.3151691180657035,3.238090482456417,39.5,56.9,-17.4,46,57,8,5,324
2025-12-15,0.8483333333333334,0.15166666666666667,0.117,51.95183333333333,52.0,48.0,50.0,54.0,56.0,48.04816666666667,3.2010848461780586,3.120837203016338,39.5,56.9,-17.4,46,57,8,5,323
2025-12-16,0.8415,0.1585,0.11616666666666667,51.925333333333334,52.0,48.0,50.0,54.0,56.0,48.074666666666666,3.1569020115357573,3.0754270674117503,39.5,56.9,-17.4,46,57,8,5,322
2025-12-17,0.8435,0.1565,0.1205,51.922333333333334,52.0,48.0,50.0,54.0,56.0,48.077666666666666,3.1569020115357573,3.0754270674117503,39.5,56.9,-17.4,46,57,8,5,321
2025-12-18,0.8563333333333333,0.14366666666666666,0.10866666666666666,52.01,52.0,48.0,50.0,54.0,56.0,47.99,3.1569020115357573,3.0754270674117503,39.5,56.9,-17.4,46,57,8,5,320
2025-12-19,0.8451666666666666,0.15483333333333332,0.1175,51.90866666666667,52.0,48.0,50.0,54.0,56.0,48.09133333333333,4.175806859916008,4.122634828247008,39.5,56.9,-17.4,46,57,8,5,319
2025-12-20,0.8418333333333333,0.15816666666666668,0.12083333333333333,51.88183333333333,52.0,48.0,50.0,54.0,56.0,48.11816666666667,4.175806859916008,4.122634828247008,39.5,56.9,-17.4,46,57,8,5,318
2025-12-21,0.8438333333333333,0.15616666666666668,0.1255,51.88583333333333,52.0,48.0,50.0,54.0,56.0,48.11416666666667,4.165926720919915,4.112480240945468,39.5,56.9,-17.4,46,57,8,5,317
2025-12-22,0.8453333333333334,0.15466666666666667,0.11333333333333333,51.91266666666667,52.0,48.0,50.0,54.0,56.0,48.08733333333333,4.101777137949621,4.046548725114888,39.5,56.9,-17.4,46,57,8,5,316
2025-12-23,0.84,0.16,0.1195,51.907,52.0,48.0,50.0,54.0,56.0,48.093,4.101777137949621,4.046548725114888,39.5,56.9,-17.4,46,57,8,5,315
2025-12-24,0.8358333333333333,0.16416666666666666,0.11,51.8915,52.0,48.0,50.0,54.0,56.0,48.1085,4.101777137949621,4.046548725114888,39.5,56.9,-17.4,46,57,8,5,314
2025-12-25,0.8383333333333334,0.16166666666666665,0.1225,51.859833333333334,52.0,48.0,50.0,54.0,56.0,48.140166666666666,4.101777137949621,4.046548725114888,39.5,56.9,-17.4,46,57,8,5,313
2025-12-26,0.8466666666666667,0.15333333333333332,0.11966666666666667,51.921,52.0,48.0,50.0,54.0,56.0,48.079,4.101777137949621,4.046548725114888,39.5,56.9,-17.4,46,57,8,5,312
2025-12-27,0.8425,0.1575,0.123,51.90116666666667,52.0,48.0,50.0,54.0,56.0,48.09883333333333,4.101777137949621,4.046548725114888,39.5,56.9,-17.4,46,57,8,5,311
2025-12-28,0.8358333333333333,0.16416666666666666,0.119,51.8625,52.0,48.0,50.0,54.0,56.0,48.1375,4.2210062524496585,4.169089759462149,39.5,56.9,-17.4,46,57,8,5,310
2025-12-29,0.8478333333333333,0.15216666666666667,0.12366666666666666,51.92,52.0,48.0,50.0,54.0,56.0,48.08,4.210003686001586,4.157781566168296,39.5,56.9,-17.4,46,57,8,5,309
2025-12-30,0.8391666666666666,0.16083333333333333,0.11683333333333333,51.889,52.0,48.0,50.0,54.0,56.0,48.111,4.210003686001586,4.157781566168296,39.5,56.9,-17.4,46,57,8,5,308
2025-12-31,0.8458333333333333,0.15416666666666667,0.11333333333333333,51.94166666666667,52.0,48.0,50.0,54.0,56.0,48.05833333333333,4.210003686001586,4.157781566168296,39.5,56.9,-17.4,46,57,8,5,307
2026-01-01,0.8381666666666666,0.16183333333333333,0.11883333333333333,51.85883333333334,52.0,48.0,50.0,53.0,56.0,48.14116666666666,4.210003686001586,4.157781566168296,39.5,56.9,-17.4,46,57,8,5,306
2026-01-02,0.8403333333333334,0.15966666666666668,0.1175,51.871833333333335,52.0,48.0,50.0,53.0,56.0,48.128166666666665,4.210003686001586,4.157781566168296,39.5,56.9,-17.4,46,57,8,5,305
2026-01-03,0.84,0.16,0.11833333333333333,51.88166666666667,52.0,48.0,50.0,54.0,56.0,48.11833333333333,4.210003686001586,4.157781566168296,39.5,56.9,-17.4,46,57,8,5,304
2026-01-04,0.8413333333333334,0.15866666666666668,0.11266666666666666,51.91683333333334,52.0,48.0,50.0,54.0,56.0,48.08316666666666,4.089445230086891,4.033874264255972,39.5,56.9,-17.4,48,57,8,5,303
2026-01-05,0.8368333333333333,0.16316666666666665,0.11616666666666667,51.8865,52.0,48.0,50.0,54.0,56.0,48.1135,4.229362612049068,4.177678240161542,39.5,56.9,-17.4,48,57,8,5,302
2026-01-06,0.8398333333333333,0.16016666666666668,0.119,51.8495,52.0,48.0,50.0,53.0,56.0,48.1505,4.229362612049068,4.177678240161542,39.5,56.9,-17.4,48,57,8,5,301
2026-01-07,0.8415,0.1585,0.12766666666666668,51.853,52.0,48.0,50.0,53.0,56.0,48.147,4.229362612049068,4.177678240161542,39.5,56.9,-17.4,48,57,8,5,300
2026-01-08,0.8458333333333333,0.15416666666666667,0.12366666666666666,51.885333333333335,52.0,48.0,50.0,53.0,56.0,48.114666666666665,3.877474512059872,3.8160154707282015,39.5,56.9,-17.4,48,57,8,5,299
2026-01-09,0.8436666666666667,0.15633333333333332,0.11933333333333333,51.939166666666665,52.0,48.0,50.0,54.0,56.0,48.060833333333335,3.877474512059872,3.8160154707282015,39.5,56.9,-17.4,48,57,8,5,298
2026-01-10,0.8483333333333334,0.15166666666666667,0.11766666666666667,51.91416666666667,52.0,48.0,50.0,54.0,56.0,48.08583333333333,3.877474512059872,3.8160154707282015,39.5,56.9,-17.4,48,57,8,5,297
2026-01-11,0.8496666666666667,0.15033333333333335,0.124,51.965333333333334,52.0,48.0,50.0,54.0,56.0,48.034666666666666,3.877474512059872,3.8160154707282015,39.5,56.9,-17.4,48,57,8,5,296
2026-01-12,0.842,0.158,0.11483333333333333,51.909666666666666,52.0,48.0,50.0,54.0,56.0,48.090333333333334,3.872173389431441,3.810567094693425,39.5,56.9,-17.4,48,57,8,5,295
2026-01-13,0.835,0.165,0.1175,51.879666666666665,52.0,48.0,50.0,54.0,56.0,48.120333333333335,3.806250707481008,3.7428132271332575,39.5,56.9,-17.4,49,57,8,5,294
2026-01-14,0.8448333333333333,0.15516666666666667,0.1275,51.85316666666667,52.0,48.0,50.0,53.0,56.0,48.14683333333333,3.994032953958918,3.935811647124442,39.5,56.9,-17.4,52,57,8,5,293
2026-01-15,0.8355,0.1645,0.11883333333333333,51.869166666666665,52.0,48.0,50.0,53.0,56.0,48.130833333333335,3.994032953958918,3.935811647124442,39.5,56.9,-17.4,54,57,8,5,292
2026-01-16,0.8268333333333333,0.17316666666666666,0.12683333333333333,51.77766666666667,52.0,48.0,50.0,53.0,56.0,48.22233333333333,3.994032953958918,3.935811647124442,39.5,56.9,-17.4,54,57,8,5,291
2026-01-17,0.8271666666666667,0.17283333333333334,0.12083333333333333,51.78216666666667,52.0,48.0,50.0,53.0,56.0,48.21783333333333,4.068028694279285,4.011862824675931,39.5,56.9,-17.4,54,57,8,5,290
2026-01-18,0.8278333333333333,0.17216666666666666,0.11816666666666667,51.8245,52.0,48.0,50.0,53.0,56.0,48.1755,3.900059023572709,3.839227329783062,39.5,56.9,-17.4,54,57,8,5,289
2026-01-19,0.8238333333333333,0.17616666666666667,0.13083333333333333,51.76466666666666,52.0,48.0,50.0,53.0,56.0,48.23533333333334,4.002068946149413,3.94407086132023,39.5,56.9,-17.4,54,57,8,5,288
2026-01-20,0.8346666666666667,0.16533333333333333,0.12166666666666667,51.797333333333334,52.0,48.0,50.0,53.0,56.0,48.202666666666666,4.002068946149413,3.94407086132023,39.5,56.9,-17.4,54,57,8,5,287
2026-01-21,0.8226666666666667,0.17733333333333334,0.117,51.741,52.0,48.0,50.0,53.0,56.0,48.259,4.002068946149413,3.94407086132023,39.5,56.9,-17.4,56,67,8,5,286
2026-01-22,0.8303333333333334,0.16966666666666666,0.12133333333333333,51.81333333333333,52.0,48.0,50.0,53.0,56.0,48.18666666666667,4.099057939355274,4.043753993226253,39.5,56.9,-17.4,56,67,8,5,285
2026-01-23,0.8258333333333333,0.17416666666666666,0.12683333333333333,51.758833333333335,52.0,48.0,50.0,53.0,56.0,48.241166666666665,4.099057939355274,4.043753993226253,39.5,56.9,-17.4,56,67,8,5,284
2026-01-24,0.8273333333333334,0.17266666666666666,0.1295,51.767,52.0,48.0,50.0,53.0,56.0,48.233,4.09447840109577,4.039047245570653,39.5,56.9,-17.4,56,67,8,5,283
2026-01-25,0.8368333333333333,0.16316666666666665,0.1235,51.80133333333333,52.0,48.0,50.0,53.0,56.0,48.19866666666667,3.9317267690862314,3.871774734894181,39.5,56.9,-17.4,56,67,8,5,282
2026-01-26,0.827,0.173,0.121,51.775666666666666,52.0,48.0,50.0,53.0,56.0,48.224333333333334,4.082799346064484,4.027043772344053,39.5,56.9,-17.4,56,67,8,5,281
2026-01-27,0.8315,0.1685,0.12416666666666666,51.7555,52.0,48.0,50.0,53.0,55.0,48.2445,4.082799346064484,4.027043772344053,39.5,56.9,-17.4,56,67,8,5,280
2026-01-28,0.8256666666666667,0.17433333333333334,0.12566666666666668,51.707,52.0,48.0,50.0,53.0,55.0,48.293,4.20351890536308,4.151116652734276,39.5,56.9,-17.4,56,67,8,5,279
2026-01-29,0.8191666666666667,0.18083333333333335,0.132,51.667833333333334,52.0,48.0,50.0,53.0,55.0,48.332166666666666,4.143972580733608,4.089916263531763,39.5,56.9,-17.4,59,71,8,5,278
2026-01-30,0.8088333333333333,0.19116666666666668,0.13033333333333333,51.591166666666666,52.0,48.0,50.0,53.0,56.0,48.408833333333334,4.222571733218272,4.170698725807668,39.5,56.9,-17.4,59,71,8,5,277
2026-01-31,0.8158333333333333,0.18416666666666667,0.1355,51.6385,52.0,48.0,50.0,53.0,56.0,48.3615,4.222571733218272,4.170698725807668,39.5,56.9,-17.4,59,71,8,5,276
2026-02-01,0.8145,0.1855,0.12733333333333333,51.636,52.0,48.0,50.0,53.0,55.0,48.364,4.285912179661864,4.235798629096915,39.5,56.9,-17.4,59,71,8,5,275
2026-02-02,0.8071666666666667,0.19283333333333333,0.13833333333333334,51.5745,52.0,48.0,50.0,53.0,55.0,48.4255,4.272412844230953,4.221924312126257,39.5,56.9,-17.4,59,71,8,5,274
2026-02-03,0.8126666666666666,0.18733333333333332,0.12733333333333333,51.68566666666667,52.0,48.0,50.0,53.0,56.0,48.31433333333333,4.272412844230953,4.221924312126257,39.5,56.9,-17.4,59,71,8,5,273
2026-02-04,0.8065,0.1935,0.13133333333333333,51.61516666666667,52.0,48.0,50.0,53.0,55.0,48.38483333333333,4.259051899700606,4.208192230247845,39.5,56.9,-17.4,59,71,8,5,272
2026-02-05,0.8156666666666667,0.18433333333333332,0.133,51.60883333333334,52.0,48.0,50.0,53.0,55.0,48.39116666666666,4.259051899700606,4.208192230247845,39.5,56.9,-17.4,59,71,8,5,271
2026-02-06,0.8111666666666667,0.18883333333333333,0.1345,51.60816666666667,52.0,48.0,50.0,53.0,55.0,48.39183333333333,4.259051899700606,4.208192230247845,39.5,56.9,-17.4,59,71,8,5,270
2026-02-07,0.819,0.181,0.12833333333333333,51.693666666666665,52.0,48.0,50.0,53.0,56.0,48.306333333333335,4.259051899700606,4.208192230247845,39.5,56.9,-17.4,59,71,8,5,269
2026-02-08,0.8158333333333333,0.18416666666666667,0.1295,51.62616666666667,52.0,48.0,50.0,53.0,55.0,48.37383333333333,4.259051899700606,4.208192230247845,39.5,56.9,-17.4,59,71,8,5,268
2026-02-09,0.8163333333333334,0.18366666666666667,0.128,51.666666666666664,52.0,48.0,50.0,53.0,56.0,48.333333333333336,4.359545712164888,4.311477537502801,39.5,56.9,-17.4,61,71,8,5,267
2026-02-10,0.8101666666666667,0.18983333333333333,0.13033333333333333,51.647333333333336,52.0,48.0,50.0,53.0,56.0,48.352666666666664,4.359545712164888,4.311477537502801,39.5,56.9,-17.4,61,71,8,5,266
2026-02-11,0.8196666666666667,0.18033333333333335,0.132,51.65683333333333,52.0,48.0,50.0,53.0,56.0,48.34316666666667,4.359545712164888,4.311477537502801,39.5,56.9,-17.4,63,71,9,5,265
2026-02-12,0.8131666666666667,0.18683333333333332,0.135,51.65,52.0,48.0,50.0,53.0,56.0,48.35,3.815052239445121,3.7518592460963744,39.5,56.9,-17.4,63,71,9,5,264
2026-02-13,0.8208333333333333,0.17916666666666667,0.1395,51.64816666666667,52.0,48.0,50.0,53.0,56.0,48.35183333333333,3.959499688637102,3.900319124432576,39.5,56.9,-17.4,63,71,9,5,263
2026-02-14,0.8255,0.1745,0.1345,51.68483333333333,52.0,48.0,50.0,53.0,56.0,48.31516666666667,3.959499688637102,3.900319124432576,39.5,56.9,-17.4,63,71,9,5,262
2026-02-15,0.8158333333333333,0.18416666666666667,0.13116666666666665,51.65533333333333,52.0,48.0,50.0,53.0,56.0,48.34466666666667,3.959499688637102,3.900319124432576,39.5,56.9,-17.4,63,71,9,5,261
2026-02-16,0.8193333333333334,0.18066666666666667,0.134,51.650333333333336,52.0,48.0,50.0,53.0,55.0,48.349666666666664,4.166704651815585,4.113279781032684,39.5,56.9,-17.4,63,71,9,5,260
2026-02-17,0.813,0.187,0.1305,51.678333333333335,52.0,48.0,50.0,53.0,56.0,48.321666666666665,3.996861093746929,3.9387183463510103,39.5,56.9,-17.4,63,71,9,5,259
2026-02-18,0.819,0.181,0.1275,51.697,52.0,48.0,50.0,53.0,56.0,48.303,4.356692953737641,4.308545535785909,39.5,56.9,-17.4,63,71,9,5,258
2026-02-19,0.8106666666666666,0.18933333333333333,0.12516666666666668,51.63316666666667,52.0,48.0,50.0,53.0,56.0,48.36683333333333,4.356692953737641,4.308545535785909,39.5,56.9,-17.4,63,75,9,5,257
2026-02-20,0.8078333333333333,0.19216666666666668,0.13566666666666666,51.5385,52.0,48.0,50.0,53.0,55.0,48.4615,4.356692953737641,4.308545535785909,39.5,56.9,-17.4,64,75,9,5,256
2026-02-21,0.8051666666666667,0.19483333333333333,0.13316666666666666,51.554833333333335,52.0,48.0,50.0,53.0,55.0,48.445166666666665,4.356692953737641,4.308545535785909,39.5,56.9,-17.4,64,75,9,5,255
2026-02-22,0.8033333333333333,0.19666666666666666,0.13933333333333334,51.49333333333333,52.0,48.0,50.0,53.0,55.0,48.50666666666667,4.328979109902251,4.280061862955091,39.5,56.9,-17.4,64,75,9,5,254
2026-02-23,0.8116666666666666,0.18833333333333332,0.13166666666666665,51.5845,52.0,48.0,50.0,53.0,55.0,48.4155,4.064114235094726,4.007839630514024,39.5,56.9,-17.4,65,75,9,5,253
2026-02-24,0.7991666666666667,0.20083333333333334,0.1475,51.396,51.0,48.0,50.0,53.0,55.0,48.604,4.064114235094726,4.007839630514024,39.5,56.9,-17.4,69,81,10,5,252
2026-02-25,0.8068333333333333,0.19316666666666665,0.14283333333333334,51.47366666666667,51.0,48.0,50.0,53.0,55.0,48.52633333333333,4.064114235094726,4.007839630514024,39.5,56.9,-17.4,69,81,10,5,251
2026-02-26,0.7961666666666667,0.20383333333333334,0.14233333333333334,51.38616666666667,51.0,48.0,50.0,53.0,55.0,48.61383333333333,4.236889725896578,4.185414440504816,39.5,56.9,-17.4,69,81,10,5,250
2026-02-27,0.7935,0.2065,0.13766666666666666,51.420833333333334,51.0,48.0,50.0,53.0,55.0,48.579166666666666,4.236889725896578,4.185414440504816,39.5,56.9,-17.4,69,81,10,5,249
2026-02-28,0.7868333333333334,0.21316666666666667,0.14383333333333334,51.339,51.0,48.0,50.0,53.0,55.0,48.661,4.236889725896578,4.185414440504816,39.5,56.9,-17.4,69,81,10,5,248
2026-03-01,0.7935,0.2065,0.14366666666666666,51.36366666666667,51.0,48.0,50.0,53.0,55.0,48.63633333333333,4.275471799051735,4.225068237914282,39.5,56.9,-17.4,69,81,10,5,247
2026-03-02,0.7965,0.2035,0.13883333333333334,51.437333333333335,51.0,48.0,50.0,53.0,55.0,48.562666666666665,4.076326844750755,4.020391479327165,39.5,56.9,-17.4,69,81,10,5,246
2026-03-03,0.8026666666666666,0.19733333333333333,0.14566666666666667,51.458333333333336,51.0,48.0,50.0,53.0,55.0,48.541666666666664,4.075369955923334,4.019408010254537,39.5,56.9,-17.4,69,81,10,5,245
2026-03-04,0.7873333333333333,0.21266666666666667,0.14683333333333334,51.355,51.0,48.0,50.0,53.0,55.0,48.645,4.16793738541014,4.114546757227088,39.5,56.9,-17.4,73,84,11,5,244
2026-03-05,0.7756666666666666,0.22433333333333333,0.14366666666666666,51.28183333333333,51.0,48.0,50.0,53.0,55.0,48.71816666666667,4.16793738541014,4.114546757227088,39.5,56.9,-17.4,76,88,11,5,243
2026-03-06,0.7761666666666667,0.22383333333333333,0.14916666666666667,51.28366666666667,51.0,47.0,50.0,53.0,55.0,48.71633333333333,3.9742613534817415,3.915490835522901,39.5,56.9,-17.4,76,88,11,5,242
2026-03-07,0.7771666666666667,0.22283333333333333,0.14966666666666667,51.2735,51.0,48.0,50.0,53.0,55.0,48.7265,3.9742613534817415,3.915490835522901,39.5,56.9,-17.4,76,88,11,5,241
2026-03-08,0.777,0.223,0.15983333333333333,51.2485,51.0,48.0,50.0,53.0,55.0,48.7515,4.078929918493418,4.02306686067379,39.5,56.9,-17.4,76,88,11,5,240
2026-03-09,0.7863333333333333,0.21366666666666667,0.14766666666666667,51.33316666666666,51.0,48.0,50.0,53.0,55.0,48.66683333333334,4.077783352652402,4.021888445781634,39.5,56.9,-17.4,78,98,11,6,239
2026-03-10,0.7501666666666666,0.24983333333333332,0.15616666666666668,51.11933333333333,51.0,47.0,50.0,53.0,55.0,48.88066666666667,4.027455339048975,3.970162431800334,39.5,56.9,-17.4,82,98,11,6,238
2026-03-11,0.7471666666666666,0.25283333333333335,0.16016666666666668,51.05316666666667,51.0,47.0,49.0,53.0,55.0,48.94683333333333,4.273105825655902,4.222636543035232,39.5,56.9,-17.4,82,98,11,6,237
2026-03-12,0.7496666666666667,0.25033333333333335,0.1565,51.09166666666667,51.0,47.0,49.0,53.0,55.0,48.90833333333333,4.160213372757501,4.106608188667432,39.5,56.9,-17.4,82,102,11,6,236
2026-03-13,0.7425,0.2575,0.15816666666666668,51.05866666666667,51.0,47.0,49.0,53.0,55.0,48.94133333333333,4.160213372757501,4.106608188667432,39.5,56.9,-17.4,82,105,11,6,235
2026-03-14,0.7485,0.2515,0.16333333333333333,51.06766666666667,51.0,47.0,49.0,53.0,55.0,48.93233333333333,4.160213372757501,4.106608188667432,39.5,56.9,-17.4,82,105,11,6,234
2026-03-15,0.7421666666666666,0.25783333333333336,0.15533333333333332,51.06433333333333,51.0,47.0,49.0,53.0,55.0,48.93566666666667,4.160213372757501,4.106608188667432,39.5,56.9,-17.4,82,105,11,6,233
2026-03-16,0.7513333333333333,0.24866666666666667,0.1465,51.177166666666665,51.0,47.0,50.0,53.0,55.0,48.822833333333335,4.160213372757501,4.106608188667432,39.5,56.9,-17.4,84,105,11,6,232
2026-03-17,0.7613333333333333,0.23866666666666667,0.15816666666666668,51.21366666666667,51.0,47.0,50.0,53.0,55.0,48.78633333333333,4.2514013912553725,4.2003292076791325,39.5,56.9,-17.4,84,105,11,6,231
2026-03-18,0.747,0.253,0.15733333333333333,51.1085,51.0,47.0,49.0,53.0,55.0,48.8915,4.241295603852785,4.189942703959806,39.5,56.9,-17.4,84,105,11,6,230
2026-03-19,0.7526666666666667,0.24733333333333332,0.14816666666666667,51.156333333333336,51.0,47.0,50.0,53.0,55.0,48.843666666666664,4.1818981330963085,4.128895303460094,39.5,56.9,-17.4,84,108,11,6,229
2026-03-20,0.743,0.257,0.15633333333333332,51.084833333333336,51.0,47.0,49.0,53.0,55.0,48.915166666666664,4.357963956136322,4.309851843806775,39.5,56.9,-17.4,84,108,11,6,228
2026-03-21,0.741,0.259,0.13966666666666666,51.14033333333333,51.0,47.0,49.0,53.0,55.0,48.85966666666667,4.357963956136322,4.309851843806775,39.5,56.9,-17.4,84,108,11,6,227
2026-03-22,0.7593333333333333,0.24066666666666667,0.16,51.17016666666667,51.0,47.0,50.0,53.0,55.0,48.82983333333333,4.357963956136322,4.309851843806775,39.5,56.9,-17.4,84,108,11,6,226
2026-03-23,0.7478333333333333,0.25216666666666665,0.15783333333333333,51.11483333333333,51.0,47.0,49.0,53.0,55.0,48.88516666666667,4.409519492271468,4.362839478167898,39.5,56.9,-17.4,86,114,11,6,225
2026-03-24,0.7551666666666667,0.24483333333333332,0.15366666666666667,51.15683333333333,51.0,47.0,50.0,53.0,55.0,48.84316666666667,4.760526238440468,4.7235964117304805,39.5,56.9,-17.4,86,117,11,6,224
2026-03-25,0.7483333333333333,0.25166666666666665,0.15166666666666667,51.13366666666667,51.0,47.0,49.0,53.0,55.0,48.86633333333333,4.760526238440468,4.7235964117304805,39.5,56.9,-17.4,86,117,11,6,223
2026-03-26,0.7528333333333334,0.24716666666666667,0.15666666666666668,51.10483333333333,51.0,47.0,50.0,53.0,55.0,48.89516666666667,4.63902458589281,4.598719713278721,39.5,56.9,-17.4,91,123,11,6,222
2026-03-27,0.7515,0.2485,0.15783333333333333,51.077666666666666,51.0,47.0,50.0,53.0,55.0,48.922333333333334,4.63902458589281,4.598719713278721,39.5,56.9,-17.4,92,123,11,6,221
2026-03-28,0.7441666666666666,0.25583333333333336,0.15666666666666668,51.075,51.0,47.0,49.0,53.0,55.0,48.925,4.63902458589281,4.598719713278721,39.5,56.9,-17.4,92,123,11,6,220
2026-03-29,0.739,0.261,0.15233333333333332,51.083333333333336,51.0,47.0,49.0,53.0,55.0,48.916666666666664,4.63902458589281,4.598719713278721,39.5,56.9,-17.4,92,123,11,6,219
2026-03-30,0.75,0.25,0.16883333333333334,51.06616666666667,51.0,47.0,49.75,53.0,55.0,48.93383333333333,4.729946067471482,4.692166791567912,39.5,56.9,-17.4,92,126,11,6,218
2026-03-31,0.742,0.258,0.1585,51.022166666666664,51.0,47.0,49.0,53.0,55.0,48.977833333333336,4.729946067471482,4.692166791567912,39.5,56.9,-17.4,93,126,11,6,217
2026-04-01,0.7341666666666666,0.2658333333333333,0.15366666666666667,51.008,51.0,47.0,49.0,53.0,55.0,48.992,4.729946067471482,4.692166791567912,39.5,56.9,-17.4,93,126,11,6,216
