district_code,state_abbr,district_name,latitude,longitude,winner_party_2024,winner_2024,open_seat,incumbent_running,rating,intercept_mean,intercept_sd,mean_margin_dem,approx_total_sd,dem_win_prob_analytic,gop_win_prob_analytic,finance_effect,raw_finance_effect,poll_count,poll_margin_mean,dem_candidate,rep_candidate,dem_cash_on_hand,rep_cash_on_hand,dem_receipts,rep_receipts,house_margin_2024,pres24_dem_margin,pres20_dem_margin,applied_open_seat_weight,applied_rating_weight,applied_finance_weight,applied_district_poll_weight
AK-AL,AK,AK-AL,63.42,-152.81,REP,Nick Begich,False,False,likely_rep,-8.275765612266857,3.672719778153187,-3.564679883342527,4.664125368276134,0.22235134091727127,0.7776486590827287,0.0,0.0,0,,,,,,,,-2.1518800939886944,,,0.0,1.0,1.0,0.0
AL-01,AL,AL-1,31.03,-86.79,REP,Barry Moore,True,False,,-31.59793011445242,6.356099432828282,-26.88684438552809,6.976044357811911,5.806200695468444e-05,0.9999419379930453,0.0,0.0,0,,,,,,,,-56.9537669777999,,,1.0,0.0,1.0,0.0
AL-02,AL,AL-2,31.76,-86.63,DEM,Shomari Figures,False,False,,10.221230031338804,6.356099432828282,14.932315760263133,6.976044357811911,0.9838433466160446,0.016156653383955444,0.0,0.0,0,,,,,,,,9.19901193622497,,,0.0,0.0,1.0,0.0
AL-03,AL,AL-3,33.41,-85.77,,Mike Rogers,False,False,,-31.59793011445242,6.356099432828282,-26.88684438552809,6.976044357811911,5.806200695468444e-05,0.9999419379930453,0.0,0.0,0,,,,,,,,-100.0,,,0.0,0.0,1.0,0.0
AL-04,AL,AL-4,34.12,-87.28,,Robert B. Aderholt,False,False,,-31.59793011445242,6.356099432828282,-26.88684438552809,6.976044357811911,5.806200695468444e-05,0.9999419379930453,0.0,0.0,0,,,,,,,,-100.0,,,0.0,0.0,1.0,0.0
AL-05,AL,AL-5,34.69,-86.68,,Dale Strong,False,False,,-31.59793011445242,6.356099432828282,-26.88684438552809,6.976044357811911,5.806200695468444e-05,0.9999419379930453,0.0,0.0,0,,,,,,,,-100.0,,,0.0,0.0,1.0,0.0
AL-06,AL,AL-6,32.96,-86.6,REP,Gary Palmer,False,False,,-31.59793011445242,6.356099432828282,-26.88684438552809,6.976044357811911,5.806200695468444e-05,0.9999419379930453,0.0,0.0,0,,,,,,,,-40.791058354633286,,,0.0,0.0,1.0,0.0
AL-07,AL,AL-7,32.51,-87.61,DEM,Terri A. Sewell,False,False,,25.726706874303186,6.356099432828282,30.437792603227518,6.976044357811911,0.999993590963236,6.409036763965759e-06,0.0,0.0,0,,,,,,,,27.440749398536006,,,0.0,0.0,1.0,0.0
AR-01,AR,AR-1,35.36,-91.32,REP,Rick Crawford,False,False,,-31.59793011445242,6.356099432828282,-26.88684438552809,6.976044357811911,5.806200695468444e-05,0.9999419379930453,0.0,0.0,0,,,,,,,,-50.45822643958829,,,0.0,0.0,1.0,0.0
AR-02,AR,AR-2,35.16,-92.36,REP,French Hill,False,False,,-12.787067064884367,6.356099432828282,-8.075981335960037,6.976044357811911,0.12349866140372101,0.876501338596279,0.0,0.0,0,,,,,,,,-17.869572882861114,,,0.0,0.0,1.0,0.0
AR-03,AR,AR-3,36.01,-94.03,REP,Steve Womack,False,False,,-26.088215185329183,6.356099432828282,-21.37712945640485,6.976044357811911,0.001090671724561676,0.9989093282754383,0.0,0.0,0,,,,,,,,-33.5179824363256,,,0.0,0.0,1.0,0.0
AR-04,AR,AR-4,34.21,-93.15,REP,Bruce Westerman,False,False,,-31.59793011445242,6.356099432828282,-26.88684438552809,6.976044357811911,5.806200695468444e-05,0.9999419379930453,0.0,0.0,0,,,,,,,,-45.8233581125834,,,0.0,0.0,1.0,0.0
AZ-01,AZ,AZ-1,33.7,-111.66,REP,David Schweikert,True,False,tossup,-2.589258458952086,4.705653698879759,2.1218272699722442,5.514378624644861,0.6498001042067827,0.3501998957932173,0.0,0.0,0,,,,,,,,-3.814004013772028,,,1.0,1.0,1.0,0.0
AZ-02,AZ,AZ-2,35.12,-111.07,REP,Eli Crane,False,False,likely_rep,-10.210616824398931,3.672719778153187,-5.499531095474601,4.664125368276134,0.1191765811139297,0.8808234188860703,0.0,0.0,0,,,,,,,,-8.969525759395246,,,0.0,1.0,1.0,0.0
AZ-03,AZ,AZ-3,33.42,-112.12,DEM,Yassamin Ansari,False,False,,36.402069885547576,6.356099432828282,41.11315561447191,6.976044357811911,0.999999998109234,1.8907659882216876e-09,0.0,0.0,0,,,,,,,,45.488502392903,,,0.0,0.0,1.0,0.0
AZ-04,AZ,AZ-4,33.39,-111.86,DEM,Greg Stanton,False,False,,8.709790294704915,6.356099432828282,13.420876023629244,6.976044357811911,0.9728134235752037,0.02718657642479627,0.0,0.0,0,,,,,,,,7.4208475401851,,,0.0,0.0,1.0,0.0
AZ-05,AZ,AZ-5,33.29,-111.64,REP,Andy Biggs,True,False,,-15.257837321497878,6.356099432828282,-10.546751592573546,6.976044357811911,0.06528566788828949,0.9347143321117105,0.0,0.0,0,,,,,,,,-20.77636142005348,,,1.0,0.0,1.0,0.0
AZ-06,AZ,AZ-6,32.37,-109.96,REP,Juan Ciscomani,False,False,tossup,-2.0117466078612694,4.705653698879759,2.699339121063061,5.514378624644861,0.6877593819338618,0.31224061806613823,0.0,0.0,0,,,,,,,,-2.5743987439636484,,,0.0,1.0,1.0,0.0
AZ-07,AZ,AZ-7,32.27,-112.3,DEM,Ra�l M. Grijalva,False,False,,25.26551454277552,6.356099432828282,29.97660027169985,6.976044357811911,0.9999913467483227,8.653251677315232e-06,0.0,0.0,0,,,,,,,,26.89817018497405,,,0.0,0.0,1.0,0.0
AZ-08,AZ,AZ-8,33.79,-112.2,REP,"Abraham ""Abe"" Hamadeh",False,False,,-8.649154569368557,6.356099432828282,-3.9380688404442266,6.976044357811911,0.2862024734805717,0.7137975265194283,0.0,0.0,0,,,,,,,,-13.001440535195457,,,0.0,0.0,1.0,0.0
AZ-09,AZ,AZ-9,34.65,-113.71,REP,Paul Gosar,False,False,,-23.60409667167163,6.356099432828282,-18.8930109427473,6.976044357811911,0.003381749723206262,0.9966182502767937,0.0,0.0,0,,,,,,,,-30.59549006731672,,,0.0,0.0,1.0,0.0
CA-01,CA,CA-1,40.76,-121.71,REP,Doug LaMalfa,False,False,,-23.680416613130483,6.356099432828282,-18.96933088420615,6.976044357811911,0.0032719005590051697,0.9967280994409948,0.0,0.0,0,,,,,,,,-30.6852782337389,,,0.0,0.0,1.0,0.0
CA-02,CA,CA-2,40.08,-123.46,DEM,Jared Huffman,False,False,,36.402069885547576,6.356099432828282,41.11315561447191,6.976044357811911,0.999999998109234,1.8907659882216876e-09,0.0,0.0,0,,,,,,,,43.7675341199156,,,0.0,0.0,1.0,0.0
CA-03,CA,CA-3,37.85,-118.87,REP,Kevin Kiley,True,False,,-6.892493625402828,6.356099432828282,-2.1814078964784978,6.976044357811911,0.37725436172963156,0.6227456382703684,0.0,0.0,0,,,,,,,,-10.934780601118128,,,1.0,0.0,1.0,0.0
CA-04,CA,CA-4,38.72,-122.33,DEM,Mike Thompson,False,False,,30.376565041378093,6.356099432828282,35.087650770302425,6.976044357811911,0.9999997544202273,2.455797727396458e-07,0.0,0.0,0,,,,,,,,32.91117077156531,,,0.0,0.0,1.0,0.0
CA-05,CA,CA-5,37.71,-119.85,REP,Tom McClintock,False,False,,-17.598744088763386,6.356099432828282,-12.887658359839055,6.976044357811911,0.03234341115036021,0.9676565888496398,0.0,0.0,0,,,,,,,,-23.530369381542314,,,0.0,0.0,1.0,0.0
CA-06,CA,CA-6,38.63,-121.37,DEM,Ami Bera,True,False,likely_dem,7.317360901944242,3.672719778153187,12.028446630868572,4.664125368276134,0.9950446375474504,0.004955362452549572,0.0,0.0,0,,,,,,,,15.237989075911273,,,1.0,1.0,1.0,0.0
CA-07,CA,CA-7,38.36,-121.38,DEM,Doris Matsui,False,False,,30.87852118216319,6.356099432828282,35.58960691108752,6.976044357811911,0.9999998316819584,1.68318041615656e-07,0.0,0.0,0,,,,,,,,33.50170740778307,,,0.0,0.0,1.0,0.0
CA-08,CA,CA-8,38.11,-122.11,DEM,John Garamendi,False,False,,36.402069885547576,6.356099432828282,41.11315561447191,6.976044357811911,0.999999998109234,1.8907659882216876e-09,0.0,0.0,0,,,,,,,,47.94125187708311,,,0.0,0.0,1.0,0.0
CA-09,CA,CA-9,37.98,-121.22,DEM,Josh Harder,False,False,,5.448593356149153,6.356099432828282,10.159679085073483,6.976044357811911,0.9273543696641162,0.07264563033588378,0.0,0.0,0,,,,,,,,3.5841452595312617,,,0.0,0.0,1.0,0.0
CA-10,CA,CA-10,37.89,-121.88,DEM,Mark DeSaulnier,False,False,,30.406947211741404,6.356099432828282,35.118032940665735,6.976044357811911,0.9999997599375656,2.400624343756874e-07,0.0,0.0,0,,,,,,,,32.9469145014045,,,0.0,0.0,1.0,0.0
CA-11,CA,CA-11,37.76,-122.7,DEM,Nancy Pelosi,True,False,,36.402069885547576,6.356099432828282,41.11315561447191,6.976044357811911,0.999999998109234,1.8907659882216876e-09,0.0,0.0,0,,,,,,,,62.06846725703383,,,1.0,0.0,1.0,0.0
CA-12,CA,CA-12,37.78,-122.24,,Lateefah Simon,False,False,,36.402069885547576,6.356099432828282,41.11315561447191,6.976044357811911,0.999999998109234,1.8907659882216876e-09,0.0,0.0,0,,,,,,,,100.0,,,0.0,0.0,1.0,0.0
CA-13,CA,CA-13,36.92,-120.58,DEM,Adam Gray,False,False,lean_dem,0.6541314883007099,4.159080142189835,5.36521721722504,5.056000643919778,0.8556910242693174,0.14430897573068258,0.0,0.0,0,,,,,,,,0.0886587869391846,,,0.0,1.0,1.0,0.0
CA-14,CA,CA-14,37.63,-121.84,DEM,Eric Swalwell,True,False,,32.58330061915397,6.356099432828282,37.2943863480783,6.976044357811911,0.9999999550565218,4.494347816130784e-08,0.0,0.0,0,,,,,,,,35.50733027483104,,,1.0,0.0,1.0,0.0
CA-15,CA,CA-15,37.6,-122.31,DEM,Kevin Mullin,False,False,,36.402069885547576,6.356099432828282,41.11315561447191,6.976044357811911,0.999999998109234,1.8907659882216876e-09,0.0,0.0,0,,,,,,,,46.194015417345895,,,0.0,0.0,1.0,0.0
CA-16,CA,CA-16,37.35,-122.28,,Sam Liccardo,False,False,,36.402069885547576,6.356099432828282,41.11315561447191,6.976044357811911,0.999999998109234,1.8907659882216876e-09,0.0,0.0,0,,,,,,,,100.0,,,0.0,0.0,1.0,0.0
CA-17,CA,CA-17,37.43,-121.96,DEM,Ro Khanna,False,False,,32.43222168425834,6.356099432828282,37.14330741318267,6.976044357811911,0.9999999493588678,5.0641132176565407e-08,0.0,0.0,0,,,,,,,,35.32959035142442,,,0.0,0.0,1.0,0.0
CA-18,CA,CA-18,36.48,-121.16,DEM,Zoe Lofgren,False,False,,27.26605595155898,6.356099432828282,31.97714168048331,6.976044357811911,0.999997717542341,2.282457658986381e-06,0.0,0.0,0,,,,,,,,29.25174831295459,,,0.0,0.0,1.0,0.0
CA-19,CA,CA-19,36.23,-121.36,DEM,Jimmy Panetta,False,False,,35.20471591101968,6.356099432828282,39.915801639944014,6.976044357811911,0.9999999947311382,5.2688617913077e-09,0.0,0.0,0,,,,,,,,38.5913482652613,,,0.0,0.0,1.0,0.0
CA-20,CA,CA-20,35.77,-118.67,,Vince Fong,False,False,,-31.59793011445242,6.356099432828282,-26.88684438552809,6.976044357811911,5.806200695468444e-05,0.9999419379930453,0.0,0.0,0,,,,,,,,-100.0,,,0.0,0.0,1.0,0.0
CA-21,CA,CA-21,36.55,-119.48,DEM,Jim Costa,False,False,likely_dem,4.453681174395939,3.672719778153187,9.16476690332027,4.664125368276134,0.9752899101512712,0.0247100898487288,0.0,0.0,0,,,,,,,,5.147521364898658,,,0.0,1.0,1.0,0.0
CA-22,CA,CA-22,35.77,-119.5,REP,David G. Valadao,False,False,tossup,-3.999999914997212,4.705653698879759,0.7110858139271183,5.514378624644861,0.5513018736953887,0.44869812630461126,0.0,0.0,0,,,,,,,,-6.842102121105384,,,0.0,1.0,1.0,0.0
CA-23,CA,CA-23,34.92,-116.44,REP,Jay Obernolte,False,False,,-14.83966030788339,6.356099432828282,-10.12857457895906,6.976044357811911,0.07326359456282217,0.9267364054371778,0.0,0.0,0,,,,,,,,-20.284388462859965,,,0.0,0.0,1.0,0.0
CA-24,CA,CA-24,34.73,-120.07,DEM,Salud Carbajal,False,False,,23.986940782741286,6.356099432828282,28.698026511665617,6.976044357811911,0.9999805397671401,1.946023285992471e-05,0.0,0.0,0,,,,,,,,25.39396576140436,,,0.0,0.0,1.0,0.0
CA-25,CA,CA-25,33.65,-115.33,DEM,Raul Ruiz,False,False,,13.031969775765557,6.356099432828282,17.743055504689888,6.976044357811911,0.9945114412560422,0.0054885587439578165,0.0,0.0,0,,,,,,,,12.505764576727032,,,0.0,0.0,1.0,0.0
CA-26,CA,CA-26,34.45,-119.06,DEM,Julia Brownley,True,False,,12.694436759010813,6.356099432828282,17.405522487935144,6.976044357811911,0.9937028858933834,0.006297114106616597,0.0,0.0,0,,,,,,,,12.108666909956746,,,1.0,0.0,1.0,0.0
CA-27,CA,CA-27,34.6,-118.37,DEM,George Whitesides,False,False,,4.665224272564806,6.356099432828282,9.376310001489136,6.976044357811911,0.910537542525556,0.08946245747444403,0.0,0.0,0,,,,,,,,2.662534572961441,,,0.0,0.0,1.0,0.0
CA-28,CA,CA-28,34.27,-117.85,DEM,Judy Chu,False,False,,27.78083563437912,6.356099432828282,32.49192136330345,6.976044357811911,0.9999984007456605,1.5992543395126901e-06,0.0,0.0,0,,,,,,,,29.85737146921357,,,0.0,0.0,1.0,0.0
CA-29,CA,CA-29,34.29,-118.39,DEM,Luz Maria Rivas,False,False,,36.022483265553866,6.356099432828282,40.7335689944782,6.976044357811911,0.9999999973752538,2.6247461981654396e-09,0.0,0.0,0,,,,,,,,39.55342750588975,,,0.0,0.0,1.0,0.0
CA-30,CA,CA-30,34.23,-118.28,DEM,Laura Friedman,False,False,,33.64129288247692,6.356099432828282,38.35237861140125,6.976044357811911,0.9999999807639669,1.9236033099723215e-08,0.0,0.0,0,,,,,,,,36.75202705521099,,,0.0,0.0,1.0,0.0
CA-31,CA,CA-31,34.15,-117.89,DEM,Gil Cisneros,False,False,,18.93886546209294,6.356099432828282,23.649951191017273,6.976044357811911,0.9996507489445555,0.0003492510554444772,0.0,0.0,0,,,,,,,,19.455053619465133,,,0.0,0.0,1.0,0.0
CA-32,CA,CA-32,34.1,-118.66,DEM,Brad Sherman,False,False,,29.94471783592766,6.356099432828282,34.655803564851986,6.976044357811911,0.9999996614688977,3.385311022618964e-07,0.0,0.0,0,,,,,,,,32.40311523574127,,,0.0,0.0,1.0,0.0
CA-33,CA,CA-33,34.12,-117.34,DEM,Pete Aguilar,False,False,,17.38487987375892,6.356099432828282,22.09596560268325,6.976044357811911,0.9992309731989854,0.0007690268010146495,0.0,0.0,0,,,,,,,,17.626835280248635,,,0.0,0.0,1.0,0.0
CA-34,CA,CA-34,34.07,-118.22,,Jimmy Gomez,False,False,,36.402069885547576,6.356099432828282,41.11315561447191,6.976044357811911,0.999999998109234,1.8907659882216876e-09,0.0,0.0,0,,,,,,,,100.0,,,0.0,0.0,1.0,0.0
CA-35,CA,CA-35,34.04,-117.62,DEM,Norma J. Torres,False,False,,16.69435649897911,6.356099432828282,21.405442227903443,6.976044357811911,0.9989240345441973,0.0010759654558026854,0.0,0.0,0,,,,,,,,16.814454839331212,,,0.0,0.0,1.0,0.0
CA-36,CA,CA-36,33.87,-118.42,DEM,Ted W. Lieu,False,False,,34.22290416165257,6.356099432828282,38.9339898905769,6.976044357811911,0.9999999880497803,1.1950219702683285e-08,0.0,0.0,0,,,,,,,,37.43627561894705,,,0.0,0.0,1.0,0.0
CA-37,CA,CA-37,34.01,-118.32,,Sydney Kamlager-Dove,False,False,,36.402069885547576,6.356099432828282,41.11315561447191,6.976044357811911,0.999999998109234,1.8907659882216876e-09,0.0,0.0,0,,,,,,,,100.0,,,0.0,0.0,1.0,0.0
CA-38,CA,CA-38,33.97,-117.97,DEM,Linda T. S?nchez,True,False,,19.126795176203107,6.356099432828282,23.837880905127438,6.976044357811911,0.9996835464872168,0.0003164535127831991,0.0,0.0,0,,,,,,,,19.67614740077121,,,1.0,0.0,1.0,0.0
CA-39,CA,CA-39,33.91,-117.32,DEM,Mark Takano,False,False,,13.77266119443899,6.356099432828282,18.48374692336332,6.976044357811911,0.9959706778675761,0.004029322132423907,0.0,0.0,0,,,,,,,,13.3771662457546,,,0.0,0.0,1.0,0.0
CA-40,CA,CA-40,33.75,-117.67,REP,Young Kim,False,False,,-6.54050573972123,6.356099432828282,-1.8294200107968992,6.976044357811911,0.3965669850552517,0.6034330149447483,0.0,0.0,0,,,,,,,,-10.5206772061986,,,0.0,0.0,1.0,0.0
CA-41,CA,CA-41,33.74,-116.93,REP,Ken Calvert,True,False,,-0.47255100062657607,6.356099432828282,4.238534728297754,6.976044357811911,0.7282683776414925,0.27173162235850745,0.0,0.0,0,,,,,,,,-3.3819069249107727,,,1.0,0.0,1.0,0.0
CA-42,CA,CA-42,33.28,-118.42,DEM,Robert Garcia,False,False,,33.242378496072355,6.356099432828282,37.95346422499669,6.976044357811911,0.9999999734406834,2.6559316634866548e-08,0.0,0.0,0,,,,,,,,36.28271601238209,,,0.0,0.0,1.0,0.0
CA-43,CA,CA-43,33.91,-118.31,DEM,Maxine Waters,False,False,,36.402069885547576,6.356099432828282,41.11315561447191,6.976044357811911,0.999999998109234,1.8907659882216876e-09,0.0,0.0,0,,,,,,,,50.146319501763344,,,0.0,0.0,1.0,0.0
CA-44,CA,CA-44,33.81,-118.24,DEM,Nanette Diaz Barrag?n,False,False,,36.402069885547576,6.356099432828282,41.11315561447191,6.976044357811911,0.999999998109234,1.8907659882216876e-09,0.0,0.0,0,,,,,,,,42.74513541143244,,,0.0,0.0,1.0,0.0
CA-45,CA,CA-45,33.83,-117.97,DEM,Derek Tran,False,False,lean_dem,0.6971015914973999,4.159080142189835,5.40818732042173,5.056000643919778,0.8576131733096146,0.14238682669038538,0.0,0.0,0,,,,,,,,0.2067273446774891,,,0.0,1.0,1.0,0.0
CA-46,CA,CA-46,33.79,-117.91,DEM,Lou Correa,False,False,,25.225413883427287,6.356099432828282,29.936499612351618,6.976044357811911,0.9999911196421847,8.880357815321815e-06,0.0,0.0,0,,,,,,,,26.85099293868201,,,0.0,0.0,1.0,0.0
CA-47,CA,CA-47,33.63,-117.89,DEM,Dave Min,False,False,,4.848308651381559,6.356099432828282,9.55939438030589,6.976044357811911,0.9147060649895933,0.08529393501040672,0.0,0.0,0,,,,,,,,2.87792795980468,,,0.0,0.0,1.0,0.0
CA-48,CA,CA-48,33.08,-116.64,REP,Darrell E. Issa,True,False,lean_dem,-6.142007084926946,4.159080142189835,-1.4309213560026155,5.056000643919778,0.3885828713963162,0.6114171286036838,0.0,0.0,0,,,,,,,,-18.585028726858923,,,1.0,1.0,1.0,0.0
CA-49,CA,CA-49,33.31,-117.43,DEM,Mike Levin,False,False,,6.0970773786689785,6.356099432828282,10.808163107593309,6.976044357811911,0.9393482483507598,0.06065175164924019,0.0,0.0,0,,,,,,,,4.347067638966351,,,0.0,0.0,1.0,0.0
CA-50,CA,CA-50,32.89,-117.19,DEM,Scott Peters,False,False,,26.66923466465458,6.356099432828282,31.380320393578913,6.976044357811911,0.9999965750042877,3.4249957122645114e-06,0.0,0.0,0,,,,,,,,28.549605622478825,,,0.0,0.0,1.0,0.0
CA-51,CA,CA-51,32.84,-117.08,DEM,Sara Jacobs,False,False,,20.587665030609614,6.356099432828282,25.298750759533945,6.976044357811911,0.9998563656245651,0.00014363437543485347,0.0,0.0,0,,,,,,,,21.39481781772004,,,0.0,0.0,1.0,0.0
CA-52,CA,CA-52,32.63,-117.04,DEM,Juan Vargas,False,False,,30.127756976931305,6.356099432828282,34.83884270585563,6.976044357811911,0.9999997043977864,2.956022135958136e-07,0.0,0.0,0,,,,,,,,32.61845540162791,,,0.0,0.0,1.0,0.0
CO-01,CO,CO-1,39.76,-104.88,DEM,Diana DeGette,False,False,,36.402069885547576,6.356099432828282,41.11315561447191,6.976044357811911,0.999999998109234,1.8907659882216876e-09,0.0,0.0,0,,,,,,,,56.01584886970673,,,0.0,0.0,1.0,0.0
CO-02,CO,CO-2,40.29,-106.17,DEM,Joe Neguse,False,False,,36.402069885547576,6.356099432828282,41.11315561447191,6.976044357811911,0.999999998109234,1.8907659882216876e-09,0.0,0.0,0,,,,,,,,40.520231641384825,,,0.0,0.0,1.0,0.0
CO-03,CO,CO-3,38.46,-106.91,REP,Jeff Hurd,False,False,likely_rep,-9.128329464881842,3.672719778153187,-4.417243735957512,4.664125368276134,0.17180207288216476,0.8281979271178352,0.0,0.0,0,,,,,,,,-5.155975818671273,,,0.0,1.0,1.0,0.0
CO-04,CO,CO-4,39.32,-103.25,REP,Lauren Boebert,False,False,,-7.9067556345685555,6.356099432828282,-3.195669905644225,6.976044357811911,0.32344318372245706,0.6765568162775429,0.0,0.0,0,,,,,,,,-12.128030023666042,,,0.0,0.0,1.0,0.0
CO-05,CO,CO-5,38.81,-104.66,REP,Jeff Crank,False,False,likely_rep,-11.763518984309313,3.672719778153187,-7.052433255384982,4.664125368276134,0.06525941287670989,0.9347405871232901,0.0,0.0,0,,,,,,,,-14.441334967735967,,,0.0,1.0,1.0,0.0
CO-06,CO,CO-6,39.68,-104.78,DEM,Jason Crow,False,False,,20.30065436861513,6.356099432828282,25.011740097539462,6.976044357811911,0.9998317033699439,0.0001682966300561306,0.0,0.0,0,,,,,,,,21.05715821537359,,,0.0,0.0,1.0,0.0
CO-07,CO,CO-7,38.86,-105.63,DEM,Brittany Pettersen,False,False,,14.897841990443176,6.356099432828282,19.608927719367507,6.976044357811911,0.9975298041858269,0.0024701958141730707,0.0,0.0,0,,,,,,,,14.7009083587007,,,0.0,0.0,1.0,0.0
CO-08,CO,CO-8,40.18,-104.8,REP,Gabe Evans,False,False,tossup,-1.1643135921204277,4.705653698879759,3.5467721368039027,5.514378624644861,0.7399483510080064,0.2600516489919936,0.0,0.0,0,,,,,,,,-0.7554188734418901,,,0.0,1.0,1.0,0.0
CT-01,CT,CT-1,41.81,-72.81,DEM,John B. Larson,False,False,,24.877337822885558,6.356099432828282,29.58842355180989,6.976044357811911,0.9999888951319088,1.1104868091194042e-05,0.0,0.0,0,,,,,,,,26.441491690985856,,,0.0,0.0,1.0,0.0
CT-02,CT,CT-2,41.65,-72.21,DEM,Joe Courtney,False,False,,16.028652164028593,6.356099432828282,20.739737892952924,6.976044357811911,0.9985254488316829,0.0014745511683170731,0.0,0.0,0,,,,,,,,16.031273268801193,,,0.0,0.0,1.0,0.0
CT-03,CT,CT-3,41.37,-72.89,DEM,Rosa L. DeLauro,False,False,,19.09575601096029,6.356099432828282,23.80684173988462,6.976044357811911,0.9996783348858125,0.0003216651141875193,0.0,0.0,0,,,,,,,,19.63963073577966,,,0.0,0.0,1.0,0.0
CT-04,CT,CT-4,41.19,-73.4,DEM,Jim Himes,False,False,,22.890814693696313,6.356099432828282,27.601900422620645,6.976044357811911,0.9999619989821475,3.800101785245147e-05,0.0,0.0,0,,,,,,,,24.10440565664557,,,0.0,0.0,1.0,0.0
CT-05,CT,CT-5,41.69,-73.22,DEM,Jahana Hayes,False,False,likely_dem,4.208785273234455,3.672719778153187,8.919871002158786,4.664125368276134,0.9720902614840803,0.027909738515919713,0.0,0.0,0,,,,,,,,4.284605669593269,,,0.0,1.0,1.0,0.0
DE-AL,DE,DE-AL,38.99,-75.45,DEM,Sarah McBride,False,False,,15.76869393366633,6.356099432828282,20.479779662590662,6.976044357811911,0.9983361785593513,0.001663821440648694,0.0,0.0,0,,,,,,,,15.725440056610296,,,0.0,0.0,1.0,0.0
FL-01,FL,FL-1,30.61,-86.83,REP,Matt Gaetz,False,False,,-24.859330106743208,6.356099432828282,-20.148244377818877,6.976044357811911,0.0019372379491124914,0.9980627620508875,0.0,0.0,0,,,,,,,,-32.07223528504799,,,0.0,0.0,1.0,0.0
FL-02,FL,FL-2,30.26,-84.78,REP,Neal Dunn,True,False,,-17.382383728850353,6.356099432828282,-12.671297999926022,6.976044357811911,0.03465439643908308,0.9653456035609169,0.0,0.0,0,,,,,,,,-23.27582778164463,,,1.0,0.0,1.0,0.0
FL-03,FL,FL-3,29.78,-82.73,REP,Kat Cammack,False,False,,-17.333775941708033,6.356099432828282,-12.622690212783702,6.976044357811911,0.03519182069373383,0.9648081793062662,0.0,0.0,0,,,,,,,,-23.218642149712487,,,0.0,0.0,1.0,0.0
FL-04,FL,FL-4,30.33,-81.78,REP,Aaron Bean,False,False,,-9.956201035137706,6.356099432828282,-5.245115306213376,6.976044357811911,0.22606303258359217,0.7739369674164078,0.0,0.0,0,,,,,,,,-14.539142259629749,,,0.0,0.0,1.0,0.0
FL-05,FL,FL-5,30.1,-81.46,REP,John Rutherford,False,False,,-19.828292272828612,6.356099432828282,-15.117206543904281,6.976044357811911,0.01511677988749427,0.9848832201125057,0.0,0.0,0,,,,,,,,-26.153367245148463,,,0.0,0.0,1.0,0.0
FL-06,FL,FL-6,29.34,-81.59,REP,Michael Waltz,False,False,,-25.707759246262352,6.356099432828282,-20.99667351733802,6.976044357811911,0.0013069907627617505,0.9986930092372382,0.0,0.0,0,,,,,,,,-33.07038721389404,,,0.0,0.0,1.0,0.0
FL-07,FL,FL-7,28.86,-81.08,REP,Cory Mills,False,False,likely_rep,-11.369483967061417,3.672719778153187,-6.658398238137086,4.664125368276134,0.07670681957089909,0.9232931804291009,0.0,0.0,0,,,,,,,,-13.052912379728127,,,0.0,1.0,1.0,0.0
FL-08,FL,FL-8,28.15,-80.68,REP,Mike Haridopolos,False,False,,-18.4033504959393,6.356099432828282,-13.692264767014969,6.976044357811911,0.02483733426781176,0.9751626657321882,0.0,0.0,0,,,,,,,,-24.476965154690447,,,0.0,0.0,1.0,0.0
FL-09,FL,FL-9,28.12,-81.17,DEM,Darren Soto,False,False,likely_dem,6.638964269251844,3.672719778153187,11.350049998176175,4.664125368276134,0.9925227435220649,0.007477256477935068,0.0,0.0,0,,,,,,,,12.847589321500584,,,0.0,1.0,1.0,0.0
FL-10,FL,FL-10,28.54,-81.29,DEM,Maxwell Frost,False,False,,23.437681662183365,6.356099432828282,28.148767391107697,6.976044357811911,0.9999727059909254,2.7294009074640968e-05,0.0,0.0,0,,,,,,,,24.74777856074798,,,0.0,0.0,1.0,0.0
FL-11,FL,FL-11,28.58,-81.85,REP,Daniel Webster,False,False,,-15.236454967424256,6.356099432828282,-10.525369238499927,6.976044357811911,0.06567653503278237,0.9343234649672176,0.0,0.0,0,,,,,,,,-20.75120570937863,,,0.0,0.0,1.0,0.0
FL-12,FL,FL-12,28.59,-82.56,REP,Gus Bilirakis,False,False,,-31.59793011445242,6.356099432828282,-26.88684438552809,6.976044357811911,5.806200695468444e-05,0.9999419379930453,0.0,0.0,0,,,,,,,,-42.07761985555216,,,0.0,0.0,1.0,0.0
FL-13,FL,FL-13,27.92,-82.83,REP,Anna Luna,False,False,likely_rep,-10.403037982143225,3.672719778153187,-5.691952253218894,4.664125368276134,0.11116258318898153,0.8888374168110185,0.0,0.0,0,,,,,,,,-9.647541342093367,,,0.0,1.0,1.0,0.0
FL-14,FL,FL-14,27.88,-82.54,DEM,Kathy Castor,False,False,,15.649680487577339,6.356099432828282,20.36076621650167,6.976044357811911,0.9982423551150608,0.0017576448849392357,0.0,0.0,0,,,,,,,,15.58542423768207,,,0.0,0.0,1.0,0.0
FL-15,FL,FL-15,28.11,-82.22,REP,Laurel Lee,False,False,,-8.103416244537692,6.356099432828282,-3.392330515613362,6.976044357811911,0.31338332949291026,0.6866166705070897,0.0,0.0,0,,,,,,,,-12.359395447159145,,,0.0,0.0,1.0,0.0
FL-16,FL,FL-16,27.57,-82.38,REP,Vern Buchanan,True,False,,-13.712023654862996,6.356099432828282,-9.000937925938665,6.976044357811911,0.09847953002454934,0.9015204699754507,0.0,0.0,0,,,,,,,,-18.957757106365385,,,1.0,0.0,1.0,0.0
FL-17,FL,FL-17,27.0,-82.16,REP,Greg Steube,False,False,,-21.234863038058457,6.356099432828282,-16.523777309134125,6.976044357811911,0.008926673984341105,0.9910733260156589,0.0,0.0,0,,,,,,,,-27.808156380712987,,,0.0,0.0,1.0,0.0
FL-18,FL,FL-18,27.27,-81.39,REP,Scott Franklin,False,False,,-23.61336773607843,6.356099432828282,-18.9022820071541,6.976044357811911,0.003368231068049621,0.9966317689319504,0.0,0.0,0,,,,,,,,-30.606397201912955,,,0.0,0.0,1.0,0.0
FL-19,FL,FL-19,26.4,-81.97,REP,Byron Donalds,True,False,,-25.335899932562505,6.356099432828282,-20.624814203638174,6.976044357811911,0.001555660596861963,0.998444339403138,0.0,0.0,0,,,,,,,,-32.632905668364806,,,1.0,0.0,1.0,0.0
FL-20,FL,FL-20,26.45,-80.58,DEM,Sheila Cherfilus-McCormick,False,False,,36.402069885547576,6.356099432828282,41.11315561447191,6.976044357811911,0.999999998109234,1.8907659882216876e-09,0.0,0.0,0,,,,,,,,40.0,,,0.0,0.0,1.0,0.0
FL-21,FL,FL-21,27.14,-80.38,REP,Brian Mast,False,False,,-17.69935697635902,6.356099432828282,-12.988271247434689,6.976044357811911,0.03131289576684193,0.9686871042331581,0.0,0.0,0,,,,,,,,-23.648737484596,,,0.0,0.0,1.0,0.0
FL-22,FL,FL-22,26.57,-80.12,DEM,Lois Frankel,False,False,,10.826628840559904,6.356099432828282,15.537714569484233,6.976044357811911,0.9870362457703028,0.0129637542296972,0.0,0.0,0,,,,,,,,9.911245829426264,,,0.0,0.0,1.0,0.0
FL-23,FL,FL-23,26.28,-80.13,DEM,Jared Moskowitz,False,False,lean_dem,2.4016284348095738,4.159080142189835,7.112714163733904,5.056000643919778,0.9202546675042995,0.07974533249570048,0.0,0.0,0,,,,,,,,4.890240090618377,,,0.0,1.0,1.0,0.0
FL-24,FL,FL-24,25.88,-80.16,DEM,Frederica Wilson,False,False,,33.412309199751654,6.356099432828282,38.123394928675985,6.976044357811911,0.9999999768417976,2.3158202355766377e-08,0.0,0.0,0,,,,,,,,36.48263448729891,,,0.0,0.0,1.0,0.0
FL-25,FL,FL-25,26.05,-80.27,DEM,Debbie Wasserman Schultz,False,False,,10.015037975304237,6.356099432828282,14.726123704228566,6.976044357811911,0.9826119592377338,0.017388040762266188,0.0,0.0,0,,,,,,,,8.956433046772538,,,0.0,0.0,1.0,0.0
FL-26,FL,FL-26,26.04,-81.16,REP,Mario Diaz-Balart,False,False,,-31.59793011445242,6.356099432828282,-26.88684438552809,6.976044357811911,5.806200695468444e-05,0.9999419379930453,0.0,0.0,0,,,,,,,,-41.83451910236359,,,0.0,0.0,1.0,0.0
FL-27,FL,FL-27,25.66,-80.24,REP,Maria Salazar,False,False,likely_rep,-13.554230751273911,3.672719778153187,-8.843145022349582,4.664125368276134,0.028980542162675316,0.9710194578373247,0.0,0.0,0,,,,,,,,-20.7510905910564,,,0.0,1.0,1.0,0.0
FL-28,FL,FL-28,25.13,-81.2,REP,Carlos Gimenez,False,False,,-22.36008443443448,6.356099432828282,-17.64899870551015,6.976044357811911,0.005704043314477714,0.9942959566855223,0.0,0.0,0,,,,,,,,-29.131946258802422,,,0.0,0.0,1.0,0.0
GA-01,GA,GA-1,31.42,-81.81,REP,"Earl L. ""Buddy"" Carter",True,False,,-17.971493090591714,6.356099432828282,-13.260407361667383,6.976044357811911,0.028660892957291795,0.9713391070427082,0.0,0.0,0,,,,,,,,-23.968897618987405,,,1.0,0.0,1.0,0.0
GA-02,GA,GA-2,31.77,-84.4,DEM,Sanford Bishop,False,False,,13.160995456985756,6.356099432828282,17.872081185910087,6.976044357811911,0.9947952646064236,0.005204735393576354,0.0,0.0,0,,,,,,,,12.657559495809616,,,0.0,0.0,1.0,0.0
GA-03,GA,GA-3,33.2,-84.77,REP,Brian Jack,False,False,,-25.317237520015997,6.356099432828282,-20.606151791091666,6.976044357811911,0.0015692093861373602,0.9984307906138626,0.0,0.0,0,,,,,,,,-32.610949888898325,,,0.0,0.0,1.0,0.0
GA-04,GA,GA-4,33.83,-84.19,DEM,"Henry 'Hank' Johnson, Jr.",False,False,,36.402069885547576,6.356099432828282,41.11315561447191,6.976044357811911,0.999999998109234,1.8907659882216876e-09,0.0,0.0,0,,,,,,,,51.16643207267908,,,0.0,0.0,1.0,0.0
GA-05,GA,GA-5,33.7,-84.38,DEM,Nikema Williams,False,False,,36.402069885547576,6.356099432828282,41.11315561447191,6.976044357811911,0.999999998109234,1.8907659882216876e-09,0.0,0.0,0,,,,,,,,71.35741116293414,,,0.0,0.0,1.0,0.0
GA-06,GA,GA-6,33.7,-84.59,DEM,Lucy McBath,False,False,,36.402069885547576,6.356099432828282,41.11315561447191,6.976044357811911,0.999999998109234,1.8907659882216876e-09,0.0,0.0,0,,,,,,,,49.36646753078698,,,0.0,0.0,1.0,0.0
GA-07,GA,GA-7,34.34,-84.14,REP,Rich McCormick,False,False,,-22.846072046842735,6.356099432828282,-18.134986317918404,6.976044357811911,0.004666504352880074,0.9953334956471199,0.0,0.0,0,,,,,,,,-29.70369639104743,,,0.0,0.0,1.0,0.0
GA-08,GA,GA-8,31.73,-83.3,REP,Austin Scott,False,False,,-29.756311094329263,6.356099432828282,-25.04522536540493,6.976044357811911,0.00016522753029069026,0.9998347724697093,0.0,0.0,0,,,,,,,,-37.8333893880904,,,0.0,0.0,1.0,0.0
GA-09,GA,GA-9,34.6,-83.82,REP,Andrew Clyde,False,False,,-29.90613548286918,6.356099432828282,-25.195049753944847,6.976044357811911,0.00015212589822000133,0.99984787410178,0.0,0.0,0,,,,,,,,-38.00965337460795,,,0.0,0.0,1.0,0.0
GA-10,GA,GA-10,33.72,-83.33,REP,Mike Collins,True,False,,-19.7860908949479,6.356099432828282,-15.075005166023569,6.976044357811911,0.015348924842127909,0.9846510751578721,0.0,0.0,0,,,,,,,,-26.1037185652888,,,1.0,0.0,1.0,0.0
GA-11,GA,GA-11,34.31,-84.7,REP,Barry Loudermilk,True,False,,-27.022580849150476,6.356099432828282,-22.311495120226144,6.976044357811911,0.0006911976516976726,0.9993088023483023,0.0,0.0,0,,,,,,,,-34.6172361584683,,,1.0,0.0,1.0,0.0
GA-12,GA,GA-12,32.77,-82.28,REP,Rick W. Allen,False,False,,-15.140609432052182,6.356099432828282,-10.429523703127852,6.976044357811911,0.06745091025529859,0.9325490897447014,0.0,0.0,0,,,,,,,,-20.63844625599972,,,0.0,0.0,1.0,0.0
GA-13,GA,GA-13,33.67,-84.09,DEM,David Scott,False,False,,36.402069885547576,6.356099432828282,41.11315561447191,6.976044357811911,0.999999998109234,1.8907659882216876e-09,0.0,0.0,0,,,,,,,,43.66835182534001,,,0.0,0.0,1.0,0.0
GA-14,GA,GA-14,34.47,-85.12,REP,Marjorie Taylor Greene,False,False,,-22.0248811066392,6.356099432828282,-17.313795377714868,6.976044357811911,0.0065343263051220735,0.9934656736948779,0.0,0.0,0,,,,,,,,-28.73758940257268,,,0.0,0.0,1.0,0.0
HI-01,HI,HI-1,21.33,-157.88,DEM,Ed Case,False,False,,36.402069885547576,6.356099432828282,41.11315561447191,6.976044357811911,0.999999998109234,1.8907659882216876e-09,0.0,0.0,0,,,,,,,,43.68312847207034,,,0.0,0.0,1.0,0.0
HI-02,HI,HI-2,21.02,-157.95,DEM,Jill Tokuda,False,False,,34.32427804202486,6.356099432828282,39.03536377094919,6.976044357811911,0.9999999890089032,1.0991096810464285e-08,0.0,0.0,0,,,,,,,,37.555539007620325,,,0.0,0.0,1.0,0.0
IA-01,IA,IA-1,41.46,-91.75,REP,Mariannette Miller-Meeks,False,False,tossup,-0.9024830634340684,4.705653698879759,3.808602665490262,5.514378624644861,0.7551127734167051,0.24488722658329487,0.0,0.0,0,,,,,,,,-0.1934104877381557,,,0.0,1.0,1.0,0.0
IA-02,IA,IA-2,42.68,-92.18,REP,Ashley Hinson,True,False,likely_rep,-12.143008644940215,3.672719778153187,-7.431922916015885,4.664125368276134,0.05553270605634053,0.9444672939436595,0.0,0.0,0,,,,,,,,-15.778505507591548,,,1.0,1.0,1.0,0.0
IA-03,IA,IA-3,41.14,-93.97,REP,Zach Nunn,False,False,tossup,-2.598474148560901,4.705653698879759,2.1126115803634296,5.514378624644861,0.649180761899472,0.35081923810052795,0.0,0.0,0,,,,,,,,-3.833785109835127,,,0.0,1.0,1.0,0.0
IA-04,IA,IA-4,42.47,-94.95,REP,Randy Feenstra,True,False,,-26.869684381323356,6.356099432828282,-22.158598652399025,6.976044357811911,0.0007456159786536354,0.9992543840213464,0.0,0.0,0,,,,,,,,-34.43735796102463,,,1.0,0.0,1.0,0.0
ID-01,ID,ID-1,45.31,-116.03,REP,Russ Fulcher,False,False,,-31.59793011445242,6.356099432828282,-26.88684438552809,6.976044357811911,5.806200695468444e-05,0.9999419379930453,0.0,0.0,0,,,,,,,,-47.22940594389655,,,0.0,0.0,1.0,0.0
ID-02,ID,ID-2,43.46,-113.36,REP,Mike Simpson,False,False,,-25.579080539059436,6.356099432828282,-20.867994810135105,6.976044357811911,0.0013886014306476735,0.9986113985693523,0.0,0.0,0,,,,,,,,-32.91900049953767,,,0.0,0.0,1.0,0.0
IL-01,IL,IL-1,41.41,-87.95,DEM,Jonathan L. Jackson,False,False,,29.351245457970183,6.356099432828282,34.06233118689451,6.976044357811911,0.9999994769368763,5.230631237029826e-07,0.0,0.0,0,,,,,,,,31.70491243814424,,,0.0,0.0,1.0,0.0
IL-02,IL,IL-2,40.77,-87.95,DEM,Robin Kelly,True,False,,32.25463095752952,6.356099432828282,36.96571668645385,6.976044357811911,0.9999999417650339,5.8234966071601946e-08,0.0,0.0,0,,,,,,,,35.12066008468464,,,1.0,0.0,1.0,0.0
IL-03,IL,IL-3,41.92,-88.06,DEM,Delia Ramirez,False,False,,31.79343748981528,6.356099432828282,36.50452321873961,6.976044357811911,0.9999999165373405,8.34626594503618e-08,0.0,0.0,0,,,,,,,,34.57807953443259,,,0.0,0.0,1.0,0.0
IL-04,IL,IL-4,41.83,-87.81,DEM,"Jesus ""Chuy"" Garcia",True,False,,36.402069885547576,6.356099432828282,41.11315561447191,6.976044357811911,0.999999998109234,1.8907659882216876e-09,0.0,0.0,0,,,,,,,,42.42944609692026,,,1.0,0.0,1.0,0.0
IL-05,IL,IL-5,42.08,-87.98,DEM,Mike Quigley,False,False,,34.653193647760595,6.356099432828282,39.36427937668493,6.976044357811911,0.9999999916336656,8.366334403042686e-09,0.0,0.0,0,,,,,,,,37.94249854378002,,,0.0,0.0,1.0,0.0
IL-06,IL,IL-6,41.74,-87.89,DEM,Sean Casten,False,False,,9.555872781653306,6.356099432828282,14.266958510577638,6.976044357811911,0.9795792673489949,0.02042073265100508,0.0,0.0,0,,,,,,,,8.416238701300855,,,0.0,0.0,1.0,0.0
IL-07,IL,IL-7,41.86,-87.75,DEM,Danny K. Davis,True,False,,36.402069885547576,6.356099432828282,41.11315561447191,6.976044357811911,0.999999998109234,1.8907659882216876e-09,0.0,0.0,0,,,,,,,,66.59400912339049,,,1.0,0.0,1.0,0.0
IL-08,IL,IL-8,42.03,-88.2,DEM,Raja Krishnamoorthi,True,False,,14.396523367052039,6.356099432828282,19.10760909597637,6.976044357811911,0.9969189817200781,0.00308101827992191,0.0,0.0,0,,,,,,,,14.111121742946423,,,1.0,0.0,1.0,0.0
IL-09,IL,IL-9,42.14,-88.0,DEM,Janice D. Schakowsky,True,False,,33.66383101508822,6.356099432828282,38.37491674401255,6.976044357811911,0.9999999811131827,1.888681733230868e-08,0.0,0.0,0,,,,,,,,36.77854250534193,,,1.0,0.0,1.0,0.0
IL-10,IL,IL-10,42.35,-88.05,DEM,Brad Schneider,False,False,,19.364786336921046,6.356099432828282,24.075872065845378,6.976044357811911,0.9997209719878193,0.0002790280121807154,0.0,0.0,0,,,,,,,,19.956137001615843,,,0.0,0.0,1.0,0.0
IL-11,IL,IL-11,42.07,-88.46,DEM,Bill Foster,False,False,,11.906945321972175,6.356099432828282,16.618031050896505,6.976044357811911,0.9913942149593225,0.00860578504067755,0.0,0.0,0,,,,,,,,11.182206395793642,,,0.0,0.0,1.0,0.0
IL-12,IL,IL-12,38.3,-88.77,REP,Mike Bost,False,False,,-31.59793011445242,6.356099432828282,-26.88684438552809,6.976044357811911,5.806200695468444e-05,0.9999419379930453,0.0,0.0,0,,,,,,,,-48.38546469402578,,,0.0,0.0,1.0,0.0
IL-13,IL,IL-13,39.43,-89.56,DEM,Nikki Budzinski,False,False,,16.1933751313138,6.356099432828282,20.90446086023813,6.976044357811911,0.9986349863422307,0.0013650136577693095,0.0,0.0,0,,,,,,,,16.225064995019082,,,0.0,0.0,1.0,0.0
IL-14,IL,IL-14,41.57,-88.74,DEM,Lauren Underwood,False,False,,11.07849895046002,6.356099432828282,15.789584679384351,6.976044357811911,0.9881945045767906,0.011805495423209411,0.0,0.0,0,,,,,,,,10.207563605779342,,,0.0,0.0,1.0,0.0
IL-15,IL,IL-15,39.82,-89.77,,Mary E. Miller,False,False,,-31.59793011445242,6.356099432828282,-26.88684438552809,6.976044357811911,5.806200695468444e-05,0.9999419379930453,0.0,0.0,0,,,,,,,,-100.0,,,0.0,0.0,1.0,0.0
IL-16,IL,IL-16,41.4,-89.32,,Darin LaHood,False,False,,-31.59793011445242,6.356099432828282,-26.88684438552809,6.976044357811911,5.806200695468444e-05,0.9999419379930453,0.0,0.0,0,,,,,,,,-100.0,,,0.0,0.0,1.0,0.0
IL-17,IL,IL-17,41.26,-90.03,DEM,Eric Sorensen,False,False,,9.926939782104155,6.356099432828282,14.638025511028484,6.976044357811911,0.9820618862662804,0.017938113733719563,0.0,0.0,0,,,,,,,,8.85278811359597,,,0.0,0.0,1.0,0.0
IN-01,IN,IN-1,41.51,-87.18,DEM,Frank J. Mrvan,False,False,lean_dem,3.763688661772463,4.159080142189835,8.474774390696794,5.056000643919778,0.9531486698049992,0.04685133019500076,0.0,0.0,0,,,,,,,,8.632760461446892,,,0.0,1.0,1.0,0.0
IN-02,IN,IN-2,41.21,-86.23,REP,Rudy Yakym,False,False,,-22.162310714849898,6.356099432828282,-17.451224985925567,6.976044357811911,0.006181795146814495,0.9938182048531855,0.0,0.0,0,,,,,,,,-28.89927129458527,,,0.0,0.0,1.0,0.0
IN-03,IN,IN-3,41.04,-85.21,REP,Marlin A. Stutzman,False,False,,-27.234398416484865,6.356099432828282,-22.523312687560534,6.976044357811911,0.0006218466920144827,0.9993781533079855,0.0,0.0,0,,,,,,,,-34.86643329650876,,,0.0,0.0,1.0,0.0
IN-04,IN,IN-4,40.33,-86.86,REP,Jim Baird,False,False,,-27.6889477500269,6.356099432828282,-22.97786202110257,6.976044357811911,0.0004941718892466085,0.9995058281107534,0.0,0.0,0,,,,,,,,-35.40119721832292,,,0.0,0.0,1.0,0.0
IN-05,IN,IN-5,40.28,-85.8,REP,Victoria Spartz,False,False,,-14.290191632135384,6.356099432828282,-9.579105903211055,6.976044357811911,0.08485396057627759,0.9151460394237224,0.0,0.0,0,,,,,,,,-19.63795472668584,,,0.0,0.0,1.0,0.0
IN-06,IN,IN-6,39.69,-85.52,REP,Jefferson Shreve,False,False,,-26.24639391567288,6.356099432828282,-21.535308186748548,6.976044357811911,0.001010811602444095,0.9989891883975559,0.0,0.0,0,,,,,,,,-33.70407506025936,,,0.0,0.0,1.0,0.0
IN-07,IN,IN-7,39.83,-86.14,DEM,Andr� Carson,False,False,,36.402069885547576,6.356099432828282,41.11315561447191,6.976044357811911,0.999999998109234,1.8907659882216876e-09,0.0,0.0,0,,,,,,,,40.48470611340023,,,0.0,0.0,1.0,0.0
IN-08,IN,IN-8,38.75,-87.14,REP,Mark Messmer,False,False,,-31.201364826999836,6.356099432828282,-26.490279098075504,6.976044357811911,7.313419044518987e-05,0.9999268658095548,0.0,0.0,0,,,,,,,,-39.53345260299696,,,0.0,0.0,1.0,0.0
IN-09,IN,IN-9,38.89,-85.77,REP,Erin Houchin,False,False,,-25.27138469450975,6.356099432828282,-20.560298965585417,6.976044357811911,0.0016029562786235019,0.9983970437213765,0.0,0.0,0,,,,,,,,-32.55700538830274,,,0.0,0.0,1.0,0.0
KS-01,KS,KS-1,38.78,-99.54,REP,"Mann, Tracey",False,False,,-30.13075894470158,6.356099432828282,-25.419673215777248,6.976044357811911,0.00013429394804564954,0.9998657060519544,0.0,0.0,0,,,,,,,,-38.273916270881365,,,0.0,0.0,1.0,0.0
KS-02,KS,KS-2,38.41,-95.73,REP,"Schmidt, Derek",False,False,,-14.437552755961853,6.356099432828282,-9.726467027037522,6.976044357811911,0.08161852663444868,0.9183814733655513,0.0,0.0,0,,,,,,,,-19.81132075471698,,,0.0,0.0,1.0,0.0
KS-03,KS,KS-3,38.56,-95.06,DEM,"Davids, Sharice",False,False,likely_dem,6.173453469431177,3.672719778153187,10.884539198355508,4.664125368276134,0.9901935507132809,0.009806449286719143,0.0,0.0,0,,,,,,,,11.20731452068005,,,0.0,1.0,1.0,0.0
KS-04,KS,KS-4,37.56,-97.76,REP,"Estes, Ron",False,False,,-23.182596630347366,6.356099432828282,-18.471510901423034,6.976044357811911,0.004050286944527692,0.9959497130554723,0.0,0.0,0,,,,,,,,-30.09960766575876,,,0.0,0.0,1.0,0.0
KY-01,KY,KY-1,37.11,-87.07,REP,James R Comer,False,False,,-31.59793011445242,6.356099432828282,-26.88684438552809,6.976044357811911,5.806200695468444e-05,0.9999419379930453,0.0,0.0,0,,,,,,,,-49.43193408484181,,,0.0,0.0,1.0,0.0
KY-02,KY,KY-2,37.47,-86.35,REP,S. Brett Guthrie ,False,False,,-31.59793011445242,6.356099432828282,-26.88684438552809,6.976044357811911,5.806200695468444e-05,0.9999419379930453,0.0,0.0,0,,,,,,,,-46.203466770756535,,,0.0,0.0,1.0,0.0
KY-03,KY,KY-3,38.19,-85.7,DEM,Morgan McGarvey,False,False,,22.72736204906764,6.356099432828282,27.43844777799197,6.976044357811911,0.9999580955349376,4.190446506235901e-05,0.0,0.0,0,,,,,,,,23.91210842767066,,,0.0,0.0,1.0,0.0
KY-04,KY,KY-4,38.53,-84.46,,Thomas Massie,False,False,,-31.59793011445242,6.356099432828282,-26.88684438552809,6.976044357811911,5.806200695468444e-05,0.9999419379930453,0.0,0.0,0,,,,,,,,-100.0,,,0.0,0.0,1.0,0.0
KY-05,KY,KY-5,37.39,-83.53,,Hal Rogers,False,False,,-31.59793011445242,6.356099432828282,-26.88684438552809,6.976044357811911,5.806200695468444e-05,0.9999419379930453,0.0,0.0,0,,,,,,,,-100.0,,,0.0,0.0,1.0,0.0
KY-06,KY,KY-6,38.0,-84.27,REP,Andy Barr,True,False,likely_rep,-15.064969064595388,3.672719778153187,-10.353883335671057,4.664125368276134,0.013212840633439749,0.9867871593665603,0.0,0.0,0,,,,,,,,-26.074331183820235,,,1.0,1.0,1.0,0.0
LA-01,LA,LA-1,29.77,-89.75,REP,Steve Scalise,False,False,,-31.59793011445242,6.356099432828282,-26.88684438552809,6.976044357811911,5.806200695468444e-05,0.9999419379930453,0.0,0.0,0,,,,,,,,-47.091481833886064,,,0.0,0.0,1.0,0.0
LA-02,LA,LA-2,30.07,-90.83,DEM,"Troy A. Carter, Sr.",False,False,,36.402069885547576,6.356099432828282,41.11315561447191,6.976044357811911,0.999999998109234,1.8907659882216876e-09,0.0,0.0,0,,,,,,,,63.09239973410149,,,0.0,0.0,1.0,0.0
LA-03,LA,LA-3,29.8,-92.0,REP,Clay Higgins,False,False,,-31.59793011445242,6.356099432828282,-26.88684438552809,6.976044357811911,5.806200695468444e-05,0.9999419379930453,0.0,0.0,0,,,,,,,,-58.17456739120557,,,0.0,0.0,1.0,0.0
LA-04,LA,LA-4,31.77,-93.05,,"""Mike"" Johnson",False,False,,-31.59793011445242,6.356099432828282,-26.88684438552809,6.976044357811911,5.806200695468444e-05,0.9999419379930453,0.0,0.0,0,,,,,,,,-100.0,,,0.0,0.0,1.0,0.0
LA-05,LA,LA-5,31.69,-91.41,REP,Julia Letlow,True,False,,-31.59793011445242,6.356099432828282,-26.88684438552809,6.976044357811911,5.806200695468444e-05,0.9999419379930453,0.0,0.0,0,,,,,,,,-41.56637959565944,,,1.0,0.0,1.0,0.0
LA-06,LA,LA-6,31.2,-92.44,DEM,Cleo Fields,False,False,,14.917562520821944,6.356099432828282,19.628648249746274,6.976044357811911,0.9975514207102587,0.002448579289741293,0.0,0.0,0,,,,,,,,14.724108982675723,,,0.0,0.0,1.0,0.0
MA-01,MA,MA-1,42.28,-72.8,,Richard E. Neal ,False,False,,36.402069885547576,6.356099432828282,41.11315561447191,6.976044357811911,0.999999998109234,1.8907659882216876e-09,0.0,0.0,0,,,,,,,,100.0,,,0.0,0.0,1.0,0.0
MA-02,MA,MA-2,42.43,-72.2,,James P. McGovern ,False,False,,36.402069885547576,6.356099432828282,41.11315561447191,6.976044357811911,0.999999998109234,1.8907659882216876e-09,0.0,0.0,0,,,,,,,,100.0,,,0.0,0.0,1.0,0.0
MA-03,MA,MA-3,42.59,-71.59,,Lori Loureiro Trahan ,False,False,,36.402069885547576,6.356099432828282,41.11315561447191,6.976044357811911,0.999999998109234,1.8907659882216876e-09,0.0,0.0,0,,,,,,,,100.0,,,0.0,0.0,1.0,0.0
MA-04,MA,MA-4,41.97,-71.23,,Jake Auchincloss ,False,False,,36.402069885547576,6.356099432828282,41.11315561447191,6.976044357811911,0.999999998109234,1.8907659882216876e-09,0.0,0.0,0,,,,,,,,100.0,,,0.0,0.0,1.0,0.0
MA-05,MA,MA-5,42.39,-71.26,,Katherine M. Clark ,False,False,,36.402069885547576,6.356099432828282,41.11315561447191,6.976044357811911,0.999999998109234,1.8907659882216876e-09,0.0,0.0,0,,,,,,,,100.0,,,0.0,0.0,1.0,0.0
MA-06,MA,MA-6,42.62,-70.89,,Seth W. Moulton ,True,False,,36.402069885547576,6.356099432828282,41.11315561447191,6.976044357811911,0.999999998109234,1.8907659882216876e-09,0.0,0.0,0,,,,,,,,100.0,,,1.0,0.0,1.0,0.0
MA-07,MA,MA-7,42.31,-71.08,,Ayanna S. Pressley ,False,False,,36.402069885547576,6.356099432828282,41.11315561447191,6.976044357811911,0.999999998109234,1.8907659882216876e-09,0.0,0.0,0,,,,,,,,100.0,,,0.0,0.0,1.0,0.0
MA-08,MA,MA-8,42.21,-70.97,DEM,Stephen F. Lynch ,False,False,,36.402069885547576,6.356099432828282,41.11315561447191,6.976044357811911,0.999999998109234,1.8907659882216876e-09,0.0,0.0,0,,,,,,,,41.16095407769831,,,0.0,0.0,1.0,0.0
MA-09,MA,MA-9,41.71,-70.49,DEM,Bill Keating ,False,False,,13.482791720285663,6.356099432828282,18.193877449209992,6.976044357811911,0.995447026844877,0.004552973155123041,0.0,0.0,0,,,,,,,,13.03614333498598,,,0.0,0.0,1.0,0.0
MD-01,MD,MD-1,38.75,-75.94,REP,Andy Harris,False,False,,-16.9493918390208,6.356099432828282,-12.23830611009647,6.976044357811911,0.03968671643841026,0.9603132835615897,0.0,0.0,0,,,,,,,,-22.766425558315746,,,0.0,0.0,1.0,0.0
MD-02,MD,MD-2,39.52,-76.84,DEM,"John ""Johnny O"" Olszewski, Jr.",False,False,,18.62026418366717,6.356099432828282,23.331349912591502,6.976044357811911,0.9995878383676717,0.0004121616323282673,0.0,0.0,0,,,,,,,,19.08022858602305,,,0.0,0.0,1.0,0.0
MD-03,MD,MD-3,39.17,-76.73,DEM,Sarah Elfreth,False,False,,21.138067018585453,6.356099432828282,25.849152747509784,6.976044357811911,0.999894478347423,0.00010552165257704527,0.0,0.0,0,,,,,,,,22.04234956827985,,,0.0,0.0,1.0,0.0
MD-04,MD,MD-4,38.92,-76.91,DEM,Glenn F. Ivey,False,False,,36.402069885547576,6.356099432828282,41.11315561447191,6.976044357811911,0.999999998109234,1.8907659882216876e-09,0.0,0.0,0,,,,,,,,77.44565821144234,,,0.0,0.0,1.0,0.0
MD-05,MD,MD-5,38.48,-76.71,DEM,Steny Hoyer,True,False,,32.85889022251752,6.356099432828282,37.569975951441855,6.976044357811911,0.9999999638923102,3.610768983808299e-08,0.0,0.0,0,,,,,,,,35.8315533376117,,,1.0,0.0,1.0,0.0
MD-06,MD,MD-6,39.52,-78.21,DEM,April McClain Delaney,False,False,,7.788963717281492,6.356099432828282,12.500049446205821,6.976044357811911,0.9634217812707272,0.036578218729272804,0.0,0.0,0,,,,,,,,6.337522154981073,,,0.0,0.0,1.0,0.0
MD-07,MD,MD-7,39.27,-76.56,DEM,Kweisi Mfume,False,False,,36.402069885547576,6.356099432828282,41.11315561447191,6.976044357811911,0.999999998109234,1.8907659882216876e-09,0.0,0.0,0,,,,,,,,64.76253148792844,,,0.0,0.0,1.0,0.0
MD-08,MD,MD-8,39.1,-77.12,DEM,Jamie Raskin,False,False,,36.402069885547576,6.356099432828282,41.11315561447191,6.976044357811911,0.999999998109234,1.8907659882216876e-09,0.0,0.0,0,,,,,,,,57.925724882542816,,,0.0,0.0,1.0,0.0
ME-01,ME,ME-1,43.85,-69.92,DEM,Chellie Pingree,False,False,,22.312297427619157,6.356099432828282,27.02338315654349,6.976044357811911,0.9999464111561793,5.3588843820673304e-05,0.0,0.0,0,,,,,,,,23.423797108319505,,,0.0,0.0,1.0,0.0
ME-02,ME,ME-2,45.5,-69.09,DEM,"Golden, Jared Forrest",True,False,likely_rep,-7.500965719884571,3.672719778153187,-2.789879990960241,4.664125368276134,0.27486753616419957,0.7251324638358004,0.0,0.0,0,,,,,,,,0.5782063822922439,,,1.0,1.0,1.0,0.0
MI-01,MI,MI-1,46.07,-86.23,REP,Jack Bergman,False,False,,-16.192006983889232,6.356099432828282,-11.480921254964901,6.976044357811911,0.0499061992059574,0.9500938007940426,0.0,0.0,0,,,,,,,,-21.875384552278604,,,0.0,0.0,1.0,0.0
MI-02,MI,MI-2,43.65,-85.72,REP,John R. Moolenaar,False,False,,-26.957976476903664,6.356099432828282,-22.246890747979332,6.976044357811911,0.0007137284086232709,0.9992862715913767,0.0,0.0,0,,,,,,,,-34.541231014648524,,,0.0,0.0,1.0,0.0
MI-03,MI,MI-3,42.98,-86.3,DEM,Hillary Scholten,False,False,likely_dem,5.873221225248301,3.672719778153187,10.584306954172632,4.664125368276134,0.9883750029974607,0.011624997002539272,0.0,0.0,0,,,,,,,,10.149415574583236,,,0.0,1.0,1.0,0.0
MI-04,MI,MI-4,42.47,-86.15,REP,Bill Huizenga,False,False,likely_rep,-11.040359108284948,3.672719778153187,-6.329273379360617,4.664125368276134,0.08738872317268265,0.9126112768273174,0.0,0.0,0,,,,,,,,-11.893207358098913,,,0.0,1.0,1.0,0.0
MI-05,MI,MI-5,42.0,-85.15,REP,Tim Walberg,False,False,,-26.022689158509746,6.356099432828282,-21.311603429585414,6.976044357811911,0.0011254166848150282,0.998874583315185,0.0,0.0,0,,,,,,,,-33.44089299300862,,,0.0,0.0,1.0,0.0
MI-06,MI,MI-6,42.25,-83.71,DEM,Debbie Dingell,False,False,,26.077300661774228,6.356099432828282,30.78838639069856,6.976044357811911,0.9999949130656061,5.086934393938591e-06,0.0,0.0,0,,,,,,,,27.853212677913703,,,0.0,0.0,1.0,0.0
MI-07,MI,MI-7,42.73,-84.34,REP,Tom Barrett,False,False,tossup,-2.6007774065668086,4.705653698879759,2.110308322357522,5.514378624644861,0.649025908958391,0.35097409104160904,0.0,0.0,0,,,,,,,,-3.838728957751769,,,0.0,1.0,1.0,0.0
MI-08,MI,MI-8,43.39,-83.97,DEM,Kristen Mcdonald Rivet,False,False,lean_dem,3.1423074647069558,4.159080142189835,7.853393193631286,5.056000643919778,0.9398220729530287,0.060177927046971336,0.0,0.0,0,,,,,,,,6.925397055606226,,,0.0,1.0,1.0,0.0
MI-09,MI,MI-9,43.42,-82.93,REP,Lisa Mcclain,False,False,,-30.497098354489147,6.356099432828282,-25.786012625564815,6.976044357811911,0.00010935384016996785,0.99989064615983,0.0,0.0,0,,,,,,,,-38.70490381180792,,,0.0,0.0,1.0,0.0
MI-10,MI,MI-10,42.59,-83.0,REP,John James,True,False,tossup,-3.7838661933652005,4.705653698879759,0.92721953555913,5.514378624644861,0.5667657054938376,0.43323429450616235,0.0,0.0,0,,,,,,,,-6.378180039138954,,,1.0,1.0,1.0,0.0
MI-11,MI,MI-11,42.58,-83.34,DEM,Haley Stevens,True,False,,18.569084937622826,6.356099432828282,23.280170666547157,6.976044357811911,0.999576802753945,0.000423197246054996,0.0,0.0,0,,,,,,,,19.02001770832382,,,1.0,0.0,1.0,0.0
MI-12,MI,MI-12,42.39,-83.29,DEM,Rashida Tlaib,False,False,,36.402069885547576,6.356099432828282,41.11315561447191,6.976044357811911,0.999999998109234,1.8907659882216876e-09,0.0,0.0,0,,,,,,,,46.51345693434034,,,0.0,0.0,1.0,0.0
MI-13,MI,MI-13,42.32,-83.11,DEM,Shri Thanedar,False,False,,36.402069885547576,6.356099432828282,41.11315561447191,6.976044357811911,0.999999998109234,1.8907659882216876e-09,0.0,0.0,0,,,,,,,,47.33688126657881,,,0.0,0.0,1.0,0.0
MN-01,MN,MN-1,43.91,-93.53,REP,Brad Finstad,False,False,,-12.14081860755082,6.356099432828282,-7.429732878626489,6.976044357811911,0.1434299978985485,0.8565700021014515,0.0,0.0,0,,,,,,,,-17.109280580115765,,,0.0,0.0,1.0,0.0
MN-02,MN,MN-2,44.55,-93.37,DEM,Angie Craig,True,False,likely_dem,6.903174525761436,3.672719778153187,11.614260254685767,4.664125368276134,0.9936151108137276,0.006384889186272447,0.0,0.0,0,,,,,,,,13.778561118584491,,,1.0,1.0,1.0,0.0
MN-03,MN,MN-3,45.02,-93.51,DEM,Kelly Morrison,False,False,,16.846663150629066,6.356099432828282,21.557748879553397,6.976044357811911,0.9990000729937228,0.000999927006277157,0.0,0.0,0,,,,,,,,16.993639135389984,,,0.0,0.0,1.0,0.0
MN-04,MN,MN-4,45.0,-92.99,DEM,Betty McCollum,False,False,,31.924959847258922,6.356099432828282,36.63604557618325,6.976044357811911,0.9999999246463799,7.535362012145441e-08,0.0,0.0,0,,,,,,,,34.732811719660404,,,0.0,0.0,1.0,0.0
MN-05,MN,MN-5,44.98,-93.29,DEM,Ilhan Omar,False,False,,36.402069885547576,6.356099432828282,41.11315561447191,6.976044357811911,0.999999998109234,1.8907659882216876e-09,0.0,0.0,0,,,,,,,,50.3494308610656,,,0.0,0.0,1.0,0.0
MN-06,MN,MN-6,45.3,-93.83,REP,Tom Emmer,False,False,,-18.90438479082903,6.356099432828282,-14.1932990619047,6.976044357811911,0.020946729240151396,0.9790532707598486,0.0,0.0,0,,,,,,,,-25.066417266325423,,,0.0,0.0,1.0,0.0
MN-07,MN,MN-7,46.21,-95.68,REP,Michelle Fischbach,False,False,,-31.59793011445242,6.356099432828282,-26.88684438552809,6.976044357811911,5.806200695468444e-05,0.9999419379930453,0.0,0.0,0,,,,,,,,-41.04804948766525,,,0.0,0.0,1.0,0.0
MN-08,MN,MN-8,47.4,-93.23,REP,Pete Stauber,False,False,,-11.274305042637556,6.356099432828282,-6.563219313713225,6.976044357811911,0.17339792082877037,0.8266020791712296,0.0,0.0,0,,,,,,,,-16.089852856688395,,,0.0,0.0,1.0,0.0
MO-01,MO,MO-1,38.72,-90.31,DEM,Wesley Bell,False,False,,36.402069885547576,6.356099432828282,41.11315561447191,6.976044357811911,0.999999998109234,1.8907659882216876e-09,0.0,0.0,0,,,,,,,,61.03532172622644,,,0.0,0.0,1.0,0.0
MO-02,MO,MO-2,38.53,-90.96,REP,Ann Wagner,False,False,,-8.110517358736415,6.356099432828282,-3.399431629812084,6.976044357811911,0.31302260905480317,0.6869773909451968,0.0,0.0,0,,,,,,,,-12.367749699157642,,,0.0,0.0,1.0,0.0
MO-03,MO,MO-3,38.47,-91.74,REP,Bob Onder,False,False,,-20.48447693472503,6.356099432828282,-15.7733912058007,6.976044357811911,0.011877165876369111,0.9881228341236309,0.0,0.0,0,,,,,,,,-26.92534920032072,,,0.0,0.0,1.0,0.0
MO-04,MO,MO-4,38.23,-93.47,REP,Mark Alford,False,False,,-31.59793011445242,6.356099432828282,-26.88684438552809,6.976044357811911,5.806200695468444e-05,0.9999419379930453,0.0,0.0,0,,,,,,,,-45.817412625472,,,0.0,0.0,1.0,0.0
MO-05,MO,MO-5,39.03,-94.46,DEM,Emanuel Cleaver II,False,False,,23.315296026788065,6.356099432828282,28.026381755712396,6.976044357811911,0.9999705927918454,2.9407208154585973e-05,0.0,0.0,0,,,,,,,,24.603795460282925,,,0.0,0.0,1.0,0.0
MO-06,MO,MO-6,39.87,-93.18,REP,Sam Graves,True,False,,-31.59793011445242,6.356099432828282,-26.88684438552809,6.976044357811911,5.806200695468444e-05,0.9999419379930453,0.0,0.0,0,,,,,,,,-44.84078763766047,,,1.0,0.0,1.0,0.0
MO-07,MO,MO-7,36.92,-93.71,REP,Eric Burlison,False,False,,-31.59793011445242,6.356099432828282,-26.88684438552809,6.976044357811911,5.806200695468444e-05,0.9999419379930453,0.0,0.0,0,,,,,,,,-46.2857682710636,,,0.0,0.0,1.0,0.0
MO-08,MO,MO-8,37.12,-90.92,REP,Jason Smith,False,False,,-31.59793011445242,6.356099432828282,-26.88684438552809,6.976044357811911,5.806200695468444e-05,0.9999419379930453,0.0,0.0,0,,,,,,,,-55.488996784160406,,,0.0,0.0,1.0,0.0
MS-01,MS,MS-1,34.26,-89.0,REP,Trent Kelly,False,False,,-31.27352005594221,6.356099432828282,-26.56243432701788,6.976044357811911,7.014279600447981e-05,0.9999298572039955,0.0,0.0,0,,,,,,,,-39.61834110763505,,,0.0,0.0,1.0,0.0
MS-02,MS,MS-2,32.94,-90.45,DEM,Bennie G. Thompson,False,False,,22.827898131858255,6.356099432828282,27.538983860782587,6.976044357811911,0.9999605390205951,3.946097940488169e-05,0.0,0.0,0,,,,,,,,24.030386172130207,,,0.0,0.0,1.0,0.0
MS-03,MS,MS-3,32.18,-89.41,,Michael Guest,False,False,,-31.59793011445242,6.356099432828282,-26.88684438552809,6.976044357811911,5.806200695468444e-05,0.9999419379930453,0.0,0.0,0,,,,,,,,-100.0,,,0.0,0.0,1.0,0.0
MS-04,MS,MS-4,30.94,-89.04,REP,Mike Ezell,False,False,,-31.59793011445242,6.356099432828282,-26.88684438552809,6.976044357811911,5.806200695468444e-05,0.9999419379930453,0.0,0.0,0,,,,,,,,-47.89972014604663,,,0.0,0.0,1.0,0.0
MT-01,MT,MT-1,46.92,-113.48,REP,Ryan Zinke,True,False,likely_rep,-9.913750441692391,3.672719778153187,-5.202664712768061,4.664125368276134,0.13232578305563658,0.8676742169443634,0.0,0.0,0,,,,,,,,-7.923486769640611,,,1.0,1.0,1.0,0.0
MT-02,MT,MT-2,47.07,-108.15,REP,Troy Downing,False,False,,-24.78084034690085,6.356099432828282,-20.069754617976518,6.976044357811911,0.0020076743620193183,0.9979923256379807,0.0,0.0,0,,,,,,,,-31.9798943911158,,,0.0,0.0,1.0,0.0
NC-01,NC,NC-1,36.04,-77.18,DEM,Don Davis,False,False,lean_rep,-3.326287369695717,4.159080142189835,1.3847983592286135,5.056000643919778,0.6079162077103089,0.39208379228969115,0.0,0.0,0,,,,,,,,1.7214602524735554,,,0.0,1.0,1.0,0.0
NC-02,NC,NC-2,35.82,-78.6,DEM,Deborah K. Ross,False,False,,32.496695741716266,6.356099432828282,37.2077814706406,6.976044357811911,0.9999999518711059,4.812889409233634e-08,0.0,0.0,0,,,,,,,,35.40544218372787,,,0.0,0.0,1.0,0.0
NC-03,NC,NC-3,35.21,-76.85,,Greg Murphy,False,False,,-31.59793011445242,6.356099432828282,-26.88684438552809,6.976044357811911,5.806200695468444e-05,0.9999419379930453,0.0,0.0,0,,,,,,,,-100.0,,,0.0,0.0,1.0,0.0
NC-04,NC,NC-4,35.94,-79.02,DEM,Valerie P. Foushee,False,False,,36.402069885547576,6.356099432828282,41.11315561447191,6.976044357811911,0.999999998109234,1.8907659882216876e-09,0.0,0.0,0,,,,,,,,46.64546778754152,,,0.0,0.0,1.0,0.0
NC-05,NC,NC-5,36.27,-80.87,REP,Virginia Foxx,False,False,,-13.701715047593424,6.356099432828282,-8.990629318669093,6.976044357811911,0.09873622194110665,0.9012637780588934,0.0,0.0,0,,,,,,,,-18.945629333107064,,,0.0,0.0,1.0,0.0
NC-06,NC,NC-6,35.79,-80.37,,Addison McDowell,False,False,,-31.59793011445242,6.356099432828282,-26.88684438552809,6.976044357811911,5.806200695468444e-05,0.9999419379930453,0.0,0.0,0,,,,,,,,-100.0,,,0.0,0.0,1.0,0.0
NC-07,NC,NC-7,34.46,-78.4,REP,David Rouzer,False,False,,-12.206588258911674,6.356099432828282,-7.495502529987344,6.976044357811911,0.14130757818369022,0.8586924218163098,0.0,0.0,0,,,,,,,,-17.1866566405403,,,0.0,0.0,1.0,0.0
NC-08,NC,NC-8,35.04,-79.98,REP,Mark Harris,False,False,,-13.931516560278434,6.356099432828282,-9.220430831354104,6.976044357811911,0.09312942619477382,0.9068705738052262,0.0,0.0,0,,,,,,,,-19.21598405391296,,,0.0,0.0,1.0,0.0
NC-09,NC,NC-9,35.59,-79.5,REP,Richard Hudson,False,False,,-14.358404787715571,6.356099432828282,-9.64731905879124,6.976044357811911,0.08334452721109942,0.9166554727889006,0.0,0.0,0,,,,,,,,-19.71820549795665,,,0.0,0.0,1.0,0.0
NC-10,NC,NC-10,35.83,-80.89,REP,Pat Harrigan,False,False,,-14.727134604723409,6.356099432828282,-10.016048875799079,6.976044357811911,0.07553280459863831,0.9244671954013617,0.0,0.0,0,,,,,,,,-20.15200528267175,,,0.0,0.0,1.0,0.0
NC-11,NC,NC-11,35.49,-82.93,REP,Chuck Edwards,False,False,likely_rep,-11.508073064552976,3.672719778153187,-6.796987335628645,4.664125368276134,0.07251805240476739,0.9274819475952326,0.0,0.0,0,,,,,,,,-13.54124520545728,,,0.0,1.0,1.0,0.0
NC-12,NC,NC-12,35.24,-80.81,DEM,Alma S. Adams,False,False,,36.402069885547576,6.356099432828282,41.11315561447191,6.976044357811911,0.999999998109234,1.8907659882216876e-09,0.0,0.0,0,,,,,,,,48.038944562443874,,,0.0,0.0,1.0,0.0
NC-13,NC,NC-13,35.89,-78.72,REP,Brad Knott,False,False,,-12.2907025036796,6.356099432828282,-7.57961677475527,6.976044357811911,0.13862433834617383,0.8613756616538262,0.0,0.0,0,,,,,,,,-17.28561457556139,,,0.0,0.0,1.0,0.0
NC-14,NC,NC-14,35.43,-81.6,REP,Tim Moore,False,False,,-11.307457199405663,6.356099432828282,-6.5963714704813325,6.976044357811911,0.17218276140966793,0.8278172385903321,0.0,0.0,0,,,,,,,,-16.12885539406264,,,0.0,0.0,1.0,0.0
ND-AL,ND,ND-AL,47.45,-100.47,REP,Julie  Fedorchak,False,False,,-30.776518685944772,6.356099432828282,-26.06543295702044,6.976044357811911,9.332932968086904e-05,0.9999066706703191,0.0,0.0,0,,,,,,,,-39.033633613520415,,,0.0,0.0,1.0,0.0
NE-01,NE,NE-1,41.38,-96.98,REP,Mike Flood,False,False,,-14.774872147478433,6.356099432828282,-10.063786418554102,6.976044357811911,0.07456366590580443,0.9254363340941956,0.0,0.0,0,,,,,,,,-20.208167097677663,,,0.0,0.0,1.0,0.0
NE-02,NE,NE-2,41.23,-96.45,REP,Don Bacon,True,False,lean_dem,-0.05252813323655422,4.159080142189835,4.6585575956877765,5.056000643919778,0.8215770489961063,0.17842295100389371,0.0,0.0,0,,,,,,,,-1.853023362272588,,,1.0,1.0,1.0,0.0
NE-03,NE,NE-3,41.55,-100.1,REP,Adrian Smith,False,False,,-31.59793011445242,6.356099432828282,-26.88684438552809,6.976044357811911,5.806200695468444e-05,0.9999419379930453,0.0,0.0,0,,,,,,,,-60.83668023040744,,,0.0,0.0,1.0,0.0
NH-01,NH,NH-1,43.41,-71.19,DEM,Chris Pappas,True,False,lean_dem,3.558588687923896,4.159080142189835,8.269674416848225,5.056000643919778,0.9490399867448054,0.050960013255194614,0.0,0.0,0,,,,,,,,8.069209147790062,,,1.0,1.0,1.0,0.0
NH-02,NH,NH-2,43.77,-71.71,DEM,Maggie Goodlander,False,False,likely_dem,4.685948291281078,3.672719778153187,9.397034020205409,4.664125368276134,0.9780344336007383,0.021965566399261727,0.0,0.0,0,,,,,,,,5.96593825024847,,,0.0,1.0,1.0,0.0
NJ-01,NJ,NJ-1,39.78,-75.01,DEM,Donald Norcross,False,False,,17.904790739006554,6.356099432828282,22.615876467930885,6.976044357811911,0.9994063927550385,0.0005936072449614915,0.0,0.0,0,,,,,,,,18.23849512171644,,,0.0,0.0,1.0,0.0
NJ-02,NJ,NJ-2,39.42,-74.86,REP,Jeff van Drew,False,False,,-12.068264447615057,6.356099432828282,-7.357178718690727,6.976044357811911,0.14579620479249644,0.8542037952075036,0.0,0.0,0,,,,,,,,-17.02392274489722,,,0.0,0.0,1.0,0.0
NJ-03,NJ,NJ-3,39.97,-74.61,DEM,Herb Conaway,False,False,,9.856684839462647,6.356099432828282,14.567770568386976,6.976044357811911,0.9816126522713327,0.018387347728667347,0.0,0.0,0,,,,,,,,8.770135239900078,,,0.0,0.0,1.0,0.0
NJ-04,NJ,NJ-4,40.07,-74.24,REP,Christopher H. Smith,False,False,,-28.26001665451466,6.356099432828282,-23.54893092559033,6.976044357811911,0.0003681603450439441,0.9996318396549561,0.0,0.0,0,,,,,,,,-36.07304298830852,,,0.0,0.0,1.0,0.0
NJ-05,NJ,NJ-5,41.12,-74.44,DEM,Josh Gottheimer,False,False,,12.200435183182243,6.356099432828282,16.911520912106575,6.976044357811911,0.9923295112170013,0.007670488782998697,0.0,0.0,0,,,,,,,,11.527488585452543,,,0.0,0.0,1.0,0.0
NJ-06,NJ,NJ-6,40.42,-74.13,DEM,Frank Pallone Jr,False,False,,16.265946877562442,6.356099432828282,20.977032606486773,6.976044357811911,0.9986808430023262,0.0013191569976738204,0.0,0.0,0,,,,,,,,16.310443520017486,,,0.0,0.0,1.0,0.0
NJ-07,NJ,NJ-7,40.74,-74.83,REP,Thomas H. Kean Jr,False,False,tossup,-3.3770936265594327,4.705653698879759,1.3339921023648977,5.514378624644861,0.5955756654470649,0.40442433455293514,0.0,0.0,0,,,,,,,,-5.505059571613487,,,0.0,1.0,1.0,0.0
NJ-08,NJ,NJ-8,40.71,-74.1,DEM,Rob Menendez,False,False,,24.635446197943974,6.356099432828282,29.346531926868305,6.976044357811911,0.9999870469977059,1.2953002294091576e-05,0.0,0.0,0,,,,,,,,26.15691330870164,,,0.0,0.0,1.0,0.0
NJ-09,NJ,NJ-9,40.9,-74.14,DEM,Nellie Pou,False,False,lean_dem,2.4638913915320013,4.159080142189835,7.174977120456331,5.056000643919778,0.9220652584759748,0.07793474152402524,0.0,0.0,0,,,,,,,,5.061319444723949,,,0.0,1.0,1.0,0.0
NJ-10,NJ,NJ-10,40.73,-74.22,,Lamonica Mciver,False,False,,36.402069885547576,6.356099432828282,41.11315561447191,6.976044357811911,0.999999998109234,1.8907659882216876e-09,0.0,0.0,0,,,,,,,,100.0,,,0.0,0.0,1.0,0.0
NJ-11,NJ,NJ-11,40.88,-74.41,DEM,Mikie Sherrill,False,False,,15.142442206600236,6.356099432828282,19.853527935524568,6.976044357811911,0.9977860969667168,0.002213903033283171,0.0,0.0,0,,,,,,,,14.988673318885477,,,0.0,0.0,1.0,0.0
NJ-12,NJ,NJ-12,40.39,-74.58,DEM,Bonnie Watson Coleman,True,False,,23.956720896553872,6.356099432828282,28.667806625478203,6.976044357811911,0.9999801711162754,1.9828883724648527e-05,0.0,0.0,0,,,,,,,,25.35841295412505,,,1.0,0.0,1.0,0.0
NM-01,NM,NM-1,34.28,-105.24,DEM,Melanie Ann Stansbury,False,False,,13.228782727889937,6.356099432828282,17.939868456814267,6.976044357811911,0.994939082803154,0.005060917196845982,0.0,0.0,0,,,,,,,,12.737309226285127,,,0.0,0.0,1.0,0.0
NM-02,NM,NM-2,33.2,-107.01,DEM,Gabriel Vasquez,False,False,lean_dem,2.1345974867064412,4.159080142189835,6.845683215630771,5.056000643919778,0.9121273417609129,0.08787265823908708,0.0,0.0,0,,,,,,,,4.15652160803262,,,0.0,1.0,1.0,0.0
NM-03,NM,NM-3,35.64,-105.51,DEM,Teresa Leger Fernandez,False,False,,13.08707857058747,6.356099432828282,17.7981642995118,6.976044357811911,0.9946343073806829,0.005365692619317075,0.0,0.0,0,,,,,,,,12.570598452988108,,,0.0,0.0,1.0,0.0
NV-01,NV,NV-1,35.85,-114.95,DEM,Dina Titus,False,False,likely_dem,5.200559184007398,3.672719778153187,9.911644912931727,4.664125368276134,0.9832100790210885,0.01678992097891152,0.0,0.0,0,,,,,,,,7.779222238271785,,,0.0,1.0,1.0,0.0
NV-02,NV,NV-2,40.48,-116.99,,Mark E. Amodei,True,False,,-31.59793011445242,6.356099432828282,-26.88684438552809,6.976044357811911,5.806200695468444e-05,0.9999419379930453,0.0,0.0,0,,,,,,,,-100.0,,,1.0,0.0,1.0,0.0
NV-03,NV,NV-3,35.7,-115.2,DEM,Susie Lee,False,False,lean_dem,1.620685126498677,4.159080142189835,6.331770855423008,5.056000643919778,0.8947748034545331,0.10522519654546691,0.0,0.0,0,,,,,,,,2.744449337787465,,,0.0,1.0,1.0,0.0
NV-04,NV,NV-4,37.79,-116.21,DEM,Steven Horsford,False,False,likely_dem,5.353371557515357,3.672719778153187,10.064457286439687,4.664125368276134,0.9845300382345568,0.01546996176544324,0.0,0.0,0,,,,,,,,8.317672228294022,,,0.0,1.0,1.0,0.0
NY-01,NY,NY-1,41.0,-72.56,REP,Nicholas J. LaLota,False,False,likely_rep,-10.625117621714141,3.672719778153187,-5.914031892789811,4.664125368276134,0.1024020025069996,0.8975979974930004,0.0,0.0,0,,,,,,,,-10.430061611663504,,,0.0,1.0,1.0,0.0
NY-02,NY,NY-2,40.7,-73.17,REP,Andrew R. Garbarino,False,False,,-14.204836961116408,6.356099432828282,-9.493751232192079,6.976044357811911,0.08677145825003763,0.9132285417499624,0.0,0.0,0,,,,,,,,-19.537537466663515,,,0.0,0.0,1.0,0.0
NY-03,NY,NY-3,40.84,-73.58,DEM,Thomas R. Suozzi,False,False,lean_dem,1.9233794216844429,4.159080142189835,6.634465150608773,5.056000643919778,0.905273038780267,0.09472696121973301,0.0,0.0,0,,,,,,,,3.5761596714724178,,,0.0,1.0,1.0,0.0
NY-04,NY,NY-4,40.63,-73.61,DEM,Laura A. Gillen,False,False,lean_dem,1.456981072926272,4.159080142189835,6.168066801850602,5.056000643919778,0.8887580407270808,0.11124195927291924,0.0,0.0,0,,,,,,,,2.294641213922013,,,0.0,1.0,1.0,0.0
NY-05,NY,NY-5,40.6,-73.84,DEM,Gregory W. Meeks,False,False,,36.402069885547576,6.356099432828282,41.11315561447191,6.976044357811911,0.999999998109234,1.8907659882216876e-09,0.0,0.0,0,,,,,,,,45.85155485507937,,,0.0,0.0,1.0,0.0
NY-06,NY,NY-6,40.74,-73.83,DEM,Grace Meng,False,False,,22.323153864106242,6.356099432828282,27.034239593030573,6.976044357811911,0.9999467525045524,5.3247495447550364e-05,0.0,0.0,0,,,,,,,,23.436569386539603,,,0.0,0.0,1.0,0.0
NY-07,NY,NY-7,40.71,-73.92,DEM,Nydia M. Velazquez,True,False,,36.402069885547576,6.356099432828282,41.11315561447191,6.976044357811911,0.999999998109234,1.8907659882216876e-09,0.0,0.0,0,,,,,,,,56.2129910048366,,,1.0,0.0,1.0,0.0
NY-08,NY,NY-8,40.61,-73.92,DEM,Hakeem S. Jeffries,False,False,,36.402069885547576,6.356099432828282,41.11315561447191,6.976044357811911,0.999999998109234,1.8907659882216876e-09,0.0,0.0,0,,,,,,,,50.773220158008776,,,0.0,0.0,1.0,0.0
NY-09,NY,NY-9,40.64,-73.95,DEM,Yvette D. Clarke,False,False,,36.402069885547576,6.356099432828282,41.11315561447191,6.976044357811911,0.999999998109234,1.8907659882216876e-09,0.0,0.0,0,,,,,,,,48.50281432325493,,,0.0,0.0,1.0,0.0
NY-10,NY,NY-10,40.68,-74.0,DEM,Daniel Goldman,False,False,,36.402069885547576,6.356099432828282,41.11315561447191,6.976044357811911,0.999999998109234,1.8907659882216876e-09,0.0,0.0,0,,,,,,,,69.18703155960142,,,0.0,0.0,1.0,0.0
NY-11,NY,NY-11,40.57,-74.13,REP,Nicole Malliotakis,False,False,,-21.5678746835684,6.356099432828282,-16.85678895464407,6.976044357811911,0.007837800195346523,0.9921621998046535,0.0,0.0,0,,,,,,,,-28.199934787195275,,,0.0,0.0,1.0,0.0
NY-12,NY,NY-12,40.77,-73.98,DEM,Jerrold L. Nadler,True,False,,36.402069885547576,6.356099432828282,41.11315561447191,6.976044357811911,0.999999998109234,1.8907659882216876e-09,0.0,0.0,0,,,,,,,,61.01610996614616,,,1.0,0.0,1.0,0.0
NY-13,NY,NY-13,40.83,-73.93,DEM,Adriano Espaillat,False,False,,36.402069885547576,6.356099432828282,41.11315561447191,6.976044357811911,0.999999998109234,1.8907659882216876e-09,0.0,0.0,0,,,,,,,,67.07869608771173,,,0.0,0.0,1.0,0.0
NY-14,NY,NY-14,40.82,-73.84,DEM,Alexandria Ocasio-Cortez,False,False,,35.03669489597554,6.356099432828282,39.747780624899875,6.976044357811911,0.9999999939301774,6.069822644505507e-09,0.0,0.0,0,,,,,,,,38.39367648285643,,,0.0,0.0,1.0,0.0
NY-15,NY,NY-15,40.87,-73.89,DEM,Ritchie Torres,False,False,,36.402069885547576,6.356099432828282,41.11315561447191,6.976044357811911,0.999999998109234,1.8907659882216876e-09,0.0,0.0,0,,,,,,,,56.71927020107932,,,0.0,0.0,1.0,0.0
NY-16,NY,NY-16,40.98,-73.78,DEM,George S. Latimer,False,False,,36.402069885547576,6.356099432828282,41.11315561447191,6.976044357811911,0.999999998109234,1.8907659882216876e-09,0.0,0.0,0,,,,,,,,43.16683986898013,,,0.0,0.0,1.0,0.0
NY-17,NY,NY-17,41.31,-73.8,REP,Mike Lawler,False,False,tossup,-3.8133797447405664,4.705653698879759,0.897705984183764,5.514378624644861,0.5646595573817863,0.4353404426182137,0.0,0.0,0,,,,,,,,-6.441529654816208,,,0.0,1.0,1.0,0.0
NY-18,NY,NY-18,41.64,-74.05,DEM,Pat Ryan,False,False,,14.59869638491954,6.356099432828282,19.30978211384387,6.976044357811911,0.9971800405006835,0.00281995949931646,0.0,0.0,0,,,,,,,,14.348972352202304,,,0.0,0.0,1.0,0.0
NY-19,NY,NY-19,42.26,-74.91,DEM,Josh Riley,False,False,lean_dem,1.4287537903834007,4.159080142189835,6.139839519307731,5.056000643919778,0.8876961637050265,0.11230383629497354,0.0,0.0,0,,,,,,,,2.217081369035135,,,0.0,1.0,1.0,0.0
NY-20,NY,NY-20,42.78,-73.9,DEM,Paul D. Tonko,False,False,,21.32523619790507,6.356099432828282,26.0363219268294,6.976044357811911,0.9999051104341503,9.488956584968733e-05,0.0,0.0,0,,,,,,,,22.26254860277352,,,0.0,0.0,1.0,0.0
NY-21,NY,NY-21,43.89,-74.51,REP,Elise M. Stefanik,True,False,,-17.979068492895948,6.356099432828282,-13.267982763971617,6.976044357811911,0.028589827919395128,0.9714101720806049,0.0,0.0,0,,,,,,,,-23.977809856992387,,,1.0,0.0,1.0,0.0
NY-22,NY,NY-22,42.91,-75.99,DEM,John W. Mannion,False,False,,10.156054997321512,6.356099432828282,14.867140726245843,6.976044357811911,0.9834624554425082,0.01653754455749179,0.0,0.0,0,,,,,,,,9.122335425616392,,,0.0,0.0,1.0,0.0
NY-23,NY,NY-23,42.32,-78.22,REP,Nicholas A. Langworthy,False,False,,-24.448044402906888,6.356099432828282,-19.736958673982556,6.976044357811911,0.002332877322224758,0.9976671226777752,0.0,0.0,0,,,,,,,,-31.588369751122904,,,0.0,0.0,1.0,0.0
NY-24,NY,NY-24,43.25,-77.24,REP,Claudia Tenney,False,False,,-24.232607605654696,6.356099432828282,-19.521521876730365,6.976044357811911,0.0025680977589886966,0.9974319022410113,0.0,0.0,0,,,,,,,,-31.33491469553209,,,0.0,0.0,1.0,0.0
NY-25,NY,NY-25,43.3,-77.67,DEM,Joseph D. Morelle,False,False,,20.79511037171457,6.356099432828282,25.506196100638903,6.976044357811911,0.9998720365416549,0.00012796345834509282,0.0,0.0,0,,,,,,,,21.638871160196462,,,0.0,0.0,1.0,0.0
NY-26,NY,NY-26,42.98,-78.85,DEM,Timothy M. Kennedy,False,False,,28.19028314625253,6.356099432828282,32.90136887517686,6.976044357811911,0.9999987993509949,1.2006490051064134e-06,0.0,0.0,0,,,,,,,,30.33907442435876,,,0.0,0.0,1.0,0.0
OH-01,OH,OH-1,39.34,-84.26,DEM,Greg Landsman,False,False,lean_dem,3.9578145826044793,4.159080142189835,8.668900311528809,5.056000643919778,0.9567885575212585,0.043211442478741535,0.0,0.0,0,,,,,,,,9.166158470461257,,,0.0,1.0,1.0,0.0
OH-02,OH,OH-2,39.1,-83.06,REP,David J. Taylor,False,False,,-31.59793011445242,6.356099432828282,-26.88684438552809,6.976044357811911,5.806200695468444e-05,0.9999419379930453,0.0,0.0,0,,,,,,,,-47.1213234890788,,,0.0,0.0,1.0,0.0
OH-03,OH,OH-3,40.03,-82.92,DEM,Joyce Beatty,False,False,,36.402069885547576,6.356099432828282,41.11315561447191,6.976044357811911,0.999999998109234,1.8907659882216876e-09,0.0,0.0,0,,,,,,,,41.48174712161102,,,0.0,0.0,1.0,0.0
OH-04,OH,OH-4,40.54,-83.37,REP,Jim Jordan,False,False,,-28.981340017208414,6.356099432828282,-24.270254288284082,6.976044357811911,0.00025156408313720124,0.9997484359168628,0.0,0.0,0,,,,,,,,-36.9216587091247,,,0.0,0.0,1.0,0.0
OH-05,OH,OH-5,41.09,-83.49,REP,Bob Latta,False,False,,-27.36567506568797,6.356099432828282,-22.65458933676364,6.976044357811911,0.0005821519596616032,0.9994178480403384,0.0,0.0,0,,,,,,,,-35.020876413218296,,,0.0,0.0,1.0,0.0
OH-06,OH,OH-6,40.25,-81.11,REP,Michael A. Rulli,False,False,,-26.058941312280727,6.356099432828282,-21.347855583356395,6.976044357811911,0.0011060707547380089,0.998893929245262,0.0,0.0,0,,,,,,,,-33.48354258568036,,,0.0,0.0,1.0,0.0
OH-07,OH,OH-7,41.01,-81.87,REP,Max Miller,False,False,,-12.177657819711834,6.356099432828282,-7.466572090787504,6.976044357811911,0.1422385410567515,0.8577614589432485,0.0,0.0,0,,,,,,,,-17.15262082971696,,,0.0,0.0,1.0,0.0
OH-08,OH,OH-8,39.75,-84.6,REP,Warren Davidson,False,False,,-19.37529121968663,6.356099432828282,-14.6642054907623,6.976044357811911,0.017773120659667963,0.982226879340332,0.0,0.0,0,,,,,,,,-25.620424829687305,,,0.0,0.0,1.0,0.0
OH-09,OH,OH-9,41.53,-83.53,DEM,Marcy Kaptur,False,False,tossup,-0.5039572317046751,4.705653698879759,4.207128497219656,5.514378624644861,0.7772497866850034,0.22275021331499656,0.0,0.0,0,,,,,,,,0.6620087044973246,,,0.0,1.0,1.0,0.0
OH-10,OH,OH-10,39.74,-84.07,REP,Mike Turner,False,False,,-13.758143416597969,6.356099432828282,-9.04705768767364,6.976044357811911,0.097337095850479,0.902662904149521,0.0,0.0,0,,,,,,,,-19.012015649583,,,0.0,0.0,1.0,0.0
OH-11,OH,OH-11,41.7,-81.69,DEM,Shontel Brown,False,False,,36.402069885547576,6.356099432828282,41.11315561447191,6.976044357811911,0.999999998109234,1.8907659882216876e-09,0.0,0.0,0,,,,,,,,59.90643890683381,,,0.0,0.0,1.0,0.0
OH-12,OH,OH-12,40.01,-82.09,REP,Troy Balderson,False,False,,-29.057418578054644,6.356099432828282,-24.346332849130313,6.976044357811911,0.00024151830034657706,0.9997584816996534,0.0,0.0,0,,,,,,,,-37.01116289835556,,,0.0,0.0,1.0,0.0
OH-13,OH,OH-13,41.04,-81.51,DEM,Emilia Sykes,False,False,likely_dem,3.620215420337376,3.672719778153187,8.331301149261707,4.664125368276134,0.9629707307697681,0.037029269230231865,0.0,0.0,0,,,,,,,,2.210719739123676,,,0.0,1.0,1.0,0.0
OH-14,OH,OH-14,41.67,-80.98,REP,David P. Joyce,False,False,,-20.40495771319987,6.356099432828282,-15.693871984275539,6.976044357811911,0.012234612450903848,0.9877653875490962,0.0,0.0,0,,,,,,,,-26.831797174997,,,0.0,0.0,1.0,0.0
OH-15,OH,OH-15,39.91,-83.62,REP,Mike Carey,False,False,,-8.579399507606675,6.356099432828282,-3.868313778682345,6.976044357811911,0.28961358720814057,0.7103864127918594,0.0,0.0,0,,,,,,,,-12.919375756652066,,,0.0,0.0,1.0,0.0
OK-01,OK,OK-1,36.06,-95.86,REP,Kevin Hern,True,False,,-20.780112870109825,6.356099432828282,-16.069027141185494,6.976044357811911,0.010626535942862225,0.9893734640571378,0.0,0.0,0,,,,,,,,-27.27315618312636,,,1.0,0.0,1.0,0.0
OK-02,OK,OK-2,35.19,-95.46,REP,Josh Brecheen,False,False,,-31.59793011445242,6.356099432828282,-26.88684438552809,6.976044357811911,5.806200695468444e-05,0.9999419379930453,0.0,0.0,0,,,,,,,,-55.14718338306773,,,0.0,0.0,1.0,0.0
OK-03,OK,OK-3,36.14,-98.92,REP,Frank Lucas,False,False,,-31.59793011445242,6.356099432828282,-26.88684438552809,6.976044357811911,5.806200695468444e-05,0.9999419379930453,0.0,0.0,0,,,,,,,,-40.0,,,0.0,0.0,1.0,0.0
OK-04,OK,OK-4,34.58,-97.75,REP,Tom Cole,False,False,,-31.20638850462978,6.356099432828282,-26.495302775705447,6.976044357811911,7.2922089538352e-05,0.9999270779104616,0.0,0.0,0,,,,,,,,-39.53936281197336,,,0.0,0.0,1.0,0.0
OK-05,OK,OK-5,35.49,-97.03,REP,Stephanie Bice,False,False,,-15.776526284656477,6.356099432828282,-11.065440555732145,6.976044357811911,0.05634634008495232,0.9436536599150477,0.0,0.0,0,,,,,,,,-21.386583729651832,,,0.0,0.0,1.0,0.0
OR-01,OR,OR-1,45.72,-123.49,DEM,Suzanne Monamici,False,False,,36.402069885547576,6.356099432828282,41.11315561447191,6.976044357811911,0.999999998109234,1.8907659882216876e-09,0.0,0.0,0,,,,,,,,41.89811551294704,,,0.0,0.0,1.0,0.0
OR-02,OR,OR-2,43.77,-119.74,REP,Cliff Bentz,False,False,,-24.91891217588715,6.356099432828282,-20.20782644696282,6.976044357811911,0.0018852763312623422,0.9981147236687377,0.0,0.0,0,,,,,,,,-32.14233183698204,,,0.0,0.0,1.0,0.0
OR-03,OR,OR-3,45.46,-121.97,DEM,Maxine E. Dexter,False,False,,36.402069885547576,6.356099432828282,41.11315561447191,6.976044357811911,0.999999998109234,1.8907659882216876e-09,0.0,0.0,0,,,,,,,,45.71567406492056,,,0.0,0.0,1.0,0.0
OR-04,OR,OR-4,43.63,-123.51,DEM,Val Hoyle,False,False,,9.307328627115155,6.356099432828282,14.018414356039486,6.976044357811911,0.9777583367716752,0.02224166322832477,0.0,0.0,0,,,,,,,,8.123833813608911,,,0.0,0.0,1.0,0.0
OR-05,OR,OR-5,44.62,-122.24,DEM,Janelle S.Bynum,False,False,likely_dem,3.8282939734502333,3.672719778153187,8.539379702374564,4.664125368276134,0.9664395851693492,0.03356041483065075,0.0,0.0,0,,,,,,,,2.94390575198031,,,0.0,1.0,1.0,0.0
OR-06,OR,OR-6,45.06,-123.26,DEM,Andrea Salinas,False,False,,8.23650857589892,6.356099432828282,12.947594304823252,6.976044357811911,0.9682737928323779,0.03172620716762209,0.0,0.0,0,,,,,,,,6.864045518060401,,,0.0,0.0,1.0,0.0
PA-01,PA,PA-1,40.33,-75.14,REP,Brian Fitzpatrick,False,False,lean_rep,-8.613510363893388,4.159080142189835,-3.9024246349690577,5.056000643919778,0.22010453439927236,0.7798954656007276,0.0,0.0,0,,,,,,,,-12.806193788948534,,,0.0,1.0,1.0,0.0
PA-02,PA,PA-2,40.04,-75.06,DEM,Brendan F Boyle,False,False,,36.402069885547576,6.356099432828282,41.11315561447191,6.976044357811911,0.999999998109234,1.8907659882216876e-09,0.0,0.0,0,,,,,,,,42.92112777904857,,,0.0,0.0,1.0,0.0
PA-03,PA,PA-3,40.0,-75.2,,Dwight Evans,True,False,,36.402069885547576,6.356099432828282,41.11315561447191,6.976044357811911,0.999999998109234,1.8907659882216876e-09,0.0,0.0,0,,,,,,,,100.0,,,1.0,0.0,1.0,0.0
PA-04,PA,PA-4,40.31,-75.58,DEM,Madeleine Dean,False,False,,17.816801962742375,6.356099432828282,22.527887691666706,6.976044357811911,0.9993795776981109,0.0006204223018890787,0.0,0.0,0,,,,,,,,18.134978914346817,,,0.0,0.0,1.0,0.0
PA-05,PA,PA-5,39.93,-75.37,DEM,Mary Gay Scanlon,False,False,,28.39251388945873,6.356099432828282,33.10359961838306,6.976044357811911,0.9999989591423074,1.0408576925913238e-06,0.0,0.0,0,,,,,,,,30.576992945777825,,,0.0,0.0,1.0,0.0
PA-06,PA,PA-6,40.03,-75.78,DEM,Chrissy Houlahan,False,False,,12.941743073975847,6.356099432828282,17.652828802900178,6.976044357811911,0.9943048760363183,0.005695123963681659,0.0,0.0,0,,,,,,,,12.399615515797962,,,0.0,0.0,1.0,0.0
PA-07,PA,PA-7,40.77,-75.53,REP,Ryan E Mackenzie,False,False,tossup,-1.2815936754181378,4.705653698879759,3.4294920535061926,5.514378624644861,0.7330021491350143,0.26699785086498573,0.0,0.0,0,,,,,,,,-1.0071557149020407,,,0.0,1.0,1.0,0.0
PA-08,PA,PA-8,41.36,-75.41,REP,Rob Bresnahan Jr,False,False,tossup,-1.56877756438215,4.705653698879759,3.1423081645421806,5.514378624644861,0.7156065594871306,0.2843934405128694,0.0,0.0,0,,,,,,,,-1.6235840383926217,,,0.0,1.0,1.0,0.0
PA-09,PA,PA-9,41.25,-76.32,REP,Dan Meuser,False,False,,-31.59793011445242,6.356099432828282,-26.88684438552809,6.976044357811911,5.806200695468444e-05,0.9999419379930453,0.0,0.0,0,,,,,,,,-41.01982207359566,,,0.0,0.0,1.0,0.0
PA-10,PA,PA-10,40.24,-76.92,REP,Scott Perry,False,False,tossup,-1.4013848921560985,4.705653698879759,3.309700836768232,5.514378624644861,0.7258117580433106,0.27418824195668945,0.0,0.0,0,,,,,,,,-1.2642826002891638,,,0.0,1.0,1.0,0.0
PA-11,PA,PA-11,39.97,-76.39,REP,Lloyd K Smucker,False,False,,-19.522923853806223,6.356099432828282,-14.811838124881891,6.976044357811911,0.016866742547477998,0.983133257452522,0.0,0.0,0,,,,,,,,-25.794110281592708,,,0.0,0.0,1.0,0.0
PA-12,PA,PA-12,40.36,-79.82,DEM,Summer Lee,False,False,,13.302249594745426,6.356099432828282,18.013335323669757,6.976044357811911,0.9950909454109662,0.00490905458903379,0.0,0.0,0,,,,,,,,12.823740834350405,,,0.0,0.0,1.0,0.0
PA-13,PA,PA-13,40.24,-77.96,REP,John Joyce,False,False,,-31.59793011445242,6.356099432828282,-26.88684438552809,6.976044357811911,5.806200695468444e-05,0.9999419379930453,0.0,0.0,0,,,,,,,,-48.399022356337824,,,0.0,0.0,1.0,0.0
PA-14,PA,PA-14,40.13,-79.58,REP,Guy Reschenthaler,False,False,,-25.77242501070306,6.356099432828282,-21.06133928177873,6.976044357811911,0.0012676559028829137,0.9987323440971171,0.0,0.0,0,,,,,,,,-33.14646458382428,,,0.0,0.0,1.0,0.0
PA-15,PA,PA-15,41.35,-78.31,REP,Glenn Gt Thompson,False,False,,-31.59793011445242,6.356099432828282,-26.88684438552809,6.976044357811911,5.806200695468444e-05,0.9999419379930453,0.0,0.0,0,,,,,,,,-42.93134580660033,,,0.0,0.0,1.0,0.0
PA-16,PA,PA-16,41.57,-80.1,REP,Mike Kelly,False,False,,-20.807660760189123,6.356099432828282,-16.09657503126479,6.976044357811911,0.010516064905291445,0.9894839350947086,0.0,0.0,0,,,,,,,,-27.30556546557259,,,0.0,0.0,1.0,0.0
PA-17,PA,PA-17,40.6,-80.19,DEM,Chris Deluzio,False,False,likely_dem,5.192631401544152,3.672719778153187,9.903717130468483,4.664125368276134,0.9831390484102507,0.016860951589749318,0.0,0.0,0,,,,,,,,7.751287887863896,,,0.0,1.0,1.0,0.0
RI-01,RI,RI-1,41.64,-71.33,DEM,Gabriel Amo,False,False,,30.16035903231046,6.356099432828282,34.87144476123479,6.976044357811911,0.9999997114719914,2.8852800859624494e-07,0.0,0.0,0,,,,,,,,32.65681076089751,,,0.0,0.0,1.0,0.0
RI-02,RI,RI-2,41.57,-71.62,DEM,Seth Magaziner,False,False,,16.65109963975197,6.356099432828282,21.3621853686763,6.976044357811911,0.9989014919139054,0.001098508086094574,0.0,0.0,0,,,,,,,,16.76356441671105,,,0.0,0.0,1.0,0.0
SC-01,SC,SC-1,32.82,-80.15,REP,Nancy Mace,True,False,,-11.744114013304968,6.356099432828282,-7.033028284380637,6.976044357811911,0.15668678492990085,0.8433132150700992,0.0,0.0,0,,,,,,,,-16.642569292767703,,,1.0,0.0,1.0,0.0
SC-02,SC,SC-2,33.64,-81.36,REP,Joe Wilson,False,False,,-14.029471529237787,6.356099432828282,-9.318385800313457,6.976044357811911,0.0908123472288449,0.9091876527711551,0.0,0.0,0,,,,,,,,-19.331225193865137,,,0.0,0.0,1.0,0.0
SC-03,SC,SC-3,34.35,-82.28,REP,Sheri Biggs,False,False,,-31.59793011445242,6.356099432828282,-26.88684438552809,6.976044357811911,5.806200695468444e-05,0.9999419379930453,0.0,0.0,0,,,,,,,,-47.80567899912549,,,0.0,0.0,1.0,0.0
SC-04,SC,SC-4,34.93,-82.19,REP,William Timmons,False,False,,-17.321234033569283,6.356099432828282,-12.610148304644952,6.976044357811911,0.035331592559391,0.964668407440609,0.0,0.0,0,,,,,,,,-23.203886963666896,,,0.0,0.0,1.0,0.0
SC-05,SC,SC-5,34.57,-81.0,REP,Ralph W Norman,True,False,,-20.732202739378568,6.356099432828282,-16.021117010454237,6.976044357811911,0.01082107132205945,0.9891789286779405,0.0,0.0,0,,,,,,,,-27.21679132344253,,,1.0,0.0,1.0,0.0
SC-06,SC,SC-6,33.24,-80.59,DEM,James E Jim Clyburn,False,False,,22.52380240008483,6.356099432828282,27.23488812900916,6.976044357811911,0.9999527036299828,4.729637001721354e-05,0.0,0.0,0,,,,,,,,23.67262648769088,,,0.0,0.0,1.0,0.0
SC-07,SC,SC-7,34.09,-79.51,REP,Russell Fry,False,False,,-23.063364563198935,6.356099432828282,-18.352278834274603,6.976044357811911,0.004259744027712231,0.9957402559722878,0.0,0.0,0,,,,,,,,-29.959334645584136,,,0.0,0.0,1.0,0.0
SD-AL,SD,SD-AL,44.44,-100.23,REP,Dusty  Johnson,True,False,,-31.59793011445242,6.356099432828282,-26.88684438552809,6.976044357811911,5.806200695468444e-05,0.9999419379930453,0.0,0.0,0,,,,,,,,-44.0889504755035,,,1.0,0.0,1.0,0.0
TN-01,TN,TN-1,36.21,-82.83,REP,Diana Harshbarger,False,False,,-31.59793011445242,6.356099432828282,-26.88684438552809,6.976044357811911,5.806200695468444e-05,0.9999419379930453,0.0,0.0,0,,,,,,,,-60.21637677647073,,,0.0,0.0,1.0,0.0
TN-02,TN,TN-2,36.1,-83.89,REP,Tim Burchett,False,False,,-30.33660859375913,6.356099432828282,-25.6255228648348,6.976044357811911,0.0001196908902959537,0.999880309109704,0.0,0.0,0,,,,,,,,-38.51609232859613,,,0.0,0.0,1.0,0.0
TN-03,TN,TN-3,35.61,-84.58,REP,Chuck Fleischmann,False,False,,-31.08045604561697,6.356099432828282,-26.36937031669264,6.976044357811911,7.841767172245273e-05,0.9999215823282775,0.0,0.0,0,,,,,,,,-39.391206977840646,,,0.0,0.0,1.0,0.0
TN-04,TN,TN-4,35.4,-86.15,REP,Scott DesJarlais,False,False,,-31.59793011445242,6.356099432828282,-26.88684438552809,6.976044357811911,5.806200695468444e-05,0.9999419379930453,0.0,0.0,0,,,,,,,,-44.658954004588,,,0.0,0.0,1.0,0.0
TN-05,TN,TN-5,35.73,-86.9,REP,Andy Ogles,False,False,likely_rep,-12.78530014235281,3.672719778153187,-8.074214413428479,4.664125368276134,0.04171415533020528,0.9582858446697947,0.0,0.0,0,,,,,,,,-18.041685133913923,,,0.0,1.0,1.0,0.0
TN-06,TN,TN-6,36.22,-85.57,REP,John Rose,True,False,,-28.19579798385942,6.356099432828282,-23.48471225493509,6.976044357811911,0.0003806708215551291,0.9996193291784449,0.0,0.0,0,,,,,,,,-35.99749161106706,,,1.0,0.0,1.0,0.0
TN-07,TN,TN-7,36.01,-87.55,REP,Mark E. Green,False,False,,-16.29298279017584,6.356099432828282,-11.58189706125151,6.976044357811911,0.04843324634493418,0.9515667536550658,0.0,0.0,0,,,,,,,,-21.994179618498144,,,0.0,0.0,1.0,0.0
TN-08,TN,TN-8,35.72,-88.92,REP,David Kustoff,False,False,,-31.59793011445242,6.356099432828282,-26.88684438552809,6.976044357811911,5.806200695468444e-05,0.9999419379930453,0.0,0.0,0,,,,,,,,-47.73885095896809,,,0.0,0.0,1.0,0.0
TN-09,TN,TN-9,35.28,-89.93,DEM,Steve Cohen,False,False,,36.402069885547576,6.356099432828282,41.11315561447191,6.976044357811911,0.999999998109234,1.8907659882216876e-09,0.0,0.0,0,,,,,,,,47.070293592952666,,,0.0,0.0,1.0,0.0
TX-01,TX,TX-1,32.49,-94.56,,Nathaniel Moran,False,False,,-31.59793011445242,6.356099432828282,-26.88684438552809,6.976044357811911,5.806200695468444e-05,0.9999419379930453,0.0,0.0,0,,,,,,,,-100.0,,,0.0,0.0,1.0,0.0
TX-02,TX,TX-2,30.09,-95.25,REP,Dan Crenshaw,True,False,,-24.219733634366264,6.356099432828282,-19.508647905441933,6.976044357811911,0.0025828102986918955,0.9974171897013081,0.0,0.0,0,,,,,,,,-31.319768846957466,,,1.0,0.0,1.0,0.0
TX-03,TX,TX-3,33.17,-96.29,REP,Keith Self,False,False,,-18.77074303221671,6.356099432828282,-14.05965730329238,6.976044357811911,0.021930345428872622,0.9780696545711274,0.0,0.0,0,,,,,,,,-24.90919166795799,,,0.0,0.0,1.0,0.0
TX-04,TX,TX-4,33.47,-95.83,REP,Pat Fallon,False,False,,-28.85217934810437,6.356099432828282,-24.14109361918004,6.976044357811911,0.000269515990560798,0.9997304840094392,0.0,0.0,0,,,,,,,,-36.769704980767,,,0.0,0.0,1.0,0.0
TX-05,TX,TX-5,32.55,-95.82,REP,Lance Gooden,False,False,,-21.54016694909898,6.356099432828282,-16.82908122017465,6.976044357811911,0.007923718331039886,0.9920762816689601,0.0,0.0,0,,,,,,,,-28.167337452525366,,,0.0,0.0,1.0,0.0
TX-06,TX,TX-6,32.01,-96.26,REP,Jake Ellzey,False,False,,-24.245930728896038,6.356099432828282,-19.534844999971707,6.976044357811911,0.00255295171399883,0.9974470482860012,0.0,0.0,0,,,,,,,,-31.350588958168963,,,0.0,0.0,1.0,0.0
TX-07,TX,TX-7,29.68,-95.6,DEM,Lizzie Fletcher,False,False,,21.583751966448794,6.356099432828282,26.294837695373126,6.976044357811911,0.9999181485708909,8.185142910910326e-05,0.0,0.0,0,,,,,,,,22.56668480106025,,,0.0,0.0,1.0,0.0
TX-08,TX,TX-8,30.56,-95.23,REP,Morgan Luttrell,True,False,,-28.56688770073087,6.356099432828282,-23.85580197180654,6.976044357811911,0.00031348037198586365,0.9996865196280141,0.0,0.0,0,,,,,,,,-36.43406774856288,,,1.0,0.0,1.0,0.0
TX-09,TX,TX-9,29.61,-95.44,,Al Green,True,False,,36.402069885547576,6.356099432828282,41.11315561447191,6.976044357811911,0.999999998109234,1.8907659882216876e-09,0.0,0.0,0,,,,,,,,100.0,,,1.0,0.0,1.0,0.0
TX-10,TX,TX-10,30.21,-96.56,REP,Michael T. Mccaul,True,False,,-23.372401483399937,6.356099432828282,-18.661315754475606,6.976044357811911,0.0037358281424278994,0.9962641718575721,0.0,0.0,0,,,,,,,,-30.32290749287943,,,1.0,0.0,1.0,0.0
TX-11,TX,TX-11,31.39,-99.98,,August Pfluger,False,False,,-31.59793011445242,6.356099432828282,-26.88684438552809,6.976044357811911,5.806200695468444e-05,0.9999419379930453,0.0,0.0,0,,,,,,,,-100.0,,,0.0,0.0,1.0,0.0
TX-12,TX,TX-12,32.82,-97.66,REP,Craig Goldman,False,False,,-20.469399980635547,6.356099432828282,-15.758314251711216,6.976044357811911,0.011944233759995093,0.9880557662400049,0.0,0.0,0,,,,,,,,-26.90761160727427,,,0.0,0.0,1.0,0.0
TX-13,TX,TX-13,34.93,-100.71,,Ronny Jackson,False,False,,-31.59793011445242,6.356099432828282,-26.88684438552809,6.976044357811911,5.806200695468444e-05,0.9999419379930453,0.0,0.0,0,,,,,,,,-100.0,,,0.0,0.0,1.0,0.0
TX-14,TX,TX-14,29.46,-94.8,REP,Randy Weber,False,False,,-29.36796228349503,6.356099432828282,-24.656876554570697,6.976044357811911,0.00020426842459508876,0.9997957315754049,0.0,0.0,0,,,,,,,,-37.376508434167775,,,0.0,0.0,1.0,0.0
TX-15,TX,TX-15,27.96,-98.1,REP,Monica De La Cruz,False,False,likely_rep,-11.703119845430663,3.672719778153187,-6.992034116506333,4.664125368276134,0.06692262853672004,0.93307737146328,0.0,0.0,0,,,,,,,,-14.228512439167185,,,0.0,1.0,1.0,0.0
TX-16,TX,TX-16,31.81,-106.41,DEM,Veronica Escobar,False,False,,18.622297191232033,6.356099432828282,23.333382920156364,6.976044357811911,0.999588271175317,0.00041172882468298866,0.0,0.0,0,,,,,,,,19.08262035962877,,,0.0,0.0,1.0,0.0
TX-17,TX,TX-17,31.25,-96.03,REP,Pete Sessions,False,False,,-25.38979520608869,6.356099432828282,-20.678709477164357,6.976044357811911,0.0015171295786491346,0.9984828704213509,0.0,0.0,0,,,,,,,,-32.696311872513256,,,0.0,0.0,1.0,0.0
TX-18,TX,TX-18,29.89,-95.38,DEM,Sylvester Turner,False,False,,35.45598401079228,6.356099432828282,40.16706973971661,6.976044357811911,0.9999999957405905,4.259409491780275e-09,0.0,0.0,0,,,,,,,,38.886957794405525,,,0.0,0.0,1.0,0.0
TX-19,TX,TX-19,33.19,-101.44,,Jodey C. Arrington,True,False,,-31.59793011445242,6.356099432828282,-26.88684438552809,6.976044357811911,5.806200695468444e-05,0.9999419379930453,0.0,0.0,0,,,,,,,,-100.0,,,1.0,0.0,1.0,0.0
TX-20,TX,TX-20,29.46,-98.62,,Joaquin Castro,False,False,,36.402069885547576,6.356099432828282,41.11315561447191,6.976044357811911,0.999999998109234,1.8907659882216876e-09,0.0,0.0,0,,,,,,,,100.0,,,0.0,0.0,1.0,0.0
TX-21,TX,TX-21,30.02,-98.91,REP,Chip Roy,True,False,,-19.988381577774174,6.356099432828282,-15.277295848849842,6.976044357811911,0.014263372721829648,0.9857366272781704,0.0,0.0,0,,,,,,,,-26.341707603907945,,,1.0,0.0,1.0,0.0
TX-22,TX,TX-22,29.12,-95.99,REP,Troy E. Nehls,True,False,,-18.20675082394428,6.356099432828282,-13.495665095019948,6.976044357811911,0.026521375284200177,0.9734786247157998,0.0,0.0,0,,,,,,,,-24.2456714229316,,,1.0,0.0,1.0,0.0
TX-23,TX,TX-23,30.38,-102.35,REP,Tony Gonzales,True,False,likely_rep,-14.644999786868704,3.672719778153187,-9.933914057944374,4.664125368276134,0.01659176373241178,0.9834082362675882,0.0,0.0,0,,,,,,,,-24.594526582854456,,,1.0,1.0,1.0,0.0
TX-24,TX,TX-24,32.91,-97.07,REP,Beth Van Duyne,False,False,,-15.109068485143768,6.356099432828282,-10.397982756219438,6.976044357811911,0.06804285588444348,0.9319571441155565,0.0,0.0,0,,,,,,,,-20.60133925963688,,,0.0,0.0,1.0,0.0
TX-25,TX,TX-25,32.56,-98.44,,Roger Williams,False,False,,-31.59793011445242,6.356099432828282,-26.88684438552809,6.976044357811911,5.806200695468444e-05,0.9999419379930453,0.0,0.0,0,,,,,,,,-100.0,,,0.0,0.0,1.0,0.0
TX-26,TX,TX-26,33.36,-97.26,REP,Brandon Gill,False,False,,-20.554964677501935,6.356099432828282,-15.843878948577604,6.976044357811911,0.011567926782570792,0.9884320732174292,0.0,0.0,0,,,,,,,,-27.00827595652884,,,0.0,0.0,1.0,0.0
TX-27,TX,TX-27,28.74,-97.22,REP,Michael Cloud,False,False,,-24.87106204254386,6.356099432828282,-20.159976313619527,6.976044357811911,0.0019269047908925252,0.9980730952091075,0.0,0.0,0,,,,,,,,-32.08603756246052,,,0.0,0.0,1.0,0.0
TX-28,TX,TX-28,27.73,-98.85,DEM,Henry Cuellar,False,False,lean_dem,2.6558467362974243,4.159080142189835,7.366932465221755,5.056000643919778,0.9274510778739111,0.07254892212608888,0.0,0.0,0,,,,,,,,5.588753381823693,,,0.0,1.0,1.0,0.0
TX-29,TX,TX-29,29.81,-95.28,DEM,Sylvia Garcia,False,False,,28.3970176218838,6.356099432828282,33.10810335080813,6.976044357811911,0.9999989624571463,1.0375428537434672e-06,0.0,0.0,0,,,,,,,,30.582291454513204,,,0.0,0.0,1.0,0.0
TX-30,TX,TX-30,32.65,-96.81,,Jasmine Crockett,True,False,,36.402069885547576,6.356099432828282,41.11315561447191,6.976044357811911,0.999999998109234,1.8907659882216876e-09,0.0,0.0,0,,,,,,,,100.0,,,1.0,0.0,1.0,0.0
TX-31,TX,TX-31,31.25,-97.8,REP,John Carter,False,False,,-22.12970701660875,6.356099432828282,-17.41862128768442,6.976044357811911,0.006263869374769859,0.9937361306252301,0.0,0.0,0,,,,,,,,-28.860914002536862,,,0.0,0.0,1.0,0.0
TX-32,TX,TX-32,32.88,-96.71,DEM,Julie Johnson,True,False,,22.892340420745416,6.356099432828282,27.603426149669748,6.976044357811911,0.9999620337437176,3.796625628238459e-05,0.0,0.0,0,,,,,,,,24.106200629644512,,,1.0,0.0,1.0,0.0
TX-33,TX,TX-33,32.77,-97.09,DEM,Marc Veasey,True,False,,34.33724409245326,6.356099432828282,39.04832982137759,6.976044357811911,0.999999989126052,1.087394796428498e-08,0.0,0.0,0,,,,,,,,37.57079318459492,,,1.0,0.0,1.0,0.0
TX-34,TX,TX-34,26.74,-97.61,DEM,Vicente Gonzalez,False,False,tossup,0.3912586402910345,4.705653698879759,5.1023443692153645,5.514378624644861,0.8225898657777133,0.1774101342222867,0.0,0.0,0,,,,,,,,2.583552496968309,,,0.0,1.0,1.0,0.0
TX-35,TX,TX-35,30.01,-97.84,DEM,Greg Casar,True,False,likely_rep,2.190295467209075,3.672719778153187,6.901381196133405,4.664125368276134,0.9305197562358641,0.06948024376413586,0.0,0.0,0,,,,,,,,34.72635400740363,,,1.0,1.0,1.0,0.0
TX-36,TX,TX-36,30.37,-94.38,REP,Brian Babin,False,False,,-30.508393453374634,6.356099432828282,-25.797307724450302,6.976044357811911,0.00010865884354571698,0.9998913411564543,0.0,0.0,0,,,,,,,,-38.7181921634379,,,0.0,0.0,1.0,0.0
TX-37,TX,TX-37,30.32,-97.79,DEM,Lloyd Doggett,True,False,,36.402069885547576,6.356099432828282,41.11315561447191,6.976044357811911,0.999999998109234,1.8907659882216876e-09,0.0,0.0,0,,,,,,,,51.78223227517354,,,1.0,0.0,1.0,0.0
TX-38,TX,TX-38,29.95,-95.61,REP,Wesley P. Hunt,True,False,,-19.27519979081743,6.356099432828282,-14.5641140618931,6.976044357811911,0.01841098872612945,0.9815890112738705,0.0,0.0,0,,,,,,,,-25.50267020748825,,,1.0,0.0,1.0,0.0
UT-01,UT,UT-1,41.46,-112.46,REP,Blake D. Moore,False,False,,-25.335301415709402,6.356099432828282,-20.62421568678507,6.976044357811911,0.001556093455478691,0.9984439065445213,0.0,0.0,0,,,,,,,,-32.63220153089057,,,0.0,0.0,1.0,0.0
UT-02,UT,UT-2,38.72,-112.58,REP,Celeste Maloy,False,False,,-19.507670636839567,6.356099432828282,-14.796584907915236,6.976044357811911,0.01695851992418873,0.9830414800758113,0.0,0.0,0,,,,,,,,-25.776165320455465,,,0.0,0.0,1.0,0.0
UT-03,UT,UT-3,39.18,-110.1,REP,Mike Kennedy,False,False,,-25.455933377738262,6.356099432828282,-20.74484764881393,6.976044357811911,0.0014710361279482997,0.9985289638720517,0.0,0.0,0,,,,,,,,-32.77412148621864,,,0.0,0.0,1.0,0.0
UT-04,UT,UT-4,39.75,-111.71,REP,Burgess Owens,True,False,,-27.75393733986473,6.356099432828282,-23.0428516109404,6.976044357811911,0.00047804310134402783,0.999521956898656,0.0,0.0,0,,,,,,,,-35.4776555593086,,,1.0,0.0,1.0,0.0
VA-01,VA,VA-1,37.64,-76.79,REP,Robert J. Wittman,False,False,lean_rep,-8.612393754960717,4.159080142189835,-3.9013080260363866,5.056000643919778,0.22016994954892954,0.7798300504510705,0.0,0.0,0,,,,,,,,-12.803125692843793,,,0.0,1.0,1.0,0.0
VA-02,VA,VA-2,37.21,-76.12,REP,Jen A. Kiggans,False,False,tossup,-2.6456299256483966,4.705653698879759,2.065455803275934,5.514378624644861,0.6460054723108554,0.35399452768914463,0.0,0.0,0,,,,,,,,-3.9350030323230527,,,0.0,1.0,1.0,0.0
VA-03,VA,VA-3,36.98,-76.35,DEM,"Robert C. ""Bobby"" Scott",False,False,,36.402069885547576,6.356099432828282,41.11315561447191,6.976044357811911,0.999999998109234,1.8907659882216876e-09,0.0,0.0,0,,,,,,,,40.20215027715179,,,0.0,0.0,1.0,0.0
VA-04,VA,VA-4,37.01,-77.4,DEM,Jennifer L. McClellan,False,False,,32.1353624750661,6.356099432828282,36.846448203990434,6.976044357811911,0.9999999360584734,6.394152662902997e-08,0.0,0.0,0,,,,,,,,34.98034422296297,,,0.0,0.0,1.0,0.0
VA-05,VA,VA-5,37.32,-78.6,REP,John J. McGuire III,False,False,,-10.400061545803318,6.356099432828282,-5.688975816878988,6.976044357811911,0.2073926048040321,0.7926073951959679,0.0,0.0,0,,,,,,,,-15.06133109570694,,,0.0,0.0,1.0,0.0
VA-06,VA,VA-6,38.27,-79.16,REP,Ben L. Cline,False,False,,-22.193107572455908,6.356099432828282,-17.482021843531577,6.976044357811911,0.0061051456421094,0.9938948543578906,0.0,0.0,0,,,,,,,,-28.93550289176881,,,0.0,0.0,1.0,0.0
VA-07,VA,VA-7,38.29,-77.73,DEM,Eugene S. Vindman,False,False,lean_dem,1.5854062530661779,4.159080142189835,6.296491981990508,5.056000643919778,0.8934984954526958,0.10650150454730423,0.0,0.0,0,,,,,,,,2.647513901404146,,,0.0,1.0,1.0,0.0
VA-08,VA,VA-8,38.8,-77.14,DEM,"Donald S. Beyer, Jr.",False,False,,36.402069885547576,6.356099432828282,41.11315561447191,6.976044357811911,0.999999998109234,1.8907659882216876e-09,0.0,0.0,0,,,,,,,,48.722476026961374,,,0.0,0.0,1.0,0.0
VA-09,VA,VA-9,36.97,-81.15,REP,H. Morgan Griffith,False,False,,-31.59793011445242,6.356099432828282,-26.88684438552809,6.976044357811911,5.806200695468444e-05,0.9999419379930453,0.0,0.0,0,,,,,,,,-45.24443111827392,,,0.0,0.0,1.0,0.0
VA-10,VA,VA-10,38.84,-77.77,DEM,Suhas Subramanyam,False,False,,6.283189956317552,6.356099432828282,10.994275685241883,6.976044357811911,0.9424875902521537,0.05751240974784633,0.0,0.0,0,,,,,,,,4.566023612670556,,,0.0,0.0,1.0,0.0
VA-11,VA,VA-11,38.87,-77.31,DEM,"Gerald E. ""Gerry"" Connolly",False,False,,31.28010020898616,6.356099432828282,35.99118593791049,6.976044357811911,0.9999998760322334,1.2396776660761333e-07,0.0,0.0,0,,,,,,,,33.97415332169245,,,0.0,0.0,1.0,0.0
VT-AL,VT,VT-AL,44.07,-72.67,DEM,Becca Balint,False,False,,32.40214732112892,6.356099432828282,37.11323305005325,6.976044357811911,0.9999999481440455,5.1855954530388715e-08,0.0,0.0,0,,,,,,,,35.29420874774276,,,0.0,0.0,1.0,0.0
WA-01,WA,WA-1,47.88,-122.13,DEM,Suzan DelBene,False,False,,24.77136142330564,6.356099432828282,29.48244715222997,6.976044357811911,0.9999881186441398,1.1881355860166032e-05,0.0,0.0,0,,,,,,,,26.31681357383301,,,0.0,0.0,1.0,0.0
WA-02,WA,WA-2,48.59,-122.05,DEM,Rick Larsen,False,False,,26.252882063729107,6.356099432828282,30.96396779265344,6.976044357811911,0.999995472997662,4.5270023379950786e-06,0.0,0.0,0,,,,,,,,28.05977903315474,,,0.0,0.0,1.0,0.0
WA-03,WA,WA-3,46.33,-122.61,DEM,Marie Gluesenkamp Perez,False,False,tossup,1.0009699956589577,4.705653698879759,5.712055724583288,5.514378624644861,0.8498633706856829,0.15013662931431715,0.0,0.0,0,,,,,,,,3.892272669114583,,,0.0,1.0,1.0,0.0
WA-04,WA,WA-4,47.23,-120.01,,Dan Newhouse,True,False,,-31.59793011445242,6.356099432828282,-26.88684438552809,6.976044357811911,5.806200695468444e-05,0.9999419379930453,0.0,0.0,0,,,,,,,,-100.0,,,1.0,0.0,1.0,0.0
WA-05,WA,WA-5,47.43,-118.01,REP,Michael Baumgartner,False,False,,-15.713513197592276,6.356099432828282,-11.002427468667946,6.976044357811911,0.057377883974484956,0.942622116025515,0.0,0.0,0,,,,,,,,-21.31245068604689,,,0.0,0.0,1.0,0.0
WA-06,WA,WA-6,47.65,-123.61,DEM,Emily Randall,False,False,,13.988427261889525,6.356099432828282,18.699512990813854,6.976044357811911,0.9963247426883858,0.0036752573116142218,0.0,0.0,0,,,,,,,,13.631008678049348,,,0.0,0.0,1.0,0.0
WA-07,WA,WA-7,47.55,-122.39,DEM,Pramila Jayapal,False,False,,36.402069885547576,6.356099432828282,41.11315561447191,6.976044357811911,0.999999998109234,1.8907659882216876e-09,0.0,0.0,0,,,,,,,,68.35409767124008,,,0.0,0.0,1.0,0.0
WA-08,WA,WA-8,47.55,-121.15,DEM,Kim Schrier,False,False,,9.347278201824224,6.356099432828282,14.058363930748556,6.976044357811911,0.9780599478707432,0.02194005212925676,0.0,0.0,0,,,,,,,,8.170833313266641,,,0.0,0.0,1.0,0.0
WA-09,WA,WA-9,47.44,-122.25,,Adam Smith,False,False,,36.402069885547576,6.356099432828282,41.11315561447191,6.976044357811911,0.999999998109234,1.8907659882216876e-09,0.0,0.0,0,,,,,,,,100.0,,,0.0,0.0,1.0,0.0
WA-10,WA,WA-10,47.05,-122.75,DEM,Marilyn Strickland,False,False,,17.14874638256392,6.356099432828282,21.859832111488252,6.976044357811911,0.9991364929207344,0.0008635070792656352,0.0,0.0,0,,,,,,,,17.3490311729604,,,0.0,0.0,1.0,0.0
WI-01,WI,WI-1,42.72,-87.94,REP,Bryan Steil,False,False,likely_rep,-10.622604874062953,3.672719778153187,-5.911519145138622,4.664125368276134,0.10249823280707004,0.89750176719293,0.0,0.0,0,,,,,,,,-10.421207688930345,,,0.0,1.0,1.0,0.0
WI-02,WI,WI-2,42.97,-89.74,DEM,Mark Pocan,False,False,,36.402069885547576,6.356099432828282,41.11315561447191,6.976044357811911,0.999999998109234,1.8907659882216876e-09,0.0,0.0,0,,,,,,,,40.28256480552867,,,0.0,0.0,1.0,0.0
WI-03,WI,WI-3,44.05,-90.9,REP,Derrick van Orden,False,False,tossup,-2.0825003280946683,4.705653698879759,2.628585400829662,5.514378624644861,0.6832044411606707,0.3167955588393293,0.0,0.0,0,,,,,,,,-2.7262686740684714,,,0.0,1.0,1.0,0.0
WI-04,WI,WI-4,43.11,-87.62,DEM,Gwen S. Moore,False,False,,36.402069885547576,6.356099432828282,41.11315561447191,6.976044357811911,0.999999998109234,1.8907659882216876e-09,0.0,0.0,0,,,,,,,,53.87475797192012,,,0.0,0.0,1.0,0.0
WI-05,WI,WI-5,43.17,-88.51,REP,Scott Fitzgerald,False,False,,-22.189134257111593,6.356099432828282,-17.478048528187262,6.976044357811911,0.006114987176187747,0.9938850128238123,0.0,0.0,0,,,,,,,,-28.93082840312844,,,0.0,0.0,1.0,0.0
WI-06,WI,WI-6,43.78,-88.28,REP,Glenn Grothman,False,False,,-16.803088644716627,6.356099432828282,-12.092002915792296,6.976044357811911,0.041515766362119844,0.9584842336378802,0.0,0.0,0,,,,,,,,-22.59430415325201,,,0.0,0.0,1.0,0.0
WI-07,WI,WI-7,45.69,-90.66,REP,Tom Tiffany,True,False,,-20.72742785555459,6.356099432828282,-16.01634212663026,6.976044357811911,0.010840628188338086,0.9891593718116619,0.0,0.0,0,,,,,,,,-27.21117381306138,,,1.0,0.0,1.0,0.0
WI-08,WI,WI-8,44.85,-87.93,REP,Tony Wied,False,False,,-10.057245242489747,6.356099432828282,-5.346159513565417,6.976044357811911,0.22173114170418073,0.7782688582958193,0.0,0.0,0,,,,,,,,-14.658017797690974,,,0.0,0.0,1.0,0.0
WV-01,WV,WV-1,38.21,-81.14,REP,Carol Miller,False,False,,-31.59793011445242,6.356099432828282,-26.88684438552809,6.976044357811911,5.806200695468444e-05,0.9999419379930453,0.0,0.0,0,,,,,,,,-43.46637197868954,,,0.0,0.0,1.0,0.0
WV-02,WV,WV-2,39.28,-79.85,REP,Riley Moore,False,False,,-31.59793011445242,6.356099432828282,-26.88684438552809,6.976044357811911,5.806200695468444e-05,0.9999419379930453,0.0,0.0,0,,,,,,,,-41.53813676724764,,,0.0,0.0,1.0,0.0
WY-AL,WY,WY-AL,43.0,-107.55,REP,Harriet Hageman,True,False,,-31.59793011445242,6.356099432828282,-26.88684438552809,6.976044357811911,5.806200695468444e-05,0.9999419379930453,0.0,0.0,0,,,,,,,,-50.47788216313992,,,1.0,0.0,1.0,0.0
