gop_seats,frequency,probability
0,0,0.0
1,0,0.0
2,0,0.0
3,0,0.0
4,0,0.0
5,0,0.0
6,0,0.0
7,0,0.0
8,0,0.0
9,0,0.0
10,0,0.0
11,0,0.0
12,0,0.0
13,0,0.0
14,0,0.0
15,0,0.0
16,0,0.0
17,0,0.0
18,0,0.0
19,0,0.0
20,0,0.0
21,0,0.0
22,0,0.0
23,0,0.0
24,0,0.0
25,0,0.0
26,0,0.0
27,0,0.0
28,0,0.0
29,0,0.0
30,0,0.0
31,0,0.0
32,0,0.0
33,0,0.0
34,0,0.0
35,0,0.0
36,0,0.0
37,0,0.0
38,0,0.0
39,0,0.0
40,0,0.0
41,0,0.0
42,0,0.0
43,0,0.0
44,0,0.0
45,0,0.0
46,0,0.0
47,0,0.0
48,0,0.0
49,0,0.0
50,0,0.0
51,0,0.0
52,0,0.0
53,0,0.0
54,0,0.0
55,0,0.0
56,0,0.0
57,0,0.0
58,0,0.0
59,0,0.0
60,0,0.0
61,0,0.0
62,0,0.0
63,0,0.0
64,0,0.0
65,0,0.0
66,0,0.0
67,0,0.0
68,0,0.0
69,0,0.0
70,0,0.0
71,0,0.0
72,0,0.0
73,0,0.0
74,0,0.0
75,0,0.0
76,0,0.0
77,0,0.0
78,0,0.0
79,0,0.0
80,0,0.0
81,0,0.0
82,0,0.0
83,0,0.0
84,0,0.0
85,0,0.0
86,0,0.0
87,0,0.0
88,0,0.0
89,0,0.0
90,0,0.0
91,0,0.0
92,0,0.0
93,0,0.0
94,0,0.0
95,0,0.0
96,0,0.0
97,0,0.0
98,0,0.0
99,0,0.0
100,0,0.0
101,0,0.0
102,0,0.0
103,0,0.0
104,0,0.0
105,0,0.0
106,0,0.0
107,0,0.0
108,0,0.0
109,0,0.0
110,0,0.0
111,0,0.0
112,0,0.0
113,0,0.0
114,0,0.0
115,0,0.0
116,0,0.0
117,0,0.0
118,0,0.0
119,0,0.0
120,0,0.0
121,0,0.0
122,0,0.0
123,0,0.0
124,0,0.0
125,0,0.0
126,0,0.0
127,0,0.0
128,0,0.0
129,0,0.0
130,0,0.0
131,0,0.0
132,0,0.0
133,0,0.0
134,0,0.0
135,0,0.0
136,0,0.0
137,0,0.0
138,1,2e-05
139,1,2e-05
140,0,0.0
141,0,0.0
142,0,0.0
143,1,2e-05
144,1,2e-05
145,0,0.0
146,0,0.0
147,1,2e-05
148,2,4e-05
149,2,4e-05
150,2,4e-05
151,0,0.0
152,3,6e-05
153,4,8e-05
154,6,0.00012
155,8,0.00016
156,1,2e-05
157,7,0.00014
158,9,0.00018
159,14,0.00028
160,16,0.00032
161,17,0.00034
162,18,0.00036
163,25,0.0005
164,23,0.00046
165,35,0.0007
166,32,0.00064
167,41,0.00082
168,47,0.00094
169,62,0.00124
170,71,0.00142
171,88,0.00176
172,107,0.00214
173,114,0.00228
174,129,0.00258
175,149,0.00298
176,218,0.00436
177,225,0.0045
178,287,0.00574
179,268,0.00536
180,311,0.00622
181,398,0.00796
182,444,0.00888
183,535,0.0107
184,549,0.01098
185,607,0.01214
186,757,0.01514
187,798,0.01596
188,881,0.01762
189,986,0.01972
190,1091,0.02182
191,1210,0.0242
192,1250,0.025
193,1419,0.02838
194,1502,0.03004
195,1548,0.03096
196,1693,0.03386
197,1674,0.03348
198,1734,0.03468
199,1884,0.03768
200,1785,0.0357
201,1920,0.0384
202,1754,0.03508
203,1767,0.03534
204,1737,0.03474
205,1695,0.0339
206,1579,0.03158
207,1510,0.0302
208,1430,0.0286
209,1309,0.02618
210,1140,0.0228
211,1101,0.02202
212,957,0.01914
213,937,0.01874
214,803,0.01606
215,761,0.01522
216,641,0.01282
217,591,0.01182
218,495,0.0099
219,448,0.00896
220,340,0.0068
221,313,0.00626
222,259,0.00518
223,229,0.00458
224,197,0.00394
225,149,0.00298
226,156,0.00312
227,124,0.00248
228,103,0.00206
229,86,0.00172
230,80,0.0016
231,47,0.00094
232,48,0.00096
233,35,0.0007
234,35,0.0007
235,30,0.0006
236,17,0.00034
237,17,0.00034
238,14,0.00028
239,10,0.0002
240,8,0.00016
241,9,0.00018
242,6,0.00012
243,6,0.00012
244,2,4e-05
245,3,6e-05
246,0,0.0
247,2,4e-05
248,0,0.0
249,3,6e-05
250,1,2e-05
251,3,6e-05
252,1,2e-05
253,0,0.0
254,1,2e-05
255,0,0.0
256,0,0.0
257,0,0.0
258,0,0.0
259,0,0.0
260,0,0.0
261,0,0.0
262,0,0.0
263,0,0.0
264,0,0.0
265,0,0.0
266,0,0.0
267,0,0.0
268,0,0.0
269,0,0.0
270,0,0.0
271,0,0.0
272,0,0.0
273,0,0.0
274,0,0.0
275,0,0.0
276,0,0.0
277,0,0.0
278,0,0.0
279,0,0.0
280,0,0.0
281,0,0.0
282,0,0.0
283,0,0.0
284,0,0.0
285,0,0.0
286,0,0.0
287,0,0.0
288,0,0.0
289,0,0.0
290,0,0.0
291,0,0.0
292,0,0.0
293,0,0.0
294,0,0.0
295,0,0.0
296,0,0.0
297,0,0.0
298,0,0.0
299,0,0.0
300,0,0.0
301,0,0.0
302,0,0.0
303,0,0.0
304,0,0.0
305,0,0.0
306,0,0.0
307,0,0.0
308,0,0.0
309,0,0.0
310,0,0.0
311,0,0.0
312,0,0.0
313,0,0.0
314,0,0.0
315,0,0.0
316,0,0.0
317,0,0.0
318,0,0.0
319,0,0.0
320,0,0.0
321,0,0.0
322,0,0.0
323,0,0.0
324,0,0.0
325,0,0.0
326,0,0.0
327,0,0.0
328,0,0.0
329,0,0.0
330,0,0.0
331,0,0.0
332,0,0.0
333,0,0.0
334,0,0.0
335,0,0.0
336,0,0.0
337,0,0.0
338,0,0.0
339,0,0.0
340,0,0.0
341,0,0.0
342,0,0.0
343,0,0.0
344,0,0.0
345,0,0.0
346,0,0.0
347,0,0.0
348,0,0.0
349,0,0.0
350,0,0.0
351,0,0.0
352,0,0.0
353,0,0.0
354,0,0.0
355,0,0.0
356,0,0.0
357,0,0.0
358,0,0.0
359,0,0.0
360,0,0.0
361,0,0.0
362,0,0.0
363,0,0.0
364,0,0.0
365,0,0.0
366,0,0.0
367,0,0.0
368,0,0.0
369,0,0.0
370,0,0.0
371,0,0.0
372,0,0.0
373,0,0.0
374,0,0.0
375,0,0.0
376,0,0.0
377,0,0.0
378,0,0.0
379,0,0.0
380,0,0.0
381,0,0.0
382,0,0.0
383,0,0.0
384,0,0.0
385,0,0.0
386,0,0.0
387,0,0.0
388,0,0.0
389,0,0.0
390,0,0.0
391,0,0.0
392,0,0.0
393,0,0.0
394,0,0.0
395,0,0.0
396,0,0.0
397,0,0.0
398,0,0.0
399,0,0.0
400,0,0.0
401,0,0.0
402,0,0.0
403,0,0.0
404,0,0.0
405,0,0.0
406,0,0.0
407,0,0.0
408,0,0.0
409,0,0.0
410,0,0.0
411,0,0.0
412,0,0.0
413,0,0.0
414,0,0.0
415,0,0.0
416,0,0.0
417,0,0.0
418,0,0.0
419,0,0.0
420,0,0.0
421,0,0.0
422,0,0.0
423,0,0.0
424,0,0.0
425,0,0.0
426,0,0.0
427,0,0.0
428,0,0.0
429,0,0.0
430,0,0.0
431,0,0.0
432,0,0.0
433,0,0.0
434,0,0.0
435,0,0.0
