as_of_date,approve_avg,approve_sd,poll_rows_cumulative,disapprove_avg,disapprove_sd,net_approval,net_approval_sd,approve_low_90,approve_high_90,disapprove_low_90,disapprove_high_90
2025-01-21,56.0,2.191500342640288,1,40.0,2.191500342640288,16.0,2.4008020808817028,52.39498193635673,59.60501806364327,36.39498193635673,43.60501806364327
2025-01-22,56.0,2.19808410935353,1,40.0,2.19808410935353,16.0,2.406813376970868,52.384151640113444,59.615848359886556,36.384151640113444,43.615848359886556
2025-01-23,56.0,2.204648214975011,1,40.0,2.204648214975011,16.0,2.412809696508598,52.37335368636611,59.62664631363389,36.37335368636611,43.62664631363389
2025-01-24,56.0,2.2111928346013836,1,40.0,2.2111928346013836,16.0,2.4187911508780404,52.36258778708073,59.63741221291927,36.36258778708073,43.63741221291927
2025-01-25,56.0,2.217718140745686,1,40.0,2.217718140745686,16.0,2.4247578500885227,52.351853658473345,59.648146341526655,36.351853658473345,43.648146341526655
2025-01-26,56.0,2.224224303390398,1,40.0,2.224224303390398,16.0,2.4307099027991628,52.341151020922794,59.658848979077206,36.341151020922794,43.658848979077206
2025-01-27,54.80972383652795,1.4867487619934048,3,41.613266960556686,1.4867487619934048,12.979224395516209,1.54327456229564,52.3640221230488,57.255425550007104,39.16756524707753,44.05896867403584
2025-01-28,54.442344778104555,1.3359390721399091,4,41.285769203721046,1.3359390721399091,12.98369506333259,1.3754505244686903,52.24472500443441,56.6399645517747,39.0881494300509,43.48338897739119
2025-01-29,54.442344778104555,1.3467119975963833,4,41.285769203721046,1.3467119975963833,12.98369506333259,1.3859163557953977,52.227003542058505,56.657686014150606,39.070427967674995,43.501110439767096
2025-01-30,54.442344778104555,1.357399427018459,4,41.285769203721046,1.357399427018459,12.98369506333259,1.3963037439114727,52.20942272065919,56.67526683554992,39.05284714627568,43.51869126116641
2025-01-31,54.442344778104555,1.3680033642027496,4,41.285769203721046,1.3680033642027496,12.98369506333259,1.4066144266504574,52.191979243991035,56.692710312218075,39.035403669607526,43.536134737834566
2025-02-01,54.442344778104555,1.37852573587512,4,41.285769203721046,1.37852573587512,12.98369506333259,1.4168500786114229,52.174669942589986,56.710019613619124,39.01809436820648,43.553444039235615
2025-02-02,54.34527899710173,1.2271481370669166,5,41.442496203764215,1.2271481370669166,12.758594574683698,1.2531479301324195,52.326620311626655,56.363937682576804,39.42383751828913,43.461154889239296
2025-02-03,54.47136917331585,1.1131993583177322,6,41.54986369556031,1.1131993583177322,12.806650466990114,1.1317754462516927,52.64015622888318,56.30258211774852,39.71865075112764,43.38107663999298
2025-02-04,54.28589173785156,1.0527380530695603,7,41.48054913470295,1.0527380530695603,12.702055578818202,1.0676972938504,52.55413764055213,56.01764583515099,39.74879503740352,43.21230323200238
2025-02-05,54.28589173785156,1.0663758288617986,7,41.48054913470295,1.0663758288617986,12.702055578818202,1.0811463875421623,52.5317034993739,56.04007997632922,39.72636089622529,43.23473737318061
2025-02-06,54.28589173785156,1.0798413811207126,7,41.48054913470295,1.0798413811207126,12.702055578818202,1.0944302222140374,52.50955266590798,56.06223080979513,39.70421006275937,43.25688820664652
2025-02-07,54.28589173785156,1.0931410743269543,7,41.48054913470295,1.0931410743269543,12.702055578818202,1.107554744152842,52.487674670583715,56.0841088051194,39.682332067435105,43.27876620197079
2025-02-08,54.28589173785156,1.1062808903622479,7,41.48054913470295,1.1062808903622479,12.702055578818202,1.1205255513800063,52.466059673205656,56.10572380249746,39.660717070057046,43.30038119934885
2025-02-09,54.28589173785156,1.119266459955219,7,41.48054913470295,1.119266459955219,12.702055578818202,1.1333479215560713,52.444698411225225,56.12708506447789,39.639355808076616,43.32174246132928
2025-02-10,53.93761229069846,0.9845612501101241,9,42.2222776451026,0.9845612501101241,11.617402208367707,0.9936786605325622,52.318009034267305,55.557215547129616,40.602674388671446,43.841880901533756
2025-02-11,53.740037538682124,0.9468210162243264,10,42.19961240354693,0.9468210162243264,11.449807641896502,0.9544574190908837,52.182516966993106,55.29755811037114,40.64209183185791,43.75713297523595
2025-02-12,53.740037538682124,0.9619615568015523,10,42.19961240354693,0.9619615568015523,11.449807641896502,0.9694787077897228,52.15761077774357,55.32246429962068,40.617185642608376,43.78203916448548
2025-02-13,53.740037538682124,0.9768674612065171,10,42.19961240354693,0.9768674612065171,11.449807641896502,0.9842707782199118,52.1330905649974,55.346984512366845,40.59266542986221,43.80655937723165
2025-02-14,53.740037538682124,0.9915493113123857,10,42.19961240354693,0.9915493113123857,11.449807641896502,0.9988438140458351,52.10893892157325,55.371136155791,40.568513786438054,43.830711020655805
2025-02-15,53.740037538682124,1.006016916738514,10,42.19961240354693,1.006016916738514,11.449807641896502,1.0132072664848149,52.08513971064727,55.39493536671698,40.544714575512074,43.854510231581784
2025-02-16,53.64256806316168,0.9507181996645672,11,42.30503051433395,0.9507181996645672,11.256546891725131,0.9564472138061211,52.07863662471347,55.2064995016099,40.741099075885735,43.868961952782165
2025-02-17,53.6878852695104,0.9024987286736249,12,42.39314260601376,0.9024987286736249,11.223688244675893,0.9070958322630701,52.20327486084229,55.172495678178514,40.90853219734565,43.87775301468187
2025-02-18,53.540136574333566,0.877255242714348,13,42.35872894762938,0.877255242714348,11.115609727651517,0.8811906924331141,52.09705170006846,54.98322144859867,40.91564407336428,43.801813821894484
2025-02-19,53.540136574333566,0.8935752687210012,13,42.35872894762938,0.8935752687210012,11.115609727651517,0.8974391547234559,52.07020525728752,55.01006789137961,40.88879763058333,43.82866026467543
2025-02-20,53.540136574333566,0.9096025290586046,13,42.35872894762938,0.9096025290586046,11.115609727651517,0.9133986185837765,52.04384041403216,55.03643273463497,40.862432787327975,43.855025107930786
2025-02-21,53.540136574333566,0.9253522361078562,13,42.35872894762938,0.9253522361078562,11.115609727651517,0.9290839770606052,52.01793214593614,55.06234100273099,40.83652451923196,43.8809333760268
2025-02-22,53.540136574333566,0.9408383287631354,13,42.35872894762938,0.9408383287631354,11.115609727651517,0.9445088863693931,51.99245752351821,55.08781562514892,40.811049896814026,43.906407998444735
2025-02-23,53.540136574333566,0.9560736168673465,13,42.35872894762938,0.9560736168673465,11.115609727651517,0.9596859050912185,51.96739547458678,55.11287767408035,40.785987847882595,43.931470047376166
2025-02-24,53.21719456691634,0.8729826773719838,15,42.89288613749438,0.8729826773719838,10.266130004899985,0.8755640799539914,51.78113806263943,54.65325107119325,41.45682963321747,44.32894264177129
2025-02-25,53.03417678795465,0.851883770094978,16,42.901727824870086,0.851883770094978,10.078094021935305,0.8541097481264371,51.63282798614841,54.435525589760886,41.50037902306385,44.30307662667632
2025-02-26,53.03417678795465,0.868680584421704,16,42.901727824870086,0.868680584421704,10.078094021935305,0.8708636298781836,51.60519722658095,54.46315634932835,41.472748263496385,44.33070738624379
2025-02-27,53.03417678795465,0.8851587189601836,16,42.901727824870086,0.8851587189601836,10.078094021935305,0.8873012238493792,51.578090695265146,54.49026288064415,41.44564173218058,44.35781391755959
2025-02-28,53.03417678795465,0.9013356521026079,16,42.901727824870086,0.9013356521026079,10.078094021935305,0.9034397942556028,51.55147964024586,54.51687393566344,41.419030677161295,44.38442497257888
2025-03-01,53.03417678795465,0.9172273206524287,16,42.901727824870086,0.9172273206524287,10.078094021935305,0.9192950896445635,51.5253378454814,54.543015730427896,41.39288888239684,44.41056676734333
2025-03-02,53.030330727211066,0.8787934590360978,17,42.91278681483296,0.8787934590360978,10.069271747557247,0.8804926872127745,51.58471548709669,54.475945967325444,41.467171574718584,44.35840205494734
2025-03-03,53.026972368009595,0.8440780740021033,18,43.033168115912915,0.8440780740021033,9.950484317139244,0.8454767239023453,51.63846393627613,54.41548079974306,41.64465968417945,44.42167654764638
2025-03-04,52.86933819170817,0.8268693299627854,19,43.03058868823352,0.8268693299627854,9.798352701264363,0.8280834682332617,51.50913814391939,54.22953823949695,41.67038864044474,44.3907887360223
2025-03-05,52.86933819170817,0.8441640177318065,19,43.03058868823352,0.8441640177318065,9.798352701264363,0.8453533168807156,51.48068838253934,54.25798800087699,41.641938879064696,44.41923849740235
2025-03-06,52.86933819170817,0.8611114264908495,19,43.03058868823352,0.8611114264908495,9.798352701264363,0.8622773511818732,51.45280989513072,54.28586648828561,41.614060391656075,44.44711698481097
2025-03-07,52.86933819170817,0.8777316724563982,19,43.03058868823352,0.8777316724563982,9.798352701264363,0.8788755488470638,51.425469590517395,54.31320679289894,41.58672008704275,44.47445728942429
2025-03-08,52.86933819170817,0.8940430016688827,19,43.03058868823352,0.8940430016688827,9.798352701264363,0.8951660350802122,51.398637453962856,54.34003892945348,41.55988795048821,44.50128942597883
2025-03-09,52.86933819170817,0.9100620247176046,19,43.03058868823352,0.9100620247176046,9.798352701264363,0.9111653145073224,51.372286161047704,54.36639022236863,41.53353665757306,44.527640718893984
2025-03-10,52.69005421660828,0.8397882271137477,21,43.404790499124736,0.8397882271137477,9.250971280432207,0.8405974487868847,51.30860258300616,54.0715058502104,42.02333886552262,44.786242132726855
2025-03-11,52.55980350916254,0.8231430842242128,22,43.37359371954205,0.8231430842242128,9.154395445413638,0.8238462572611323,51.20573313561371,53.91387388271137,42.01952334599322,44.72766409309088
2025-03-12,52.55980350916254,0.8405144478866199,22,43.37359371954205,0.8405144478866199,9.154395445413638,0.8412031000912774,51.17715724238905,53.94244977593603,41.99094745276856,44.75623998631554
2025-03-13,52.55980350916254,0.8575339859773194,22,43.37359371954205,0.8575339859773194,9.154395445413638,0.8582089813111814,51.14916010222985,53.970446916095234,41.96295031260936,44.78423712647474
2025-03-14,52.55980350916254,0.8742222469750752,22,43.37359371954205,0.8742222469750752,9.154395445413638,0.8748843669898188,51.121707912888546,53.99789910543654,41.935498123268054,44.81168931581605
2025-03-15,52.55980350916254,0.8905978537511471,22,43.37359371954205,0.8905978537511471,9.154395445413638,0.8912478081898298,51.0947700397419,54.02483697858318,41.90856025012141,44.83862718896269
2025-03-16,52.49991871357845,0.8568106293915415,23,43.44060332459782,0.8568106293915415,9.030749034573958,0.8573493502068082,51.09046522822937,53.909372198927535,42.031149839248734,44.8500568099469
2025-03-17,52.44684582353393,0.8258446945166823,24,43.606153615158064,0.8258446945166823,8.814925355598287,0.8262912034595976,51.088331301053984,53.80536034601387,42.24763909267812,44.96466813763801
2025-03-18,52.26378930742732,0.8110075561509309,25,43.63561854768341,0.8110075561509309,8.604129448580489,0.8113967284586067,50.929681877559034,53.5978967372956,42.301511117815124,44.96972597755169
2025-03-19,52.26378930742732,0.8286333665342624,25,43.63561854768341,0.8286333665342624,8.604129448580489,0.8290142646259653,50.90068741947845,53.62689119537618,42.27251665973454,44.99872043563227
2025-03-20,52.26378930742732,0.8458919884559171,25,43.63561854768341,0.8458919884559171,8.604129448580489,0.8462651185966075,50.87229698641733,53.6552816284373,42.24412622667342,45.02711086869339
2025-03-21,52.26378930742732,0.8628054567131025,25,43.63561854768341,0.8628054567131025,8.604129448580489,0.8631712755608415,50.844474331134265,53.68310428372037,42.216303571390355,45.05493352397646
2025-03-22,52.26378930742732,0.8793936866579755,25,43.63561854768341,0.8793936866579755,8.604129448580489,0.8797526078127477,50.81718669287495,53.710391921979685,42.18901593313104,45.082221162235776
2025-03-23,52.26378930742732,0.8956747490768653,25,43.63561854768341,0.8956747490768653,8.604129448580489,0.8960271485581953,50.790404345195874,53.73717426965876,42.162233585451965,45.10900350991485
2025-03-24,52.020595633695855,0.8290995941917928,27,44.069136621336256,0.8290995941917928,7.931152627058186,0.8293599843488553,50.65672680125036,53.38446446614135,42.70526778889076,45.43300545378175
2025-03-25,51.86836917250742,0.8138436465592717,28,44.063928046681816,0.8138436465592717,7.785583471040769,0.814070447479281,50.52959637391742,53.20714197109742,42.725155248091816,45.402700845271816
2025-03-26,51.86836917250742,0.8314093342300728,28,44.063928046681816,0.8314093342300728,7.785583471040769,0.8316313446829171,50.50070081769895,53.236037527315894,42.696259691873344,45.43159640149029
2025-03-27,51.86836917250742,0.8486115018339622,28,44.063928046681816,0.8486115018339622,7.785583471040769,0.8488290130875104,50.472403251990556,53.264335093024286,42.66796212616495,45.45989396719868
2025-03-28,51.86836917250742,0.8654718256794341,28,44.063928046681816,0.8654718256794341,7.785583471040769,0.865685100633664,50.44466801926475,53.29207032575009,42.64022689343915,45.487629199924484
2025-03-29,51.86836917250742,0.8820099098337234,28,44.063928046681816,0.8820099098337234,7.785583471040769,0.8822191867439276,50.417462870830946,53.3192754741839,42.61302174500534,45.51483434835829
2025-03-30,51.8822170128018,0.8496823276150782,29,44.057202681525,0.8496823276150782,7.808149777299894,0.8498562575224832,50.484489583874996,53.27994444172861,42.65947525259819,45.454930110451805
2025-03-31,51.89452501484245,0.8199983064447061,30,44.155722438883366,0.8199983064447061,7.723670551121419,0.8201428304616202,50.54562780074091,53.24342222894399,42.806825224781825,45.50461965298491
2025-04-01,51.75456607825483,0.8059085287351659,31,44.14421836964269,0.8059085287351659,7.596293709772632,0.8060346532303352,50.42884654848548,53.080285608024184,42.818498839873335,45.46993789941204
2025-04-02,51.75456607825483,0.8236434645452363,31,44.14421836964269,0.8236434645452363,7.596293709772632,0.8237668737016236,50.399672579077915,53.10945957743175,42.78932487046578,45.4991118688196
2025-04-03,51.75456607825483,0.8410044926681901,31,44.14421836964269,0.8410044926681901,7.596293709772632,0.8411253546339849,50.37111368781566,53.13801846869401,42.76076597920351,45.52767076008186
2025-04-04,51.75456607825483,0.8580143103049506,31,44.14421836964269,0.8580143103049506,7.596293709772632,0.8581327765609159,50.343132537803186,53.16599961870648,42.73278482919104,45.55565191009433
2025-04-05,51.75456607825483,0.8746934072508378,31,44.14421836964269,0.8746934072508378,7.596293709772632,0.8748096148352205,50.315695423327206,53.19343673318246,42.70534771471506,45.58308902457031
2025-04-06,51.75456607825483,0.8910603552442898,31,44.14421836964269,0.8910603552442898,7.596293709772632,0.8911744286098804,50.28877179387798,53.22036036263169,42.67842408526583,45.61001265401954
2025-04-07,51.60042766709819,0.8257061047314047,33,44.55258596278969,0.8257061047314047,7.036082851362275,0.825790607900302,50.24214112481503,52.95871420938135,43.19429942050653,45.91087250507285
2025-04-08,51.48073011998386,0.8108867553352102,34,44.511257519352036,0.8108867553352102,6.958579125566949,0.8109604123517888,50.14682140745744,52.81463883251028,43.17734880682561,45.84516623187846
2025-04-09,51.48073011998386,0.8285151356360758,34,44.511257519352036,0.8285151356360758,6.958579125566949,0.8285872255844785,50.11782272186252,52.843637518105204,43.14835012123069,45.87416491747338
2025-04-10,51.48073011998386,0.8457761701408152,34,44.511257519352036,0.8457761701408152,6.958579125566949,0.8458467889646348,50.08942832010222,52.8720319198655,43.1199557194704,45.902559319233674
2025-04-11,51.48073011998386,0.8626919090718685,34,44.511257519352036,0.8626919090718685,6.958579125566949,0.8627611433078007,50.06160192956064,52.89985831040708,43.09212932892881,45.93038570977526
2025-04-12,51.48073011998386,0.8792822811691733,34,44.511257519352036,0.8792822811691733,6.958579125566949,0.8793502091895945,50.03431076746057,52.92714947250715,43.06483816682874,45.95767687187533
2025-04-13,51.430425918335494,0.8474143848121074,35,44.56240014445209,0.8474143848121074,6.858258828936386,0.8474708877641359,50.036429255319575,52.82442258135141,43.16840348143617,45.95639680746801
2025-04-14,51.489756809651375,0.8180447060457702,36,44.607983660811335,0.8180447060457702,6.873025294046994,0.8180916781633977,50.144073268206085,52.835440351096665,43.262300119366046,45.953667202256625
2025-04-15,51.306602397588435,0.8042032703286134,37,44.636821626770434,0.8042032703286134,6.661654880589699,0.8042442794856474,49.98368801789787,52.629516777279,43.31390724707987,45.959736006461
2025-04-16,51.306602397588435,0.8219749996242202,37,44.636821626770434,0.8219749996242202,6.661654880589699,0.8220151221756131,49.954453523206595,52.658751271970274,43.284672752388595,45.988970501152274
2025-04-17,51.306602397588435,0.8393705379671346,37,44.636821626770434,0.8393705379671346,6.661654880589699,0.8394098290378712,49.9258378626325,52.68736693254437,43.2560570918145,46.01758616172637
2025-04-18,51.306602397588435,0.8564128093432728,37,44.636821626770434,0.8564128093432728,6.661654880589699,0.8564513185729754,49.89780332621875,52.71540146895812,43.22802255540075,46.04562069814012
2025-04-19,51.306602397588435,0.8731225000005651,37,44.636821626770434,0.8731225000005651,6.661654880589699,0.8731602722784565,49.87031588508751,52.74288891008936,43.200535114269506,46.07310813927136
2025-04-20,51.306602397588435,0.889518352822041,37,44.636821626770434,0.889518352822041,6.661654880589699,0.8895554288999581,49.84334470719618,52.76986008798069,43.17356393637818,46.10007931716269
2025-04-21,51.059015979162645,0.8245784703436787,39,45.065042355944,0.8245784703436787,5.987191983999828,0.8246059595027327,49.702584395447296,52.41544756287799,43.70861077222865,46.42147393965935
2025-04-22,50.90539331205552,0.8099037292256533,40,45.06018956203848,0.8099037292256533,5.83891931220512,0.8099276959470025,49.57310167747932,52.237684946631724,43.72789792746228,46.39248119661468
2025-04-23,50.90539331205552,0.8275530500297975,40,45.06018956203848,0.8275530500297975,5.83891931220512,0.8275765056247187,49.544068544756506,52.26671807935454,43.698864794739464,46.4215143293375
2025-04-24,50.90539331205552,0.8448337414033725,40,45.06018956203848,0.8448337414033725,5.83891931220512,0.8448567172379114,49.515641807446976,52.29514481666407,43.670438057429934,46.44994106664703
2025-04-25,50.90539331205552,0.8617679795708475,40,45.06018956203848,0.8617679795708475,5.83891931220512,0.8617905039288959,49.48778498566148,52.32300163844957,43.642581235644435,46.47779788843253
2025-04-26,50.90539331205552,0.8783758026116274,40,45.06018956203848,0.8783758026116274,5.83891931220512,0.8783979011029229,49.460465116759394,52.35032150735165,43.61526136674235,46.50511775733461
2025-04-27,50.91527546230064,0.846660258941874,41,45.05390245582881,0.846660258941874,5.855745740998626,0.8466786457819306,49.52251933634126,52.30803158826002,43.66114632986943,46.44665858178819
2025-04-28,50.92407477732495,0.8174859309957053,42,45.152162187435984,0.8174859309957053,5.766866435285867,0.8175012238478467,49.57931042083701,52.26883913381288,43.80739783094805,46.49692654392392
2025-04-29,50.78270541079463,0.8037153992668794,43,45.140982231074,0.8037153992668794,5.637043472313637,0.8037287523351561,49.46059357900061,52.104817242588645,43.81887039927998,46.46309406286802
2025-04-30,50.78270541079463,0.821497682905265,43,45.140982231074,0.821497682905265,5.637043472313637,0.8215107469353196,49.43134172241547,52.134069099173786,43.78961854269484,46.49234591945316
2025-05-01,50.78270541079463,0.8389031189706707,43,45.140982231074,0.8389031189706707,5.637043472313637,0.8389159119543667,49.402709780087875,52.16270104150138,43.76098660036725,46.52097786178075
2025-05-02,50.78270541079463,0.8559546968261342,43,45.140982231074,0.8559546968261342,5.637043472313637,0.8559672349630134,49.374659934515634,52.19075088707362,43.732936754795006,46.54902770735299
2025-05-03,50.78270541079463,0.872673159332129,43,45.140982231074,0.872673159332129,5.637043472313637,0.8726854572698154,49.34715806369327,52.21825275789598,43.70543488397264,46.576529578175354
2025-05-04,50.78270541079463,0.88907729867471,43,45.140982231074,0.88907729867471,5.637043472313637,0.8890893697093823,49.32017325447473,52.24523756711452,43.6784500747541,46.60351438739389
2025-05-05,50.62453357013945,0.8242718072540061,45,45.482972470703636,0.8242718072540061,5.13766977020096,0.8242807597912503,49.26860644720661,51.98046069307229,44.127045347770796,46.83889959363648
2025-05-06,50.503407542198666,0.8096363522652338,46,45.44696180397666,0.8096363522652338,5.052842912776974,0.8096441581519053,49.171555742722354,51.83525934167498,44.11511000450035,46.778813603452974
2025-05-07,50.503407542198666,0.827291377272454,46,45.44696180397666,0.827291377272454,5.052842912776974,0.8272990165771428,49.14251322658548,51.86430185781185,44.086067488363476,46.80785611958985
2025-05-08,50.503407542198666,0.8445774226850691,46,45.44696180397666,0.8445774226850691,5.052842912776974,0.8445849056367912,49.114077681881724,51.89273740251561,44.05763194365972,46.836291664293604
2025-05-09,50.503407542198666,0.8615166991471227,46,45.44696180397666,0.8615166991471227,5.052842912776974,0.8615240349691398,49.08621257210165,51.92060251229568,44.02976683387965,46.86415677407368
2025-05-10,50.503407542198666,0.8781292745999042,46,45.44696180397666,0.8781292745999042,5.052842912776974,0.8781364716429375,49.058884885481824,51.94793019891551,44.00243914725982,46.891484460693505
2025-05-11,50.555254020853994,0.8464551293075074,47,45.40029698805855,0.8464551293075074,5.15173175774455,0.8464611179993093,49.16283533314314,51.947672708564845,44.0078783003477,46.7927156757694
2025-05-12,50.60149163507587,0.8172471313018153,48,45.462644570305585,0.8172471313018153,5.135956910276464,0.8172521113428544,49.25712010408438,51.945863166067355,44.1182730393141,46.80701610129707
2025-05-13,50.483884772365805,0.8035068840247648,49,45.42866988366234,0.8035068840247648,5.052536072155095,0.8035112326051947,49.162115948145065,51.805653596586545,44.1069010594416,46.75043870788308
2025-05-14,50.483884772365805,0.8212936823543615,49,45.42866988366234,0.8212936823543615,5.052536072155095,0.821297936757861,49.13285666489288,51.83491287983873,44.07764177618941,46.779697991135265
2025-05-15,50.483884772365805,0.838703352011417,49,45.42866988366234,0.838703352011417,5.052536072155095,0.8387075181031344,49.10421775830702,51.86355178642459,44.049002869603555,46.80833689772112
2025-05-16,50.483884772365805,0.855758910368561,49,45.42866988366234,0.855758910368561,5.052536072155095,0.8557629934290916,49.07616136480952,51.89160817992209,44.020946476106054,46.83639329121862
2025-05-17,50.483884772365805,0.8724811245380538,49,45.42866988366234,0.8724811245380538,5.052536072155095,0.8724851293418814,49.048653322500705,51.919116222230905,43.99343843379724,46.86390133352744
2025-05-18,50.483884772365805,0.8888888078242334,49,45.42866988366234,0.8888888078242334,5.052536072155095,0.8888927387051373,49.02166268349494,51.94610686123667,43.96644779479147,46.890891972533204
2025-05-19,50.3766633114963,0.8240406380635336,51,45.72174804247401,0.8240406380635336,4.652691463965512,0.8240435527392629,49.02111646188179,51.732210161110814,44.3662011928595,47.077294892088524
2025-05-20,50.2740697150478,0.8094347863721315,52,45.66796094232489,0.8094347863721315,4.604050387676859,0.8094373278584979,48.94254949146565,51.605589938629954,44.336440718742736,46.99948116590704
2025-05-21,50.2740697150478,0.8270941139854026,52,45.66796094232489,0.8270941139854026,4.604050387676859,0.827096601208532,48.91349989754181,51.63463953255379,44.3073911248189,47.02853075983088
2025-05-22,50.2740697150478,0.844384197737794,52,45.66796094232489,0.844384197737794,4.604050387676859,0.8443866340312982,48.88505770976913,51.663081720326474,44.278948937046216,47.05697294760356
2025-05-23,50.2740697150478,0.861327274262982,52,45.66796094232489,0.861327274262982,4.604050387676859,0.8613296626325518,48.85718634888519,51.69095308121041,44.25107757616228,47.0848443084875
2025-05-24,50.2740697150478,0.8779434340487422,52,45.66796094232489,0.8779434340487422,4.604050387676859,0.877945777215601,48.82985276603762,51.718286664057985,44.223743993314706,47.11217789133507
2025-05-25,50.245466062596115,0.8463004860339514,53,45.7026146427692,0.8463004860339514,4.541007570390366,0.8463024359046959,48.85330176307026,51.63763036212197,44.310450343243346,47.09477894229505
2025-05-26,50.32377303279163,0.8171866803248288,54,45.73347786197095,0.8171866803248288,4.588642868684921,0.817188302270935,48.979500943657285,51.66804512192597,44.389205772836604,47.07774995110529
2025-05-27,50.22657343760534,0.8034540977687672,55,45.67962138544843,0.8034540977687672,4.545420919872669,0.8034555140731765,48.904891446775714,51.54825542843496,44.3579393946188,47.00130337627805
2025-05-28,50.22657343760534,0.8212420393656329,55,45.67962138544843,0.8212420393656329,4.545420919872669,0.8212434249932187,48.875630282848874,51.5775165923618,44.32867823069196,47.03056454020489
2025-05-29,50.22657343760534,0.838652781084892,55,45.67962138544843,0.838652781084892,4.545420919872669,0.8386541379463839,48.84698961272069,51.60615726248999,44.30003756056378,47.059205210333076
2025-05-30,50.22657343760534,0.855709347396313,55,45.67962138544843,0.855709347396313,4.545420919872669,0.8557106772119841,48.818931561138406,51.63421531407227,44.271979508981495,47.08726326191536
2025-05-31,50.22657343760534,0.8724325115568675,55,45.67962138544843,0.8724325115568675,4.545420919872669,0.8724338158820946,48.79142195609429,51.66172491911639,44.24446990393738,47.11477286695948
2025-06-01,50.22657343760534,0.8888410922214521,55,45.67962138544843,0.8888410922214521,4.545420919872669,0.8888423724680279,48.76442984090105,51.688717034309626,44.21747778874414,47.141764982152715
2025-06-02,50.0986081714718,0.8241321249204087,57,45.99423498867717,0.8241321249204087,4.103102305446456,0.8241330746622474,48.74291082597773,51.454305516965874,44.6385376431831,47.34993233417124
2025-06-03,49.9421819793519,0.8095145586869218,58,45.994664701465396,0.8095145586869218,3.9463408085471134,0.8095153868098856,48.61053053031191,51.27383342839189,44.66301325242541,47.326316150505384
2025-06-04,49.9421819793519,0.8271721832400325,58,45.994664701465396,0.8271721832400325,3.9463408085471134,0.8271729936850928,48.58148373792205,51.30288022078175,44.633966460035545,47.35536294289525
2025-06-05,49.9421819793519,0.8444606685489158,58,45.994664701465396,0.8444606685489158,3.9463408085471134,0.8444614624019018,48.55304417958894,51.331319779114864,44.60552690170243,47.38380250122836
2025-06-06,49.9421819793519,0.8614022409571976,58,45.994664701465396,0.8614022409571976,3.9463408085471134,0.861403019197146,48.52517529297731,51.35918866572649,44.577658015090805,47.41167138783999
2025-06-07,49.9421819793519,0.878016982026021,58,45.994664701465396,0.878016982026021,3.9463408085471134,0.8780177455393249,48.497844043919095,51.38651991478471,44.55032676603259,47.4390026368982
2025-06-08,49.94821710722111,0.8463616884633793,59,45.99522160757383,0.8463616884633793,3.9519418402729682,0.846362323808435,48.55595212969885,51.34048208474337,44.60295663005157,47.38748658509609
2025-06-09,50.05754397351053,0.8171694271240588,60,45.99571829436484,0.8171694271240588,4.06088168256026,0.8171699554762155,48.713300265891455,51.40178768112961,44.65147458674576,47.33996200198392
2025-06-10,49.90647204787591,0.8034390320202144,61,45.99603267185744,0.8034390320202144,3.909564517111383,0.803439493385886,48.584814840202654,51.22812925554916,44.67437546418419,47.3176898795307
2025-06-11,49.90647204787591,0.8212272999441623,61,45.99603267185744,0.8212272999441623,3.909564517111383,0.8212277513163868,48.55555313946776,51.257390956284056,44.645113763449295,47.34695158026559
2025-06-12,49.90647204787591,0.8386383476645813,61,45.99603267185744,0.8386383476645813,3.909564517111383,0.8386387896658306,48.52691196596767,51.28603212978415,44.616472589949204,47.37559275376568
2025-06-13,49.90647204787591,0.855695201677314,61,45.99603267185744,0.855695201677314,3.909564517111383,0.8556956348680115,48.49885344111673,51.31409065463509,44.58841406509826,47.40365127861662
2025-06-14,49.90647204787591,0.8724186369934902,61,45.99603267185744,0.8724186369934902,3.909564517111383,0.8724190618803381,48.471343390021616,51.3416007057302,44.56090401400315,47.431161329711735
2025-06-15,49.90647204787591,0.8888274737954376,61,45.99603267185744,0.8888274737954376,3.909564517111383,0.888827890838361,48.44435085348241,51.368593242269405,44.533911477463946,47.45815386625094
2025-06-16,49.72728027211174,0.8240306345793948,63,46.427755842561474,0.8240306345793948,3.2987985564827556,0.8240309438590595,48.371749878228634,51.08281066599485,45.07222544867837,47.78328623644458
2025-06-17,49.59856029064712,0.8094260637026081,64,46.39587872046676,0.8094260637026081,3.2020097259626668,0.8094263333833535,48.26705441585633,50.930066165437914,45.06437284567597,47.727384595257554
2025-06-18,49.59856029064712,0.8270855775559737,64,46.39587872046676,0.8270855775559737,3.2020097259626668,0.8270858414786338,48.238004515567546,50.9591160657267,45.035322945387186,47.75643449554634
2025-06-19,49.59856029064712,0.8443758361068242,64,46.39587872046676,0.8443758361068242,3.2020097259626668,0.8443760946251497,48.2095620402514,50.987558541042844,45.00688047007104,47.784876970862484
2025-06-20,49.59856029064712,0.8613190771143401,64,46.39587872046676,0.8613190771143401,3.2020097259626668,0.861319330547283,48.18169040879403,51.01543017250021,44.97900883861367,47.81274860231985
2025-06-21,49.59856029064712,0.8779353920426597,64,46.39587872046676,0.8779353920426597,3.2020097259626668,0.877935640678985,48.154356570736944,51.0427640105573,44.951675000556584,47.84008244037694
2025-06-22,49.64045642034441,0.8462937938528262,65,46.35456296163511,0.8462937938528262,3.285291772025174,0.8462940007565848,48.24830312945651,51.032609711232304,44.96240967074721,47.74671625252301
2025-06-23,49.677770029976195,0.8171811136114531,66,46.421546735102886,0.8171811136114531,3.2556840390579174,0.8171812857190289,48.333507098085356,51.02203296186703,45.07728380321205,47.765809666993725
2025-06-24,49.55457927866781,0.8034492368387078,67,46.390594543753004,0.8034492368387078,3.1634850396221426,0.8034493871254751,48.23290528406813,50.87625327326749,45.068920549153326,47.71226853835268
2025-06-25,49.55457927866781,0.8212372837229823,67,46.390594543753004,0.8212372837229823,3.1634850396221426,0.82123743075453,48.2036439469435,50.90551461039212,45.039659212028695,47.74152987547731
2025-06-26,49.55457927866781,0.8386481241716947,67,46.390594543753004,0.8386481241716947,3.1634850396221426,0.8386482681507794,48.17500311440537,50.93415544293025,45.011018379490565,47.77017070801544
2025-06-27,49.55457927866781,0.8557047833082986,67,46.390594543753004,0.8557047833082986,3.1634850396221426,0.8557049244174663,48.14694491012566,50.96221364720996,44.982960175210856,47.79822891229515
2025-06-28,49.55457927866781,0.8724280349557219,67,46.390594543753004,0.8724280349557219,3.1634850396221426,0.8724281733600203,48.11943516116565,50.98972339616997,44.95545042625084,47.825738661255166
2025-06-29,49.55457927866781,0.8888366982616673,67,46.390594543753004,0.8888366982616673,3.1634850396221426,0.888836834110908,48.092442910027366,51.01671564730825,44.92845817511256,47.85273091239345
2025-06-30,49.43520993354144,0.824057869800308,69,46.755256614729994,0.824057869800308,2.6795388445591777,0.8240579705533185,48.07963473771993,50.790785129362945,45.399681418908486,48.1108318105515
2025-07-01,49.328249274339754,0.8094498117684692,70,46.69897025306957,0.8094498117684692,2.6288954251918493,0.8094498996209689,47.996704333980624,50.659794214698884,45.36742531271044,48.0305151934287
2025-07-02,49.328249274339754,0.8271088185795206,70,46.69897025306957,0.8271088185795206,2.6288954251918493,0.8271089045563449,47.96765526777644,50.688843280903065,45.33837624650626,48.05956425963288
2025-07-03,49.328249274339754,0.8443986012375969,70,46.69897025306957,0.8443986012375969,2.6288954251918493,0.8443986854539726,47.93921357530391,50.7172849733756,45.309934554033724,48.08800595210541
2025-07-04,49.328249274339754,0.8613413944377747,70,46.69897025306957,0.8613413944377747,2.6288954251918493,0.861341476997594,47.91134268048962,50.74515586818989,45.28206365921943,48.115876846919704
2025-07-05,49.328249274339754,0.8779572869861098,70,46.69897025306957,0.8779572869861098,2.6288954251918493,0.8779573679834328,47.88400953724761,50.7724890114319,45.254730515977414,48.14320999016172
2025-07-06,49.29399016641374,0.8463120137619764,71,46.73038848121272,0.8463120137619764,2.56325811427627,0.846312081163793,47.90180690377529,50.6861734290522,45.33820521857427,48.122571743851175
2025-07-07,49.367368464890596,0.817128117383866,72,46.758410236090945,0.817128117383866,2.60865037274081,0.8171281734359961,48.02319271179414,50.711544217987054,45.41423448299449,48.1025859891874
2025-07-08,49.19356377182977,0.8034029595284997,73,46.77614699122036,0.8034029595284997,2.417131503031188,0.8034030084745508,47.87196590340539,50.515161640254156,45.454549122795974,48.09774485964474
2025-07-09,49.19356377182977,0.8211920088378553,73,46.77614699122036,0.8211920088378553,2.417131503031188,0.821192056723614,47.842702917291504,50.54442462636804,45.42528613668209,48.12700784575863
2025-07-10,49.19356377182977,0.8386037892706855,73,46.77614699122036,0.8386037892706855,2.417131503031188,0.8386038361622008,47.814060538479495,50.57306700518005,45.39664375787008,48.155650224570635
2025-07-11,49.19356377182977,0.8556613321747993,73,46.77614699122036,0.8556613321747993,2.417131503031188,0.855661378131536,47.78600088040223,50.60112666325732,45.36858409979281,48.183709882647904
2025-07-12,49.19356377182977,0.8723854167620825,73,46.77614699122036,0.8723854167620825,2.417131503031188,0.8723854618378044,47.75848976125614,50.6286377824034,45.34107298064673,48.21122100179399
2025-07-13,49.19356377182977,0.8887948668726392,73,46.77614699122036,0.8887948668726392,2.417131503031188,0.8887949111161468,47.73149621582428,50.655631327835266,45.314079435214865,48.23821454722585
2025-07-14,49.07136744469549,0.8240419538486299,75,47.074254457755835,0.8240419538486299,1.9968763840602801,0.8240419866644791,47.71581843061449,50.42691645877649,45.718705443674835,48.429803471836834
2025-07-15,48.91700171389149,0.8094359336868784,76,47.068720749255064,0.8094359336868784,1.8480619837307812,0.8094359623010514,47.58547960297657,50.248523824806405,45.737198638340146,48.40024286016998
2025-07-16,48.91700171389149,0.8270952368038088,76,47.068720749255064,0.8270952368038088,1.8480619837307812,0.827095264807041,47.556430049349224,50.27757337843375,45.7081490847128,48.42929241379733
2025-07-17,48.91700171389149,0.8443852975647721,76,47.068720749255064,0.8443852975647721,1.8480619837307812,0.8443853249945958,47.52798789939744,50.30601552838554,45.679706934761015,48.45773456374911
2025-07-18,48.91700171389149,0.8613283524554087,76,47.068720749255064,0.8613283524554087,1.8480619837307812,0.8613283793456648,47.50011657410234,50.33388685368063,45.65183560946592,48.48560588904421
2025-07-19,48.91700171389149,0.8779444918350754,76,47.068720749255064,0.8779444918350754,1.8480619837307812,0.8779445182164015,47.47278302482279,50.361220402960186,45.624502060186366,48.51293943832376
2025-07-20,48.92566395907257,0.8463013662730254,77,47.061548601407374,0.8463013662730254,1.8639192318649431,0.8463013882262966,47.53349821155344,50.3178297065917,45.669382853888244,48.4537143489265
2025-07-21,49.03716080093031,0.817187412527503,78,47.055160958792534,0.817187412527503,1.981824075952868,0.8171874307887256,47.69288750732257,50.38143409453805,45.71088766518479,48.399434252400276
2025-07-22,48.887579629974425,0.8034547371377129,79,47.05111069393202,0.8034547371377129,1.8363060699412248,0.8034547530836499,47.56589658738289,50.20926267256596,45.72942765134048,48.372793736523555
2025-07-23,48.887579629974425,0.8212426648859833,79,47.05111069393202,0.8212426648859833,1.8363060699412248,0.8212426804865349,47.536635446236986,50.238523813711865,45.70016651019458,48.40205487766946
2025-07-24,48.887579629974425,0.8386533936192183,79,47.05111069393202,0.8386533936192183,1.8363060699412248,0.8386534088958971,47.50799479747081,50.26716446247804,45.6715258614284,48.430695526435635
2025-07-25,48.887579629974425,0.8557099477212073,79,47.05111069393202,0.8557099477212073,1.8363060699412248,0.8557099626933818,47.47993676597304,50.295222493975814,45.64346782993063,48.458753557933406
2025-07-26,48.887579629974425,0.8724331003744823,79,47.05111069393202,0.8724331003744823,1.8363060699412248,0.872433115059664,47.452427179858404,50.32273208009045,45.615958243815996,48.48626314404804
2025-07-27,48.887579629974425,0.8888416701691205,79,47.05111069393202,0.8888416701691205,1.8363060699412248,0.8888416845832046,47.42543508254622,50.34972417740263,45.588966146503815,48.51325524136022
2025-07-28,48.71157146747052,0.8240970411377234,81,47.473364755288415,0.8240970411377234,1.238071633911053,0.8240970518293276,47.355931834798966,50.067211100142075,46.11772512261686,48.82900438795997
2025-07-29,48.58400388432903,0.8094839674302041,82,47.438083729094544,0.8094839674302041,1.1457951425499786,0.8094839767527683,47.252402757906346,49.91560501075171,46.10648260267186,48.76968485551723
2025-07-30,48.58400388432903,0.8271422450380248,82,47.438083729094544,0.8271422450380248,1.1457951425499786,0.8271422541615658,47.22335489124148,49.94465287741658,46.07743473600699,48.798732722182095
2025-07-31,48.58400388432903,0.8444313432876257,82,47.438083729094544,0.8444313432876257,1.1457951425499786,0.844431352224369,47.19491432462088,49.973093444037175,46.0489941693864,48.82717328880269
2025-08-01,48.58400388432903,0.8613734924680141,82,47.438083729094544,0.8613734924680141,1.1457951425499786,0.8613735012289828,47.167044489219144,50.00096327943891,46.02112433398466,48.85504312420443
2025-08-02,48.58400388432903,0.8779887775629845,82,47.438083729094544,0.8779887775629845,1.1457951425499786,0.8779887861581585,47.13971234523792,50.02829542342014,45.99379219000343,48.882375268185655
2025-08-03,48.627423746950306,0.8463382184798361,83,47.39235845758997,0.8463382184798361,1.2349533264622734,0.8463382256322308,47.235197377550975,50.01965011634964,46.00013208819064,48.7845848269893
2025-08-04,48.666149085370925,0.817149909442453,84,47.455516332456234,0.817149909442453,1.210532427013417,0.8171499153904191,47.32193748433809,50.01036068640376,46.1113047314234,48.799727933489066
2025-08-05,48.54381990300729,0.803421988828653,85,47.42207218211464,0.803421988828653,1.1216547598010127,0.8034219940225347,47.22219073138415,49.865449074630426,46.1004430104915,48.74370135373778
2025-08-06,48.54381990300729,0.8212106259257659,85,47.42207218211464,0.8212106259257659,1.1216547598010127,0.8212106310071405,47.192928423359405,49.894711382655174,46.071180702466755,48.772963661762525
2025-08-07,48.54381990300729,0.8386220198238228,85,47.42207218211464,0.8386220198238228,1.1216547598010127,0.8386220247996984,47.1642866803971,49.92335312561748,46.042538959504455,48.801605404724825
2025-08-08,48.54381990300729,0.8556791993109265,85,47.42207218211464,0.8556791993109265,1.1216547598010127,0.8556792041876126,47.136227620140815,49.951412185873764,46.014479899248165,48.829664464981114
2025-08-09,48.54381990300729,0.8724029413828156,85,47.42207218211464,0.8724029413828156,1.1216547598010127,0.8724029461660168,47.10871706443256,49.97892274158202,45.98696934353991,48.85717502068937
2025-08-10,48.54381990300729,0.888812067949906,85,47.42207218211464,0.888812067949906,1.1216547598010127,0.8888120726448004,47.08172405122969,50.00591575478489,45.95997633033704,48.88416803389224
2025-08-11,48.42637107305797,0.8239837356752735,87,47.781372131345236,0.8239837356752735,0.6449218624996202,0.8239837391565928,47.070917827872144,49.7818243182438,46.42591888615941,49.136825376531064
2025-08-12,48.320086117832254,0.8093851693413898,88,47.72314878150079,0.8093851693413898,0.5968660002567967,0.8093851723770051,46.988647514265665,49.65152472139884,46.3917101779342,49.05458738506738
2025-08-13,48.320086117832254,0.8270455563932317,88,47.72314878150079,0.8270455563932317,0.5968660002567967,0.8270455593640258,46.95959617756539,49.68057605809912,46.36265884123392,49.083638721767656
2025-08-14,48.320086117832254,0.8443366344946726,88,47.72314878150079,0.8443366344946726,0.5968660002567967,0.844336637404628,46.93115235408852,49.70901988157599,46.33421501775705,49.112082545244526
2025-08-15,48.320086117832254,0.8612806466824796,88,47.72314878150079,0.8612806466824796,0.5968660002567967,0.8612806495351875,46.90327945403958,49.73689278162493,46.30634211770811,49.13995544529347
2025-08-16,48.320086117832254,0.8778976889990031,88,47.72314878150079,0.8778976889990031,0.5968660002567967,0.8778976917977143,46.87594441942889,49.76422781623562,46.279007083097426,49.16729047990415
2025-08-17,48.39103985619463,0.8462624189271313,89,47.64768318095137,0.8462624189271313,0.7432927843896585,0.8462624212561171,46.9989381770595,49.78314153532976,46.25558150181624,49.0397848600865
2025-08-18,48.45423400290102,0.8171550150587644,90,47.684244458362656,0.8171550150587644,0.7699322840117766,0.8171550169960902,47.11001400312935,49.798454002672685,46.34002445859099,49.02846445813432
2025-08-19,48.34746250661131,0.8034264471515605,91,47.63400646055654,0.8034264471515605,0.7134029894223979,0.8034264488432701,47.025826001046994,49.66909901217562,46.31236995499223,48.955642966120855
2025-08-20,48.34746250661131,0.8212149876753221,91,47.63400646055654,0.8212149876753221,0.7134029894223979,0.8212149893303871,46.996563851885405,49.69836116133721,46.28310780583064,48.984905115282444
2025-08-21,48.34746250661131,0.8386262910155986,91,47.63400646055654,0.8386262910155986,0.7134029894223979,0.8386262926363016,46.96792225789065,49.72700275533197,46.25446621183588,49.0135467092772
2025-08-22,48.34746250661131,0.8556833853608351,91,47.63400646055654,0.8556833853608351,0.7134029894223979,0.8556833869492313,46.939863337692735,49.75506167552988,46.22640729163797,49.041605629475114
2025-08-23,48.34746250661131,0.8724070471875955,91,47.63400646055654,0.8724070471875955,0.7134029894223979,0.8724070487455428,46.91235291398771,49.782572099234905,46.198896867932945,49.06911605318014
2025-08-24,48.34746250661131,0.8888160979542279,91,47.63400646055654,0.8888160979542279,0.7134029894223979,0.8888160994834128,46.8853600254766,49.809564987746015,46.171903979421835,49.09610894169125
2025-08-25,48.1988752588953,0.824113582974936,93,47.956389346942274,0.824113582974936,0.24244190726937165,0.8241135841093661,46.84320841490153,49.554542102889066,46.60072250294851,49.31205619093604
2025-08-26,48.10951698644814,0.8094983910908997,94,47.8851047831851,0.8094983910908997,0.22437147842818275,0.8094983920800646,46.77789213310361,49.44114183979267,46.55347992984057,49.21672963652963
2025-08-27,48.10951698644814,0.8271563607799647,94,47.8851047831851,0.8271563607799647,0.22437147842818275,0.8271563617480132,46.7488447729651,49.470189199931184,46.52443256970206,49.24577699666814
2025-08-28,48.10951698644814,0.8444451700251209,94,47.8851047831851,0.8444451700251209,0.22437147842818275,0.8444451709733498,46.72040468175682,49.498629291139466,46.495992478493775,49.27421708787642
2025-08-29,48.10951698644814,0.8613870472550392,94,47.8851047831851,0.8613870472550392,0.22437147842818275,0.8613870481846184,46.692535293713604,49.52649867918268,46.46812309045056,49.30208647591964
2025-08-30,48.10951698644814,0.8780020758396618,94,47.8851047831851,0.8780020758396618,0.22437147842818275,0.8780020767516499,46.6652035716919,49.55383040120439,46.440791368428854,49.329418197941344
2025-08-31,48.20246415532491,0.8463492844958165,95,47.79271898524809,0.8463492844958165,0.40970869636637264,0.846349285254716,46.810219582329296,49.594708728320526,46.40047441225247,49.1849635582437
2025-09-01,48.28536139011499,0.8171591119793513,96,47.81426412715254,0.8171591119793513,0.47106458048638733,0.8171591126104537,46.94113465090896,49.62958812932103,46.470037387946505,49.15849086635858
2025-09-02,48.117566091849646,0.8034300246584358,97,47.8279011853079,0.8034300246584358,0.28963462342231067,0.8034300252095258,46.79592370128652,49.43920848241277,46.506258794744774,49.14954357587103
2025-09-03,48.117566091849646,0.821218487689272,97,47.8279011853079,0.821218487689272,0.28963462342231067,0.8212184882284247,46.766661679600794,49.4684705040985,46.47699677305905,49.17880559755675
2025-09-04,48.117566091849646,0.8386297183636262,97,47.8279011853079,0.8386297183636262,0.28963462342231067,0.8386297188915853,46.73802020514148,49.49711197855781,46.448355298599736,49.207447072016066
2025-09-05,48.117566091849646,0.8556867443887716,97,47.8279011853079,0.8556867443887716,0.28963462342231067,0.8556867449062066,46.70996139733012,49.52517078636917,46.420296490788374,49.23550587982743
2025-09-06,48.117566091849646,0.87241034182468,97,47.8279011853079,0.87241034182468,0.28963462342231067,0.872410342332196,46.682451079548045,49.55268110415125,46.3927861730063,49.2630161976095
2025-09-07,48.117566091849646,0.8888193317669543,97,47.8279011853079,0.8888193317669543,0.28963462342231067,0.8888193322651007,46.655458291093005,49.57967389260629,46.36579338455126,49.29000898606454
2025-09-08,47.90231816576888,0.8240245964253737,99,48.223282851478864,0.8240245964253737,-0.32098979645868164,0.8240245967948016,46.546797704649144,49.25783862688862,46.867762390359125,49.5788033125986
2025-09-09,47.76055589507817,0.8094207986459205,100,48.206643634863305,0.8094207986459205,-0.4461109793603526,0.8094207989680487,46.429058681305634,49.092053108850706,46.87514642109077,49.53814084863584
2025-09-10,47.76055589507817,0.8270804249168274,100,48.206643634863305,0.8270804249168274,-0.4461109793603526,0.8270804252320777,46.40000859608999,49.12110319406635,46.846096335875124,49.567190933851485
2025-09-11,47.76055589507817,0.8443707889787518,100,48.206643634863305,0.8443707889787518,-0.4461109793603526,0.8443707892875466,46.371565947208126,49.149545842948214,46.81765368699326,49.59563358273335
2025-09-12,47.76055589507817,0.8613141292702681,100,48.206643634863305,0.8613141292702681,-0.4461109793603526,0.8613141295729884,46.343694152428576,49.177417637727764,46.78978189221371,49.6235053775129
2025-09-13,47.76055589507817,0.8779305378448798,100,48.206643634863305,0.8779305378448798,-0.4461109793603526,0.8779305381418706,46.31636016032334,49.204751629833,46.76244790010848,49.65083936961813
2025-09-14,47.78554516563659,0.8462897544087115,101,48.18507754242407,0.8462897544087115,-0.3995531909676562,0.8462897546558541,46.39339851963426,49.17769181163892,46.79293089642174,49.5772241884264
2025-09-15,47.80780121085499,0.8171777535014532,102,48.26964990060445,0.8171777535014532,-0.46186734387289774,0.8171777537070326,46.4635438063451,49.15205861536488,46.92539249609456,49.61390730511434
2025-09-16,47.67506385184391,0.8034463027420993,103,48.24985092301282,0.8034463027420993,-0.5748043556683953,0.8034463029216142,46.35339468383316,48.99673301985466,46.92818175500207,49.57152009102357
2025-09-17,47.67506385184391,0.8212344131792999,103,48.24985092301282,0.8212344131792999,-0.5748043556683953,0.8212344133549265,46.32413324216396,49.02599446152386,46.89892031333287,49.60078153269277
2025-09-18,47.67506385184391,0.8386453132224309,103,48.24985092301282,0.8386453132224309,-0.5748043556683953,0.8386453133944114,46.29549231159301,49.05463539209481,46.87027938276192,49.62942246326372
2025-09-19,47.67506385184391,0.8557020283895259,103,48.24985092301282,0.8557020283895259,-0.5748043556683953,0.8557020285580784,46.26743401514314,49.08269368854468,46.84222108631205,49.65748075971359
2025-09-20,47.67506385184391,0.8724253328451376,103,48.24985092301282,0.8724253328451376,-0.5748043556683953,0.8724253330104591,46.23992417931366,49.11020352437416,46.814711250482574,49.68499059554307
2025-09-21,47.67506385184391,0.8888340460344378,103,48.24985092301282,0.8888340460344378,-0.5748043556683953,0.8888340461967074,46.21293184611726,49.13719585757056,46.78771891728617,49.711982928739474
2025-09-22,47.535118477715834,0.824055902766343,105,48.638547733041634,0.824055902766343,-1.103443588097941,0.8240559028866908,46.1795465176652,48.890690437766466,47.282975772991,49.994119693092266
2025-09-23,47.420712505011046,0.8094480965950196,106,48.5909594357359,0.8094480965950196,-1.170260195352637,0.8094480966999581,46.08917038611224,48.752254623909856,47.25941731683709,49.92250155463471
2025-09-24,47.420712505011046,0.8271071400255835,106,48.5909594357359,0.8271071400255835,-1.170260195352637,0.8271071401282815,46.06012125966896,48.78130375035313,47.23036819039381,49.95155068107798
2025-09-25,47.420712505011046,0.8443969570535532,106,48.5909594357359,0.8443969570535532,-1.170260195352637,0.8443969571541484,46.03167951065795,48.80974549936414,47.2019264413828,49.97999243008899
2025-09-26,47.420712505011046,0.8613397825952893,106,48.5909594357359,0.8613397825952893,-1.170260195352637,0.8613397826939058,46.003808562641794,48.8376164473803,47.174055493366644,50.00786337810515
2025-09-27,47.420712505011046,0.8779557056488102,106,48.5909594357359,0.8779557056488102,-1.170260195352637,0.8779557057455603,45.976475369218754,48.86494964080334,47.146722299943605,50.03519657152819
2025-09-28,47.481172078410985,0.8463106978538785,107,48.5292816752278,0.8463106978538785,-1.0481214770073308,0.846310697934389,46.08899098044135,48.87335317638062,47.13710057725817,49.92146277319743
2025-09-29,47.63902924236453,0.8171270230592419,108,48.474271556572205,0.8171270230592419,-0.8352529596130429,0.8171270231261953,46.29485528943208,48.98320319529698,47.130097603639754,49.818445509504656
2025-09-30,47.51869719395518,0.8034020039381353,109,48.43945212417313,0.8034020039381353,-0.9207647940856812,0.8034020039966008,46.19710089747694,48.84029349043341,47.117855827694896,49.76104842065136
2025-10-01,47.51869719395518,0.8211910739479648,109,48.43945212417313,0.8211910739479648,-0.9207647940856812,0.8211910740051637,46.167837877310774,48.86955651059958,47.08859280752873,49.79031144081753
2025-10-02,47.51869719395518,0.8386028737917679,109,48.43945212417313,0.8386028737917679,-0.9207647940856812,0.8386028738477792,46.13919546656772,48.89819892134263,47.05995039678567,49.818953851560586
2025-10-03,47.51869719395518,0.8556604349459029,109,48.43945212417313,0.8556604349459029,-0.9207647940856812,0.8556604350007977,46.11113577846917,48.926258609441184,47.03189070868712,49.84701353965914
2025-10-04,47.51869719395518,0.8723845367335507,109,48.43945212417313,0.8723845367335507,-0.9207647940856812,0.872384536787393,46.083624631028485,48.95376975688187,47.00437956124644,49.87452468709982
2025-10-05,47.51869719395518,0.8887940030917242,109,48.43945212417313,0.8887940030917242,-0.9207647940856812,0.8887940031445725,46.05663105886929,48.98076332904106,46.977385989087246,49.901518259259014
2025-10-06,47.40595962715475,0.824041313173593,111,48.795046173977184,0.824041313173593,-1.3890947265848141,0.8240413132127912,46.05041166698419,48.76150758732531,47.43949821380662,50.150594134147745
2025-10-07,47.30118261798295,0.809435375042562,112,48.735796563494844,0.809435375042562,-1.4346215156937332,0.8094353750767413,45.96966142603794,48.63270380992797,47.40427537154983,50.06731775543986
2025-10-08,47.30118261798295,0.8270946900871103,112,48.735796563494844,0.8270946900871103,-1.4346215156937332,0.8270946901205599,45.94061185278966,48.66175338317625,47.37522579830155,50.09636732868814
2025-10-09,47.30118261798295,0.8443847620429286,112,48.735796563494844,0.8443847620429286,-1.4346215156937332,0.8443847620756932,45.91216968442234,48.69019555154357,47.34678362993423,50.12480949705546
2025-10-10,47.30118261798295,0.8613278274677378,112,48.735796563494844,0.8613278274677378,-1.4346215156937332,0.8613278274998579,45.88429834179853,48.71806689416738,47.31891228731042,50.15268083967927
2025-10-11,47.30118261798295,0.877943976783424,112,48.735796563494844,0.877943976783424,-1.4346215156937332,0.8779439768149361,45.85696477617422,48.74540045979168,47.291578721686115,50.180014405303574
2025-10-12,47.37411570675328,0.846300937671769,113,48.65900408886095,0.846300937671769,-1.284895162207232,0.8463009376979919,45.98195066428322,48.76628074922334,47.266839046390885,50.05116913133101
2025-10-13,47.43907123139035,0.8171870560073556,114,48.69439332700948,0.8171870560073556,-1.2553281720648106,0.8171870560291684,46.09479852425825,48.78334393852245,47.35012061987738,50.03866603414158
2025-10-14,47.33340564379011,0.8034544258196723,115,48.71683287549861,0.8034544258196723,-1.383432861989712,0.8034544258387196,46.01172311331675,48.65508817426347,47.39515034502525,50.03851540597197
2025-10-15,47.33340564379011,0.8212423603110226,115,48.71683287549861,0.8212423603110226,-1.383432861989712,0.8212423603296573,45.98246196107848,48.68434932650174,47.36588919278698,50.06777655821024
2025-10-16,47.33340564379011,0.8386530953673392,115,48.71683287549861,0.8386530953673392,-1.383432861989712,0.8386530953855871,45.953821301910835,48.71298998566938,47.33724853361934,50.09641721737788
2025-10-17,47.33340564379011,0.8557096554142762,115,48.71683287549861,0.8557096554142762,-1.383432861989712,0.8557096554321604,45.92576326063362,48.74104802694659,47.309190492342125,50.124475258655096
2025-10-18,47.33340564379011,0.8724328136706112,115,48.71683287549861,0.8724328136706112,-1.383432861989712,0.8724328136881525,45.89825366530195,48.768557622278266,47.28168089701045,50.15198485398677
2025-10-19,47.33340564379011,0.8888413887579828,115,48.71683287549861,0.8888413887579828,-1.383432861989712,0.8888413887752002,45.87126155928323,48.79554972829699,47.25468879099173,50.17897696000549
2025-10-20,47.18693564027584,0.8240968324018318,117,49.02543938220963,0.8240968324018318,-1.8385084110676706,0.8240968324146029,45.831296350974824,48.54257492957686,47.669800092908616,50.38107867151065
2025-10-21,47.02393808278947,0.8094837854225498,118,49.02354332405055,0.8094837854225498,-1.9996095623976484,0.8094837854336855,45.692337255769374,48.35553890980957,47.69194249703045,50.35514415107065
2025-10-22,47.02393808278947,0.8271420669159686,118,49.02354332405055,0.8271420669159686,-1.9996095623976484,0.8271420669268666,45.663289382712705,48.384586782866236,47.662894623973784,50.384192024127316
2025-10-23,47.02393808278947,0.8444311688124857,118,49.02354332405055,0.8444311688124857,-1.9996095623976484,0.8444311688231606,45.63484881009293,48.41302735548601,47.63445405135401,50.41263259674709
2025-10-24,47.02393808278947,0.8613733214245847,118,49.02354332405055,0.8613733214245847,-1.9996095623976484,0.8613733214350495,45.606978969046025,48.440897196532916,47.606584210307105,50.440502437793995
2025-10-25,47.02393808278947,0.8779886097564255,118,49.02354332405055,0.8779886097564255,-1.9996095623976484,0.8779886097666924,45.57964681974015,48.46822934583879,47.57925206100123,50.46783458709987
2025-10-26,47.12581514070849,0.8463380788411526,119,48.9167103653332,0.8463380788411526,-1.7908990947358026,0.8463380788496963,45.73358900101479,48.51804128040219,47.524484225639505,50.3089365050269
2025-10-27,47.216677332325624,0.8171497933182437,120,48.92536743444665,0.8171497933182437,-1.708693569973917,0.8171497933253485,45.87246592231711,48.560888742334136,47.58115602443814,50.26957884445516
2025-10-28,47.05392823648565,0.8034218874266925,121,48.93084697916292,0.8034218874266925,-1.8769219559219843,0.8034218874328966,45.73229923166875,48.37555724130256,47.60921797434601,50.252475983979835
2025-10-29,47.05392823648565,0.8212105267203221,121,48.93084697916292,0.8212105267203221,-1.8769219559219843,0.8212105267263918,45.703036920030726,48.40481955294058,47.579955662707995,50.28173829561785
2025-10-30,47.05392823648565,0.8386219226780737,121,48.93084697916292,0.8386219226780737,-1.8769219559219843,0.8386219226840174,45.674395173680225,48.43346129929108,47.55131391635749,50.31038004196835
2025-10-31,47.05392823648565,0.8556791041016889,121,48.93084697916292,0.8556791041016889,-1.8769219559219843,0.8556791041075141,45.64633611023837,48.461520362732934,47.52325485291564,50.3384391054102
2025-11-01,47.05392823648565,0.872402847998715,121,48.93084697916292,0.872402847998715,-1.8769219559219843,0.8724028480044285,45.61882555152777,48.489030921443536,47.49574429420504,50.365949664120805
2025-11-02,47.05392823648565,0.8888119762898501,121,48.93084697916292,0.8888119762898501,-1.8769219559219843,0.8888119762954582,45.59183253548885,48.51602393748246,47.46875127816612,50.39294268015973
2025-11-03,46.8493082017301,0.8239836677082659,123,49.374091199136984,0.8239836677082659,-2.524785661554233,0.8239836677124243,45.49385506835001,48.2047613351102,48.01863806575689,50.72954433251708
2025-11-04,46.71150842834177,0.8093851100760154,124,49.346216082150306,0.8093851100760154,-2.6347101194399905,0.8093851100796414,45.38006992226673,48.04294693441682,48.01477757607526,50.67765458822535
2025-11-05,46.71150842834177,0.8270454983933857,124,49.346216082150306,0.8270454983933857,-2.6347101194399905,0.8270454983969342,45.35101858348465,48.07199827319889,47.985726237293186,50.70670592700743
2025-11-06,46.71150842834177,0.8443365776825992,124,49.346216082150306,0.8443365776825992,-2.6347101194399905,0.844336577686075,45.3225747580539,48.10044209862965,47.95728241186243,50.73514975243818
2025-11-07,46.71150842834177,0.8612805909880727,124,49.346216082150306,0.8612805909880727,-2.6347101194399905,0.8612805909914801,45.29470185616639,48.128315000517155,47.929409509974924,50.76302265432569
2025-11-08,46.71150842834177,0.8778976343587923,124,49.346216082150306,0.8778976343587923,-2.6347101194399905,0.8778976343621353,45.26736681982156,48.155650036861985,47.902074473630094,50.79035769067052
2025-11-09,46.741614525352574,0.8462623734575304,125,49.41444296982591,0.8462623734575304,-2.6728306527992975,0.8462623734603123,45.349512921014934,48.133716129690214,48.02234136548827,50.80654457416355
2025-11-10,46.76842818179003,0.8171549772356784,126,49.47520847939277,0.8171549772356784,-2.706782276762396,0.8171549772379925,45.424208244237334,48.11264811934272,48.130988541840075,50.81942841694546
2025-11-11,46.63858820613973,0.8034264141237278,127,49.51373925998017,0.8034264141237278,-2.875152887688823,0.8034264141257486,45.3169517549062,47.96022465737326,48.19210280874664,50.8353757112137
2025-11-12,46.63858820613973,0.8212149553629133,127,49.51373925998017,0.8212149553629133,-2.875152887688823,0.8212149553648903,45.28768960456774,47.98948680771172,48.16284065840818,50.86463786155216
2025-11-13,46.63858820613973,0.8386262593740502,127,49.51373925998017,0.8386262593740502,-2.875152887688823,0.8386262593759861,45.25904800946942,48.01812840281004,48.13419906330986,50.89327945665048
2025-11-14,46.63858820613973,0.8556833543500258,127,49.51373925998017,0.8556833543500258,-2.875152887688823,0.8556833543519231,45.23098908823394,48.04618732404552,48.10614014207438,50.92133837788596
2025-11-15,46.63858820613973,0.8724070167712499,127,49.51373925998017,0.8724070167712499,-2.875152887688823,0.8724070167731108,45.203478663551024,48.073697748728435,48.078629717391465,50.948848802568875
2025-11-16,46.63858820613973,0.8888160680994195,127,49.51373925998017,0.8888160680994195,-2.875152887688823,0.8888160681012461,45.17648577411619,48.10069063816327,48.05163682795663,50.97584169200371
2025-11-17,46.505308154018685,0.8241135608270652,129,49.85664375590839,0.8241135608270652,-3.351337122823472,0.8241135608284202,45.14964134645816,47.86097496157921,48.50097694834786,51.21231056346891
2025-11-18,46.31857480019533,0.8094983717790897,130,49.867328825610414,0.8094983717790897,-3.548755432986506,0.8094983717802712,44.986949978618725,47.65019962177193,48.53570400403381,51.19895364718702
2025-11-19,46.31857480019533,0.8271563418804194,130,49.867328825610414,0.8271563418804194,-3.548755432986506,0.8271563418815757,44.95790261780204,47.679246982588616,48.50665664321713,51.2280010080037
2025-11-20,46.31857480019533,0.8444451515125168,130,49.867328825610414,0.8444451515125168,-3.548755432986506,0.8444451515136493,44.92946252595724,47.707687074433416,48.47821655137233,51.2564410998485
2025-11-21,46.31857480019533,0.8613870291065436,130,49.867328825610414,0.8613870291065436,-3.548755432986506,0.8613870291076539,44.90159313731506,47.735556463075596,48.450347162730154,51.284310488490675
2025-11-22,46.31857480019533,0.8780020580346024,130,49.867328825610414,0.8780020580346024,-3.548755432986506,0.8780020580356918,44.87426141472841,47.76288818566225,48.423015440143494,51.311642211077334
2025-11-23,46.38970085194667,0.8463492696795601,131,49.776798456387965,0.8463492696795601,-3.3870988650923555,0.8463492696804666,44.997456303323794,47.78194540056955,48.38455390776509,51.16904300501084
2025-11-24,46.45313638350363,0.8171590996581226,132,49.79999840449297,0.8171590996581226,-3.346863150606106,0.8171590996588765,45.10890966456602,47.797363102441246,48.455771685555355,51.14422512343058
2025-11-25,46.273022751624026,0.8034300138993155,133,49.88810465373436,0.8034300138993155,-3.6150829487890714,0.8034300138999737,44.95138037875965,47.5946651244884,48.566462280869985,51.209747026598734
2025-11-26,46.273022751624026,0.8212184771632055,133,49.88810465373436,0.8212184771632055,-3.6150829487890714,0.8212184771638495,44.922118356690554,47.6239271465575,48.53720025880089,51.23900904866783
2025-11-27,46.273022751624026,0.8386297080560969,133,49.88810465373436,0.8386297080560969,-3.6150829487890714,0.8386297080567275,44.89347688187175,47.652568621376304,48.50855878398208,51.26765052348664
2025-11-28,46.273022751624026,0.8556867342867098,133,49.88810465373436,0.8556867342867098,-3.6150829487890714,0.8556867342873279,44.86541807372239,47.680627429525664,48.48049997583272,51.295709331636
2025-11-29,46.273022751624026,0.8724103319162688,133,49.88810465373436,0.8724103319162688,-3.6150829487890714,0.8724103319168751,44.837907755621764,47.70813774762629,48.4529896577321,51.32321964973662
2025-11-30,46.273022751624026,0.8888193220414679,133,49.88810465373436,0.8888193220414679,-3.6150829487890714,0.8888193220420628,44.81091496686581,47.73513053638224,48.42599686897614,51.350212438492576
2025-12-01,46.13698333562291,0.8240245892129072,135,50.23249421058402,0.8240245892129072,-4.095511742848233,0.8240245892133485,44.78146288636768,47.49250378487814,48.87697376132879,51.58801465983925
2025-12-02,46.13698333562291,0.841377753228299,135,50.23249421058402,0.841377753228299,-4.095511742848233,0.8413777532287312,44.75291693156235,47.52104973968346,48.84842780652347,51.61656061464458
2025-12-03,46.13698333562291,0.8583801742977878,135,50.23249421058402,0.8583801742977878,-4.095511742848233,0.8583801742982115,44.72494794890305,47.549018722342765,48.82045882386416,51.64452959730389
2025-12-04,45.96577293019888,0.8392669418228412,136,50.293985086615066,0.8392669418228412,-4.328212954770305,0.8392669418232079,44.58517881090031,47.34636704949745,48.913390967316495,51.67457920591364
2025-12-05,45.96577293019888,0.8563112749676163,136,50.293985086615066,0.8563112749676163,-4.328212954770305,0.8563112749679757,44.55714088287715,47.37440497752061,48.885353039293335,51.7026171339368
2025-12-06,45.96577293019888,0.8730229089987642,136,50.293985086615066,0.8730229089987642,-4.328212954770305,0.8730229089991167,44.52965024489591,47.40189561550185,48.8578624013121,51.730107771918036
2025-12-07,46.072668706382835,0.8422028181732837,137,50.16024120749694,0.8422028181732837,-4.08757321695167,0.8422028181735774,44.68724507048778,47.45809234227789,48.774817571601886,51.54566484339199
2025-12-08,46.168107239707524,0.8137760018447231,138,50.14374959772711,0.8137760018447231,-3.9756430001849403,0.8137760018449678,44.82944571667296,47.50676876274209,48.80508807469254,51.482411120761675
2025-12-09,46.168107239707524,0.8313431188013664,138,50.14374959772711,0.8313431188013664,-3.9756430001849403,0.8313431188016059,44.80054780927928,47.53566667013577,48.776190167298864,51.51130902815535
2025-12-10,46.168107239707524,0.8485466287590699,138,50.14374959772711,0.8485466287590699,-3.9756430001849403,0.8485466287593045,44.77224803539885,47.563966444016195,48.74789039341844,51.53960880203578
2025-12-11,45.99791208617165,0.8307470762214353,139,50.210964754805616,0.8307470762214353,-4.213053260389826,0.8307470762216388,44.631333145787394,47.36449102655591,48.84438581442136,51.577543695189874
2025-12-12,45.99791208617165,0.8479626788075424,139,50.210964754805616,0.8479626788075424,-4.213053260389826,0.8479626788077418,44.603013479533246,47.39281069281006,48.81606614816721,51.60586336144402
2025-12-13,45.99791208617165,0.8648356518151084,139,50.210964754805616,0.8648356518151084,-4.213053260389826,0.8648356518153039,44.5752574389358,47.420566733407505,48.788310107569764,51.63361940204147
2025-12-14,45.99791208617165,0.8813856730458371,139,50.210964754805616,0.8813856730458371,-4.213053260389826,0.881385673046029,44.54803265401125,47.44779151833205,48.761085322645215,51.66084418696602
2025-12-15,45.90966333652474,0.8185211773667345,141,50.49678834451378,0.8185211773667345,-4.587125500036764,0.8185211773668772,44.56319599975646,47.256130673293015,49.150321007745504,51.84325568128206
2025-12-16,45.90966333652474,0.8359885871217533,141,50.49678834451378,0.8359885871217533,-4.587125500036764,0.8359885871218931,44.534462110709455,47.28486456234002,49.1215871186985,51.87198957032906
2025-12-17,45.90966333652474,0.8530984221048737,141,50.49678834451378,0.8530984221048737,-4.587125500036764,0.8530984221050106,44.50631643216222,47.31301024088725,49.09344144015127,51.900135248876296
2025-12-18,45.758328379342835,0.8346931141986222,142,50.53666632346427,0.8346931141986222,-4.7783383971759354,0.8346931141987409,44.3852582064861,47.13139855219957,49.16359615060753,51.909736496321
2025-12-19,45.758328379342835,0.8518289704457076,142,50.53666632346427,0.8518289704457076,-4.7783383971759354,0.851828970445824,44.35706972295964,47.15958703572603,49.135407667081076,51.93792497984746
2025-12-20,45.758328379342835,0.8686268444450668,142,50.53666632346427,0.8686268444450668,-4.7783383971759354,0.8686268444451809,44.3294372202307,47.18721953845497,49.107775164352134,51.9655574825764
2025-12-21,45.88555038858585,0.8385367785978658,143,50.37921907738504,0.8385367785978658,-4.4936690954335425,0.8385367785979609,44.506157387792356,47.26494338937934,48.999826076591546,51.75861207817853
2025-12-22,45.88555038858585,0.8555956574581747,143,50.37921907738504,0.8555956574581747,-4.4936690954335425,0.855595657458268,44.47809553206715,47.293005245104546,48.97176422086634,51.786673933903735
2025-12-23,46.00357530853107,0.8248374104395356,144,50.339058175724105,0.8248374104395356,-4.335483230763064,0.824837410439613,44.64671776835803,47.36043284870411,48.98220063555107,51.695915715897144
2025-12-24,46.00357530853107,0.8421738262737681,144,50.339058175724105,0.8421738262737681,-4.335483230763064,0.842173826273844,44.61819936431072,47.38895125275142,48.953682231503755,51.724434119944455
2025-12-25,46.00357530853107,0.8591604935404089,144,50.339058175724105,0.8591604935404089,-4.335483230763064,0.8591604935404833,44.590256296657095,47.41689432040504,48.92573916385013,51.75237718759808
2025-12-26,46.00357530853107,0.8758177628140452,144,50.339058175724105,0.8758177628140452,-4.335483230763064,0.875817762814118,44.562855088701966,47.44429552836017,48.898337955895,51.77977839555321
2025-12-27,46.00357530853107,0.8921640844937657,144,50.339058175724105,0.8921640844937657,-4.335483230763064,0.8921640844938373,44.53596538953882,47.471185227523314,48.87144825673186,51.80666809471635
2025-12-28,46.00357530853107,0.9082162482914513,144,50.339058175724105,0.9082162482914513,-4.335483230763064,0.9082162482915216,44.50955958009163,47.497591036970505,48.84504244728467,51.83307390416354
2025-12-29,46.00357530853107,0.9239895852554828,144,50.339058175724105,0.9239895852554828,-4.335483230763064,0.923989585255552,44.4836124407858,47.52353817627634,48.819095307978834,51.859021043469376
2025-12-30,45.31392328938994,0.8920427613416739,145,50.798027744637814,0.8920427613416739,-5.484104783016799,0.8920427613417321,43.846512946982884,46.781333631797,49.33061740223076,52.26543808704487
2025-12-31,45.31392328938994,0.9080970697354324,145,50.798027744637814,0.9080970697354324,-5.484104783016799,0.9080970697354895,43.82010360967515,46.80774296910473,49.304208064923024,52.2918474243526
2026-01-01,45.31392328938994,0.9238724414452889,145,50.798027744637814,0.9238724414452889,-5.484104783016799,0.9238724414453451,43.79415312321244,46.83369345556744,49.27825757846031,52.317797910815315
2026-01-02,45.31392328938994,0.9393829294074268,145,50.798027744637814,0.9393829294074268,-5.484104783016799,0.9393829294074821,43.76863837051472,46.85920820826516,49.252742825762596,52.34331266351303
2026-01-03,45.31392328938994,0.9546414447645141,145,50.798027744637814,0.9546414447645141,-5.484104783016799,0.9546414447645685,43.74353811275231,46.88430846602757,49.227642568000185,52.36841292127544
2026-01-04,45.31392328938994,0.9696598826712791,145,50.798027744637814,0.9696598826712791,-5.484104783016799,0.9696598826713326,43.71883278239569,46.909013796384194,49.20293723764356,52.39311825163207
2026-01-05,45.420606874147,0.8827521297759473,147,50.93990401211491,0.8827521297759473,-5.519297401515281,0.8827521297759852,43.96847962066556,46.87273412762843,49.48777675863347,52.392031265596344
2026-01-06,45.420606874147,0.8989723703340226,147,50.93990401211491,0.8989723703340226,-5.519297401515281,0.8989723703340597,43.94179732494753,46.899416423346466,49.46109446291544,52.41871356131438
2026-01-07,45.297109554539546,0.8742334444838777,148,50.858195533649194,0.8742334444838777,-5.561086219746117,0.8742334444839096,43.858995538363565,46.735223570715526,49.420081517473214,52.296309549825175
2026-01-08,45.666333950139716,0.8450406847576815,149,50.772622727246876,0.8450406847576815,-5.106288993749138,0.8450406847577082,44.27624202371333,47.0564258765661,49.38253080082049,52.16271465367326
2026-01-09,45.666333950139716,0.8619708573355199,149,50.772622727246876,0.8619708573355199,-5.106288993749138,0.8619708573355461,44.248391889822784,47.08427601045665,49.354680666929944,52.19056478756381
2026-01-10,45.666333950139716,0.8785748453579417,149,50.772622727246876,0.8785748453579417,-5.106288993749138,0.8785748453579675,44.2210783295259,47.11158957075353,49.32736710663306,52.21787834786069
2026-01-11,45.805696662247364,0.8468258661342318,150,50.58739081642583,0.8468258661342318,-4.781694348182215,0.8468258661342531,44.41266811245655,47.19872521203818,49.19436226663502,51.980419366216644
2026-01-12,45.92977633500069,0.8176236680337391,151,50.526365063606974,0.8176236680337391,-4.596588902454409,0.8176236680337567,44.584785401085185,47.27476726891619,49.18137412969147,51.87135599752248
2026-01-13,45.92977633500069,0.8351098505759263,151,50.526365063606974,0.8351098505759263,-4.596588902454409,0.8351098505759437,44.55602063080329,47.30353203919809,49.152609359409574,51.900120767804374
2026-01-14,45.78251676940256,0.8190753878504783,152,50.486198600164066,0.8190753878504783,-4.70368199134343,0.8190753878504933,44.43513775638853,47.1298957824166,49.13881958715003,51.8335776131781
2026-01-15,46.15794126088425,0.7984311542688707,153,50.35390279169244,0.7984311542688707,-4.195961677095703,0.7984311542688834,44.84452201211196,47.47136050965654,49.04048354292015,51.66732204046473
2026-01-16,45.73293754156298,0.7947800404370297,154,50.700144072693675,0.7947800404370297,-4.967206669797098,0.7947800404370412,44.42552437504407,47.040350708081895,49.39273090617476,52.00755723921259
2026-01-17,45.73293754156298,0.8127578438114803,154,50.700144072693675,0.8127578438114803,-4.967206669797098,0.8127578438114915,44.3959508884931,47.06992419463287,49.36315741962379,52.03713072576356
2026-01-18,45.73293754156298,0.8303465015745455,154,50.700144072693675,0.8303465015745455,-4.967206669797098,0.8303465015745565,44.36701754647286,47.09885753665311,49.33422407760355,52.0660640677838
2026-01-19,45.693547909972416,0.7800611303368196,156,50.88454604364021,0.7800611303368196,-5.19099825112433,0.780061130336828,44.41034735056835,46.97674846937648,49.60134548423615,52.16774660304428
2026-01-20,45.693547909972416,0.7983704447575427,156,50.88454604364021,0.7983704447575427,-5.19099825112433,0.798370444757551,44.38022852834626,47.006867291598574,49.571226662014055,52.19786542526637
2026-01-21,45.64468878391519,0.7869918237310352,157,50.75178337305481,0.7869918237310352,-5.107094698321565,0.7869918237310424,44.35008723387764,46.93929033395275,49.45718182301726,52.04638492309237
2026-01-22,46.08920980231765,0.7710040321615353,158,50.523369841505186,0.7710040321615353,-4.434160139306757,0.7710040321615416,44.82090816941192,47.35751143522337,49.25506820859946,51.79167147441091
2026-01-23,46.08920980231765,0.789523411691728,158,50.523369841505186,0.789523411691728,-4.434160139306757,0.7895234116917341,44.79044379008475,47.38797581455054,49.2246038292723,51.822135853738075
2026-01-24,46.08920980231765,0.8076182375413187,158,50.523369841505186,0.8076182375413187,-4.434160139306757,0.8076182375413247,44.76067780156218,47.41774180307311,49.19483784074972,51.85190184226065
2026-01-25,46.17144773070865,0.7871749678293959,159,50.385820293587884,0.7871749678293959,-4.21437265395839,0.7871749678294009,44.87654490862929,47.46635055278801,49.090917471508526,51.68072311566724
2026-01-26,46.247422206188425,0.7675127717675164,160,50.350442327077864,0.7675127717675164,-4.10302020361705,0.7675127717675205,44.98486369663086,47.50998071574599,49.0878838175203,51.61300083663543
2026-01-27,46.247422206188425,0.786114403141334,160,50.350442327077864,0.786114403141334,-4.10302020361705,0.7861144031413381,44.95426401302093,47.54058039935592,49.05728413391037,51.64360052024536
2026-01-28,46.09339385303187,0.7762356935379077,161,50.326424563807784,0.7762356935379077,-4.233030787833741,0.7762356935379112,44.81648613716201,47.37030156890173,49.04951684793792,51.603332279677645
2026-01-29,46.409934860257614,0.7617597674656819,162,50.21894821435225,0.7617597674656819,-3.8090134249086898,0.7617597674656851,45.156840042776565,47.66302967773866,48.9658533968712,51.4720430318333
2026-01-30,46.409934860257614,0.7804985223108176,162,50.21894821435225,0.7804985223108176,-3.8090134249086898,0.7804985223108206,45.12601479105632,47.69385492945891,48.93502814515096,51.502868283553546
2026-01-31,46.409934860257614,0.7987978112948043,162,50.21894821435225,0.7987978112948043,-3.8090134249086898,0.7987978112948073,45.09591246067766,47.72395725983757,48.9049258147723,51.53297061393221
2026-02-01,46.409934860257614,0.8166871759305211,162,50.21894821435225,0.8166871759305211,-3.8090134249086898,0.816687175930524,45.066484455851906,47.75338526466332,48.875497809946545,51.56239861875796
2026-02-02,46.064792312944434,0.7695204182840383,164,50.676212288163605,0.7695204182840383,-4.611420035478836,0.7695204182840405,44.79893122486719,47.33065340102168,49.41035120008636,51.94207337624085
2026-02-03,46.064792312944434,0.7880746628055246,164,50.676212288163605,0.7880746628055246,-4.611420035478836,0.7880746628055267,44.768409492629345,47.36117513325952,49.379829467848516,51.97259510847869
2026-02-04,45.85381201688161,0.7779577841636489,165,50.69850183353222,0.7779577841636489,-4.844689872761998,0.7779577841636509,44.57407146193241,47.13355257183081,49.41876127858302,51.97824238848142
2026-02-05,46.1910738072631,0.7632414227365485,166,50.56034124561973,0.7632414227365485,-4.369267489903772,0.7632414227365502,44.93554166686148,47.44660594766472,49.30480910521811,51.81587338602135
2026-02-06,46.1910738072631,0.7819446715598942,166,50.56034124561973,0.7819446715598942,-4.369267489903772,0.7819446715598958,44.904774822547076,47.47737279197913,49.274042260903705,51.84664023033576
2026-02-07,46.1910738072631,0.8002108905662999,166,50.56034124561973,0.8002108905662999,-4.369267489903772,0.8002108905663015,44.87472689228154,47.50742072224467,49.243994330638166,51.8766881606013
2026-02-08,46.174096046094434,0.7808794601023397,167,50.510552423293156,0.7808794601023397,-4.336456424165666,0.780879460102341,44.88954933422608,47.458642757962785,49.226005711424804,51.79509913516151
2026-02-09,46.15837623007203,0.7622364862521419,168,50.55474656802559,0.7622364862521419,-4.396370380679677,0.762236486252143,44.90449721018726,47.4122552499568,49.30086754814082,51.80862558791036
2026-02-10,46.15837623007203,0.780963802601639,168,50.55474656802559,0.780963802601639,-4.396370380679677,0.78096380260164,44.87369077479234,47.44306168535172,49.27006111274589,51.83943202330529
2026-02-11,45.94443306669276,0.7717077860889159,169,50.65264563659675,0.7717077860889159,-4.708212609735911,0.7717077860889169,44.67497375857649,47.21389237480903,49.383186328480484,51.92210494471302
2026-02-12,46.18948907109007,0.7578611236314421,170,50.60030355557461,0.7578611236314421,-4.41081452112194,0.757861123631443,44.94280752271635,47.436170619463795,49.35362200720089,51.846985103948334
2026-02-13,46.18948907109007,0.776693944042254,170,50.60030355557461,0.776693944042254,-4.41081452112194,0.7766939440422548,44.91182753314057,47.46715060903958,49.32264201762511,51.87796509352412
2026-02-14,46.18948907109007,0.7950808026307213,170,50.60030355557461,0.7950808026307213,-4.41081452112194,0.7950808026307221,44.881581150762536,47.49739699141761,49.292395635247075,51.90821147590215
2026-02-15,46.18948907109007,0.8130519557272538,170,50.60030355557461,0.8130519557272538,-4.41081452112194,0.8130519557272544,44.85201860391874,47.52695953826141,49.26283308840328,51.93777402274594
2026-02-16,45.73244625015139,0.7668265113444266,172,51.14466408111852,0.7668265113444266,-5.412217862191884,0.7668265113444271,44.47101663898981,46.99387586131297,49.88323446995694,52.4060936922801
2026-02-17,45.73244625015139,0.7854443955498467,172,51.14466408111852,0.7854443955498467,-5.412217862191884,0.7854443955498472,44.440390219471894,47.02450228083089,49.852608050439024,52.43672011179802
2026-02-18,45.47702882805775,0.7756469414091519,173,51.271627762778834,0.7756469414091519,-5.79459896380908,0.7756469414091525,44.20108960943969,46.752968046675804,49.99568854416078,52.54756698139689
2026-02-19,45.68118602592592,0.761253075382445,174,51.24964781963528,0.761253075382445,-5.568461820443568,0.7612530753824454,44.4289247169218,46.93344733493004,49.99738651063116,52.5019091286394
2026-02-20,45.21861584463937,0.7611415103459768,175,51.61996213892479,0.7611415103459768,-6.401346319742255,0.7611415103459771,43.96653806012024,46.470693629158504,50.36788435440566,52.87203992344392
2026-02-21,45.21861584463937,0.7798951203666776,175,51.61996213892479,0.7798951203666776,-6.401346319742255,0.779895120366678,43.93568837163619,46.50154331764256,50.33703466592161,52.902889611927975
2026-02-22,45.2000434455882,0.7635501271607538,176,51.567293567441666,0.7635501271607538,-6.367250145147637,0.763550127160754,43.94400348640876,46.45608340476764,50.31125360826223,52.823333526621106
2026-02-23,45.1826464406406,0.7474579952941426,177,51.60492437271969,0.7474579952941426,-6.4222779533474545,0.7474579952941429,43.95307803838174,46.412214842899466,50.375355970460824,52.83449277497855
2026-02-24,45.1826464406406,0.7665464465569837,177,51.60492437271969,0.7665464465569837,-6.4222779533474545,0.7665464465569839,43.92167753605437,46.44361534522684,50.34395546813345,52.86589327730592
2026-02-25,44.90856796824759,0.7590099893889288,178,51.76186775258858,0.7590099893889288,-6.853299804215702,0.7590099893889292,43.6599965357028,46.157139400792374,50.51329632004379,53.010439185133365
2026-02-26,45.149384118365006,0.7469057613329,179,51.702519833180176,0.7469057613329,-6.5531357331416835,0.7469057613329003,43.92072414097238,46.37804409575763,50.47385985578755,52.9311798105728
2026-02-27,45.149384118365006,0.7660079740526721,179,51.702519833180176,0.7660079740526721,-6.5531357331416835,0.7660079740526723,43.88930100104836,46.40946723568165,50.44243671586353,52.96260295049682
2026-02-28,45.149384118365006,0.7846452805645867,179,51.702519833180176,0.7846452805645867,-6.5531357331416835,0.784645280564587,43.85864263183626,46.44012560489375,50.41177834665143,52.99326131970892
2026-03-01,45.149384118365006,0.8028500584245349,179,51.702519833180176,0.8028500584245349,-6.5531357331416835,0.8028500584245352,43.828695772256644,46.47007246447337,50.381831487071814,53.02320817928854
2026-03-02,44.651811016380414,0.7588794292078324,181,52.27672426502557,0.7588794292078324,-7.6249132643165805,0.7588794292078326,43.40345435533353,45.9001676774273,51.02836760397869,53.525080926072455
2026-03-03,44.651811016380414,0.777687590279545,181,52.27672426502557,0.777687590279545,-7.6249132643165805,0.7776875902795453,43.37251493037056,45.931107102390264,50.99742817901572,53.55602035103542
2026-03-04,44.33905459899326,0.768825342177084,182,52.4598189693093,0.768825342177084,-8.12076438493383,0.7688253421770842,43.074336911111956,45.60377228687456,51.195101281428,53.724536657190605
2026-03-05,44.55106533652112,0.7553770794140094,183,52.423182908014816,0.7553770794140094,-7.872117584946806,0.7553770794140097,43.30847004088508,45.79366063215716,51.18058761237877,53.66577820365086
2026-03-06,44.55106533652112,0.7742703223707071,183,52.423182908014816,0.7742703223707071,-7.872117584946806,0.7742703223707074,43.27739065622131,45.82474001682093,51.149508227715,53.69685758831463
2026-03-07,44.55106533652112,0.7927133984638073,183,52.423182908014816,0.7927133984638073,-7.872117584946806,0.7927133984638074,43.247051796048154,45.855078876994085,51.11916936754185,53.72719644848778
2026-03-08,44.50289814579525,0.7744947534487623,184,52.38619358843439,0.7744947534487623,-7.883295454916342,0.7744947534487625,43.22885427637203,45.77694201521847,51.11214971901117,53.660237457857605
2026-03-09,44.178279341788596,0.7326796790257348,186,52.789800942588656,0.7326796790257348,-8.611521611282324,0.7326796790257348,42.97302126979126,45.38353741378593,51.58454287059132,53.99505901458599
2026-03-10,44.178279341788596,0.7521432789417544,186,52.789800942588656,0.7521432789417544,-8.611521611282324,0.7521432789417544,42.941003647929406,45.415555035647785,51.55252524872947,54.027076636447845
2026-03-11,43.850236292931854,0.7462911461106714,187,52.993166465520545,0.7462911461106714,-9.142930182406909,0.7462911461106714,42.622587357579796,45.07788522828391,51.76551753016849,54.2208154008726
2026-03-12,43.937180488318226,0.7359000875549234,188,53.06930239763007,0.7359000875549234,-9.132121918387615,0.7359000875549234,42.72662484429038,45.147736132346076,51.85874675360222,54.27985804165792
2026-03-13,43.49066976686577,0.7381170381829294,189,53.425655138955264,0.7381170381829294,-9.934985380757459,0.7381170381829294,42.27646723905485,44.70487229467669,52.211452611144345,54.63985766676618
2026-03-14,43.49066976686577,0.7574409297469605,189,53.425655138955264,0.7574409297469605,-9.934985380757459,0.7574409297469605,42.24467943743202,44.736660096299524,52.17966480952151,54.671645468389016
2026-03-15,43.458594832951,0.7504824361715742,190,53.59393928211592,0.7504824361715742,-10.135344457266267,0.7504824361715742,42.22405122544876,44.69313844045324,52.35939567461368,54.82848288961816
2026-03-16,43.10249958089778,0.7178970203320165,192,53.99266782193237,0.7178970203320165,-10.890168248085898,0.7178970203320165,41.92155898245161,44.28344017934395,52.8117272234862,55.17360842037854
2026-03-17,43.10249958089778,0.7377507247042104,192,53.99266782193237,0.7377507247042104,-10.890168248085898,0.7377507247042104,41.888899638759355,44.3160995230362,52.77906787979394,55.2062677640708
2026-03-18,42.790200588246606,0.7335494733395097,193,54.176731886002855,0.7335494733395097,-11.386531304375975,0.7335494733395097,41.58351170460311,43.9968894718901,52.97004300235936,55.38342076964635
2026-03-19,43.0256840876739,0.7248433353614538,194,54.09040221026394,0.7248433353614538,-11.064718128724113,0.7248433353614538,41.83331680100431,44.218051374343496,52.898034923594345,55.28276949693353
2026-03-20,42.963584560624,0.7216219063408132,195,54.14547335081009,0.7216219063408132,-11.181888795948781,0.7216219063408132,41.77651652469336,44.150652596554636,52.95840531487946,55.33254138674073
2026-03-21,42.963584560624,0.7413758666904051,195,54.14547335081009,0.7413758666904051,-11.181888795948781,0.7413758666904051,41.744021259918284,44.183147861329715,52.92591005010438,55.36503665151581
2026-03-22,42.963584560624,0.7606169704331803,195,54.14547335081009,0.7606169704331803,-11.181888795948781,0.7606169704331803,41.712369644261415,44.214799476986585,52.89425843444751,55.39668826717268
2026-03-23,42.96673217481499,0.7449385846314776,196,54.13289917921509,0.7449385846314776,-11.166167009664674,0.7449385846314776,41.74130820309621,44.192156146533776,52.907475207496304,55.35832315093387
2026-03-24,42.89960482022269,0.7246050467508107,197,54.29067667436583,0.7246050467508107,-11.39107185887767,0.7246050467508107,41.70762951831761,44.09158012212777,53.098701372460745,55.48265197627091
2026-03-25,42.46708402712747,0.7278391959937077,198,54.627502507273746,0.7278391959937077,-12.160418484673958,0.7278391959937077,41.26978854971782,43.664379504537116,53.4302070298641,55.82479798468339
2026-03-26,42.780163643452696,0.6477850144200805,202,54.595419441190785,0.6477850144200805,-11.815255801139022,0.6477850144200805,41.71455729473166,43.84576999217373,53.52981309246975,55.66102578991182
2026-03-27,42.780163643452696,0.6697204080116,202,54.595419441190785,0.6697204080116,-11.815255801139022,0.6697204080116,41.67847357227361,43.88185371463178,53.4937293700117,55.69710951236987
2026-03-28,42.780163643452696,0.690959785303909,202,54.595419441190785,0.690959785303909,-11.815255801139022,0.690959785303909,41.64353479662776,43.91679249027763,53.45879059436585,55.73204828801572
2026-03-29,42.796224142719055,0.6850802909955368,203,54.55192011447063,0.6850802909955368,-11.75569597490405,0.6850802909955368,41.669267064031395,43.923181221406715,53.42496303578297,55.67887719315829
2026-03-30,41.87642277190406,0.6531966924419228,206,55.29216332855011,0.6531966924419228,-13.415740559345679,0.6531966924419228,40.8019142128371,42.950931330971024,54.21765476948315,56.36667188761707
2026-03-31,41.87642277190406,0.6749562348901356,206,55.29216332855011,0.6749562348901356,-13.415740559345679,0.6749562348901356,40.766119765509785,42.986725778298336,54.181860322155835,56.402466334944386
2026-04-01,41.87642277190406,0.6960358604390063,206,55.29216332855011,0.6960358604390063,-13.415740559345679,0.6960358604390063,40.73144378148189,43.02140176232623,54.14718433812794,56.43714231897228
2026-04-02,41.87642277190406,0.7164955819941027,206,55.29216332855011,0.7164955819941027,-13.415740559345679,0.7164955819941027,40.69778753952376,43.05505800428436,54.11352809616981,56.47079856093041
2026-04-03,41.87642277190406,0.7363870714624666,206,55.29216332855011,0.7363870714624666,-13.415740559345679,0.7363870714624666,40.665066039348304,43.08777950445982,54.08080659599435,56.50352006110587
2026-04-04,41.87642277190406,0.755755197810156,206,55.29216332855011,0.755755197810156,-13.415740559345679,0.755755197810156,40.63320547150635,43.11964007230177,54.0489460281524,56.53538062894782
2026-04-05,41.87642277190406,0.7746392186153939,206,55.29216332855011,0.7746392186153939,-13.415740559345679,0.7746392186153939,40.60214125728174,43.150704286526384,54.01788181392779,56.566444843172434
2026-04-06,41.87642277190406,0.7930737160044254,206,55.29216332855011,0.7930737160044254,-13.415740559345679,0.7930737160044254,40.57181650907678,43.18102903473134,53.98755706572283,56.59676959137739
2026-04-07,41.87642277190406,0.811089340958854,206,55.29216332855011,0.811089340958854,-13.415740559345679,0.811089340958854,40.54218080602674,43.21066473778138,53.95792136267279,56.62640529442743
2026-04-08,41.87642277190406,0.828713411872324,206,55.29216332855011,0.828713411872324,-13.415740559345679,0.828713411872324,40.51318920937409,43.23965633443403,53.92892976602014,56.65539689108008
2026-04-09,41.87642277190406,0.8459704007925266,206,55.29216332855011,0.8459704007925266,-13.415740559345679,0.8459704007925266,40.48480146260035,43.26804408120777,53.9005420192464,56.68378463785382
2026-04-10,41.87642277190406,0.8628823320807236,206,55.29216332855011,0.8628823320807236,-13.415740559345679,0.8628823320807236,40.45698133563127,43.29586420817685,53.87272189227732,56.7116047648229
2026-04-11,41.87642277190406,0.8794691120312687,206,55.29216332855011,0.8794691120312687,-13.415740559345679,0.8794691120312687,40.42969608261262,43.3231494611955,53.84543663925867,56.73889001784155
2026-04-12,41.87642277190406,0.8957488035253345,206,55.29216332855011,0.8957488035253345,-13.415740559345679,0.8957488035253345,40.40291599010489,43.349929553703234,53.81865654675094,56.765670110349284
2026-04-13,41.87642277190406,0.9117378565229527,206,55.29216332855011,0.9117378565229527,-13.415740559345679,0.9117378565229527,40.376613997923805,43.376231545884316,53.792354554569854,56.791972102530366
2026-04-14,41.87642277190406,0.9274513027739345,206,55.29216332855011,0.9274513027739345,-13.415740559345679,0.9274513027739345,40.35076537884094,43.40208016496718,53.76650593548699,56.81782072161323
2026-04-15,41.87642277190406,0.9429029213111328,206,55.29216332855011,0.9429029213111328,-13.415740559345679,0.9429029213111328,40.325347466347246,43.427498077460875,53.741088022993296,56.843238634106925
2026-04-16,41.87642277190406,0.9581053799123916,206,55.29216332855011,0.9581053799123916,-13.415740559345679,0.9581053799123916,40.30033942194817,43.45250612185995,53.71607997859422,56.868246678506
2026-04-17,41.87642277190406,0.9730703566634163,206,55.29216332855011,0.9730703566634163,-13.415740559345679,0.9730703566634163,40.27572203519274,43.47712350861538,53.69146259183879,56.89286406526143
2026-04-18,41.87642277190406,0.9878086449394278,206,55.29216332855011,0.9878086449394278,-13.415740559345679,0.9878086449394278,40.2514775509787,43.50136799282942,53.66721810762475,56.91710854947547
2026-04-19,39.5,1.0023302444888453,206,56.9,1.0023302444888453,-17.4,1.0023302444888453,37.85116674781585,41.14883325218415,55.251166747815844,58.54883325218415
